,가게이름,가게 주소,음식 종류,가격 범위,리뷰개수,평점,lat,lng
1,새들러하우스,서울특별시 강남구 도산대로17길 10 B1,카페 / 디저트,만원 미만,104,4.4,37.5193417,127.024908
2,테일러커피,서울특별시 강남구 강남대로160길 31 1F,카페 / 디저트,만원 미만,10,4.3,37.5201201,127.0211953
3,컨플릭트 스토어,서울특별시 강남구 논현로159길 46-5,카페 / 디저트,만원 미만,5,4.3,37.5223137,127.0243003
4,마일스톤커피,서울특별시 강남구 논현로159길 49,카페 / 디저트,만원 미만,69,4.2,37.5218057,127.0243227
5,우유니아이스크림,서울특별시 강남구 압구정로8길 5 1F,카페 / 디저트,만원 미만,146,4.1,37.5229876,127.0213388
6,마카롱쿠튀르,서울특별시 강남구 논현로175길 109,카페 / 디저트,만원 미만,28,4.1,37.5222786,127.0205958
7,카카오빈,서울특별시 강남구 도산대로17길 43 1F,카페 / 디저트,만원 미만,19,4.1,37.5212328,127.02357
8,청수당갤러리,서울특별시 강남구 도산대로15길 32-4 1F,카페 / 디저트,만원 미만,40,4.0,37.5205992,127.0238803
9,노이에아트멍,서울특별시 강남구 도산대로23길 19,카페 / 디저트,만원 미만,23,4.0,37.5202186,127.0259147
10,이치서울,서울특별시 강남구 강남대로158길 21 2F,카페 / 디저트,만원 미만,21,4.0,37.5192314,127.0205123
11,이웃집통통이,서울특별시 강남구 논현로157길 29 101호,카페 / 디저트,만원 미만,7,4.0,37.5218987,127.0258634
12,레이브릭스,서울특별시 강남구 논현로153길 46,카페 / 디저트,만원 미만,79,3.9,37.5204794,127.024426
13,샌드커피논탄토,서울특별시 강남구 도산대로17길 35,카페 / 디저트,만원 미만,45,3.9,37.5208649,127.0238723
14,그레이 그리스트밀,서울특별시 강남구 압구정로2길 15,카페 / 디저트,만원 미만,29,3.9,37.5206993,127.019975
15,당옥,서울특별시 강남구 강남대로162길 22,카페 / 디저트,만원 미만,22,3.9,37.520066,127.0204278
16,나따오비까,서울특별시 강남구 압구정로2길 37 1F,카페 / 디저트,만원 미만,37,3.9,37.519349,127.0206691
17,웻커피,서울특별시 강남구 강남대로162길 18 1F,카페 / 디저트,만원 미만,21,3.9,37.519888,127.0200399
18,벤스쿠키,서울특별시 강남구 도산대로11길 33 1F,카페 / 디저트,만원 미만,22,3.9,37.5196015,127.0222168
19,랜디스도넛,서울특별시 강남구 도산대로15길 16,카페 / 디저트,만원 미만,17,3.9,37.5193161,127.0239954
20,빵어니스타,서울특별시 강남구 도산대로25길 43 1F,카페 / 디저트,만원 미만,13,3.9,37.5222902,127.0258154
21,오버더카운터,서울특별시 강남구 도산대로15길 9,카페 / 디저트,만원 미만,8,3.9,37.5188412,127.0237697
22,올데이사운드바,서울특별시 강남구 도산대로11길 34 1F,카페 / 디저트,만원 미만,4,3.9,37.51969589999999,127.0225244
23,카페그라쎄,서울특별시 강남구 도산대로17길 19,카페 / 디저트,만원 미만,21,3.8,37.5198285,127.0243914
24,이코복스커피,서울특별시 강남구 압구정로10길 37,카페 / 디저트,만원 미만,28,3.8,37.5211054,127.0222243
25,윌비,서울특별시 강남구 강남대로158길 26 M스페이스빌딩 1F 101호,카페 / 디저트,만원 미만,10,3.8,37.5191456,127.0209116
26,immute,서울특별시 강남구 논현로157길 36 1F,카페 / 디저트,만원 미만,10,3.8,37.5219502,127.0251161
27,듀자미,서울특별시 강남구 도산대로11길 28,카페 / 디저트,만원 미만,88,3.7,37.5193063,127.0225815
28,더앨리,서울특별시 강남구 압구정로12길 16,카페 / 디저트,만원 미만,73,3.7,37.5228819,127.0224036
29,하이 헤이 헬로우,서울특별시 강남구 도산대로15길 18,카페 / 디저트,만원 미만,27,3.7,37.5194529,127.0239687
30,식물학,서울특별시 강남구 강남대로154길 33 1F,카페 / 디저트,만원 미만,31,3.6,37.5183829,127.0216263
31,마망갸또,서울특별시 강남구 압구정로10길 30-12 마먕가또하우스,카페 / 디저트,만원 미만,41,3.6,37.5222286,127.0215263
32,아트씨,서울특별시 강남구 압구정로12길 34-5,카페 / 디저트,만원 미만,20,3.6,37.5214242,127.0223106
33,마치마치,서울특별시 강남구 도산대로11길 25,카페 / 디저트,만원 미만,11,3.6,37.5191057,127.0222979
34,C27,서울특별시 강남구 도산대로15길 39,카페 / 디저트,만원 미만,15,3.5,37.5206956,127.0232308
35,겟썸커피,서울특별시 강남구 논현로159길 46-6,카페 / 디저트,만원 미만,36,3.5,37.5223952,127.0244497
36,고디바,서울특별시 강남구 압구정로12길 45,카페 / 디저트,만원 미만,29,3.5,37.5209767,127.0230054
37,아러바우트,서울특별시 강남구 도산대로15길 36,카페 / 디저트,만원 미만,11,3.5,37.5206407,127.0235618
38,바오밥나무커피,서울특별시 강남구 도산대로17길 10 2F,카페 / 디저트,만원 미만,8,3.5,37.5193417,127.024908
39,아우어베이커리,서울특별시 강남구 강남대로162길 39,카페 / 디저트,만원 미만,31,3.4,37.5209207,127.0214676
40,카페뮬라,서울특별시 강남구 압구정로4길 13-12,카페 / 디저트,만원 미만,27,3.4,37.521923,127.0212939
41,카페키츠네,서울특별시 강남구 도산대로13길 23,카페 / 디저트,만원 미만,29,3.4,37.5196129,127.0227279
42,르사이트,서울특별시 강남구 도산대로11길 22,카페 / 디저트,만원 미만,14,3.4,37.5188383,127.0226543
43,빈스빈스,서울특별시 강남구 압구정로12길 50 태명빌딩 2F,카페 / 디저트,만원 미만,9,3.4,37.5206467,127.0227563
44,비비드,서울특별시 강남구 도산대로17길 44 104호,카페 / 디저트,만원 미만,6,3.4,37.5214242,127.0238401
45,콘센트커피바,서울특별시 강남구 압구정로2길 53,카페 / 디저트,만원 미만,11,3.3,37.5184597,127.0213278
46,도레도레,서울특별시 강남구 도산대로15길 40,카페 / 디저트,만원 미만,60,3.2,37.5208603,127.0234187
47,소진담,서울특별시 강남구 논현로161길 51,카페 / 디저트,만원 미만,26,3.2,37.5224355,127.0242036
48,피르마,서울특별시 강남구 논현로153길 28 1F,카페 / 디저트,만원 미만,4,3.0,37.52084850000001,127.0258092
49,에딸프,서울특별시 강남구 논현로161길 39 4F,카페 / 디저트,만원 미만,16,,37.5228517,127.0249562
50,트리타,서울특별시 강남구 강남대로162길 41-22 101호,카페 / 디저트,만원 미만,3,,37.5220364,127.0210537
51,카페포엠,서울특별시 강남구 압구정로4길 13-11,카페 / 디저트,만원 미만,6,,37.5222709,127.0209714
52,티이,서울특별시 강남구 강남대로162길 20  1F,카페 / 디저트,만원 미만,1,,37.51996140000001,127.0203059
53,스티머스커피팩토리,서울특별시 강남구 압구정로4길 10,카페 / 디저트,만원 미만,4,,37.5219712,127.0199255
54,나이스웨더,서울특별시 강남구 강남대로162길 39,카페 / 디저트,만원 미만,4,,37.5209207,127.0214676
55,미노스,서울특별시 강남구 압구정로12길 11,카페 / 디저트,만원 미만,9,,37.523188,127.0226926
56,카페드파리,서울특별시 강남구 논현로161길 59 2F,카페 / 디저트,만원 미만,5,,37.5221399,127.0235468
57,Arki Coffee,서울특별시 강남구 압구정로18길 10 1F,카페 / 디저트,만원 미만,4,,37.52414539999999,127.0243828
58,라에스키모,서울특별시 강남구 강남대로158길 42,카페 / 디저트,만원 미만,6,,37.5197467,127.0220124
59,소르비,서울특별시 강남구 압구정로2길 11,카페 / 디저트,만원 미만,2,,37.5208755,127.0197125
60,언더핑크 커피,서울특별시 강남구 도산대로15길 24,카페 / 디저트,만원 미만,4,,37.5198116,127.0238668
61,바잇미,서울특별시 강남구 강남대로156길 39,카페 / 디저트,만원 미만,4,,37.5189948,127.0220776
62,카페앤젤라또,서울특별시 강남구 가로수길 69 하이스트리트이탈리아 1F,카페 / 디저트,만원 미만,1,,37.524609,127.022951
63,카페봉수아,서울특별시 강남구 압구정로14길 42,카페 / 디저트,만원 미만,3,,37.5216025,127.0233875
64,RDBK 가로수,서울특별시 강남구 가로수길 62 3F,카페 / 디저트,만원 미만,3,,37.524609,127.022951
65,아르켓카페,서울특별시 강남구 가로수길 30,카페 / 디저트,만원 미만,3,,37.524609,127.022951
66,카페312,서울특별시 강남구 압구정로2길 57,카페 / 디저트,만원 미만,3,,37.5182236,127.0214316
67,도봉관,서울특별시 강남구 강남대로 628 비율라빌딩,카페 / 디저트,만원 미만,4,,37.517832,127.0194141
68,아카이브25,서울특별시 강남구 압구정로8길 3 1F,카페 / 디저트,만원 미만,1,,37.5230595,127.0212191
69,모드드비,서울특별시 강남구 압구정로2길 46 1F,카페 / 디저트,만원 미만,5,,37.518739,127.0206714
70,에픽,서울특별시 강남구 강남대로156길 13,카페 / 디저트,만원 미만,1,,37.5181964,127.0202226
71,스타벅스,서울특별시 강남구 가로수길 59,카페 / 디저트,만원 미만,2,,37.524609,127.022951
72,크림슨젤라또,서울특별시 강남구 도산대로11길 33 화성빌라,카페 / 디저트,만원 미만,3,,37.5196015,127.0222168
73,텅플래닛 신사,서울특별시 강남구 도산대로11길 31 4F,카페 / 디저트,만원 미만,3,,37.5194895,127.0219626
74,올드페리도넛,서울특별시 강남구 강남대로162길 35  1F,카페 / 디저트,만원 미만,3,,37.5207243,127.0211421
75,스타벅스,서울특별시 강남구 논현로175길 94,카페 / 디저트,만원 미만,2,,37.5231593,127.021625
76,니블스,서울특별시 강남구 논현로161길 57 103호,카페 / 디저트,만원 미만,3,,37.5222042,127.0236976
77,플래시커피,서울특별시 강남구 압구정로8길 20 B1-1F,카페 / 디저트,만원 미만,1,,37.522359,127.0220348
78,핑크멜로우,서울특별시 강남구 강남대로158길 27 1-2F,카페 / 디저트,만원 미만,1,,37.5194552,127.0208725
79,미야갤러리카페,서울특별시 강남구 도산대로11길 25 2F,카페 / 디저트,만원 미만,3,,37.5191057,127.0222979
80,더플랫로스터스,서울특별시 강남구 논현로153길 59,카페 / 디저트,만원 미만,2,,37.519958,127.0234814
81,VVS,서울특별시 강남구 강남대로160길 37 1F,카페 / 디저트,만원 미만,3,,37.5203064,127.0215944
82,크렘크럼블,서울특별시 강남구 도산대로17길 41,카페 / 디저트,만원 미만,1,,37.5211523,127.0236457
83,슈만드젠,서울특별시 강남구 도산대로11길 43,카페 / 디저트,만원 미만,2,,37.5201773,127.0221086
84,빈터커피,서울특별시 강남구 강남대로162길 41-22 101호,카페 / 디저트,만원 미만,5,,37.5220364,127.0210537
85,보나르떼플라워카페,서울특별시 강남구 논현로161길 41,카페 / 디저트,만원 미만,3,,37.5227619,127.0247831
86,미엘드파리,서울특별시 강남구 도산대로15길 6 대화빌딩 3F 301호,카페 / 디저트,만원 미만,3,,37.5185754,127.0240888
87,매머드커피,서울특별시 강남구 논현로159길 34,카페 / 디저트,만원 미만,1,,37.5225996,127.0253102
88,굿투고,서울특별시 강남구 논현로157길 41 101-202호,카페 / 디저트,만원 미만,1,,37.5214235,127.0248458
89,로우앤하이,서울특별시 강남구 논현로157길 55 1F,카페 / 디저트,만원 미만,1,,37.5207534,127.0242199
90,배스킨라빈스,서울특별시 강남구 도산대로11길 15,카페 / 디저트,만원 미만,4,,37.5183656,127.0223641
91,웜브라운 베이커리카페,서울특별시 강남구 논현로159길 41 ,카페 / 디저트,만원 미만,3,,37.5221516,127.0249563
92,유니드마이요거트,서울특별시 강남구 강남대로162길 27-6 ,카페 / 디저트,만원 미만,1,,37.520736,127.0207008
93,D.BETTY,서울특별시 강남구 도산대로11길 31-8 B1,카페 / 디저트,만원 미만,1,,37.5193489,127.0217472
94,퍼플래빗,서울특별시 강남구 압구정로8길 5 B1,카페 / 디저트,만원 미만,2,,37.5229876,127.0213388
95,라르고템포,서울특별시 강남구 도산대로15길 32-10 3F,카페 / 디저트,만원 미만,1,,37.520898,127.0235144
96,라떼킹,서울특별시 강남구 강남대로160길 21,카페 / 디저트,만원 미만,0,,37.5197664,127.020477
97,블루오너,서울특별시 강남구 논현로153길 54 1F,카페 / 디저트,만원 미만,3,,37.520353,127.0238518
98,캔디드샷커피,서울특별시 강남구 논현로161길 39 202호,카페 / 디저트,만원 미만,1,,37.5228517,127.0249562
99,빈스드림,서울특별시 강남구 도산대로1길 36 1F,카페 / 디저트,만원 미만,2,,37.5190821,127.0196658
100,립합,서울특별시 강남구 압구정로4길 14-14 ,카페 / 디저트,만원 미만,2,,37.5210425,127.0197442
101,코지아일랜드,서울특별시 강남구 가로수길 31-5,카페 / 디저트,만원 미만,1,,37.524609,127.022951
102,카페노티드,서울특별시 강남구 압구정로10길 30-1  신사옐로우바켓 B1,카페 / 디저트,만원 미만,1,,37.52159,127.0217745
103,트루라이트,서울특별시 강남구 도산대로17길 22,카페 / 디저트,만원 미만,2,,37.5200068,127.0245995
104,야카모즈로스팅,서울특별시 강남구 논현로151길 32,카페 / 디저트,만원 미만,1,,37.5198135,127.0255206
105,캔플,서울특별시 강남구 도산대로17길 37-1,카페 / 디저트,만원 미만,1,,37.5209107,127.0236296
106,체크플리즈,서울특별시 강남구 강남대로162길 39  1F,카페 / 디저트,만원 미만,1,,37.5209207,127.0214676
107,투썸플레이스,서울특별시 강남구 강남대로152길 22,카페 / 디저트,만원 미만,1,,37.5180262,127.0224203
108,라이크커피,서울특별시 강남구 도산대로15길 11 102호,카페 / 디저트,만원 미만,1,,37.5190215,127.0237719
109,하프커피,서울특별시 강남구 압구정로 110 ,카페 / 디저트,만원 미만,1,,37.5229557,127.0208697
110,카페에이빈,서울특별시 강남구 도산대로17길 44,카페 / 디저트,만원 미만,1,,37.5214242,127.0238401
111,평화다방,서울특별시 강남구 강남대로158길 45,카페 / 디저트,만원 미만,1,,37.5200295,127.0221094
112,그레인바운더리,서울특별시 강남구 도산대로17길 37-1,카페 / 디저트,만원 미만,1,,37.5209107,127.0236296
113,11빌리지팩토리,서울특별시 강남구 압구정로14길 42,카페 / 디저트,만원 미만,1,,37.5216025,127.0233875
114,릴트,서울특별시 강남구 강남대로156길 27 1F,카페 / 디저트,만원 미만,1,,37.5187091,127.0213042
115,아르넬,서울특별시 강남구 압구정로4길 14-10 1F,카페 / 디저트,만원 미만,1,,37.5212238,127.0198731
116,삐아프,서울특별시 강남구 논현로175길 109  1F,카페 / 디저트,만원-2만원,56,4.7,37.5222786,127.0205958
117,소나,서울특별시 강남구 강남대로162길 40 2F 201호,카페 / 디저트,만원-2만원,112,4.2,37.5205699,127.0216509
118,맥파이앤타이거 신사티룸,서울특별시 강남구 논현로153길 44 클레어스서울 2F,카페 / 디저트,만원-2만원,5,4.0,37.5204975,127.0246407
119,르브런쉭,서울특별시 강남구 강남대로162길 41-22 오로라빌,카페 / 디저트,만원-2만원,73,3.8,37.5220364,127.0210537
120,도쿄수플레,서울특별시 강남구 압구정로10길 34-1,카페 / 디저트,만원-2만원,11,2.7,37.5213383,127.0218434
121,라빠뜨,서울특별시 강남구 도산대로19길 49,카페 / 디저트,만원-2만원,4,,37.5216574,127.0240373
122,아카시아,서울특별시 강남구 도산대로13길 31-1,카페 / 디저트,만원-2만원,2,,37.5199235,127.0226899
123,빌라레코드,서울특별시 강남구 도산대로15길 18 B2,카페 / 디저트,2만원-3만원,3,,37.5194529,127.0239687
124,썸띵어바웃커피,서울특별시 강남구 강남대로102길 30 1-3F,카페 / 디저트,만원 미만,42,4.2,37.5027899,127.0278026
125,리퍼크,서울특별시 강남구 강남대로 382 메리츠타워 1F,카페 / 디저트,만원 미만,17,4.0,37.4970794,127.028718
126,마키아티,서울특별시 강남구 강남대로84길 15 효성해링턴타워 더 퍼스트 106호,카페 / 디저트,만원 미만,7,4.0,37.4968317,127.0298284
127,정월,서울특별시 강남구 강남대로102길 46 1F,카페 / 디저트,만원 미만,50,3.9,37.5036192,127.0286107
128,겟썸커피 다운스테어,서울특별시 강남구 봉은사로6길 30,카페 / 디저트,만원 미만,57,3.9,37.5030385,127.0272429
129,스크렘,서울특별시 강남구 봉은사로4길 17,카페 / 디저트,만원 미만,68,3.9,37.5032087,127.0266454
130,트리오드,서울특별시 강남구 강남대로94길 28 유니언타운 LF,카페 / 디저트,만원 미만,15,3.9,37.4996032,127.029589
131,어그리커피,서울특별시 강남구 논현로 63길 16,카페 / 디저트,만원 미만,20,3.9,37.4921786,127.0379488
132,커먼위켄드,서울특별시 강남구 봉은사로6길 34  스타제이빌딩 1F,카페 / 디저트,만원 미만,5,3.9,37.5027982,127.0273897
133,알베르 ,서울특별시 강남구 강남대로102길 34,카페 / 디저트,만원 미만,119,3.8,37.5030004,127.0280905
134,꽃을피우고,서울특별시 강남구 봉은사로18길 80,카페 / 디저트,만원 미만,43,3.8,37.5015607,127.0273458
135,IFMT,서울특별시 강남구 역삼로 121,카페 / 디저트,만원 미만,5,3.8,37.4940264,127.0326443
136,가배도,서울특별시 강남구 강남대로110길 13 2-3F,카페 / 디저트,만원 미만,43,3.6,37.5039952,127.0259106
137,크라프트카페,서울특별시 강남구 강남대로102길 38-5,카페 / 디저트,만원 미만,9,3.6,37.5032963,127.028573
138,랑데자뷰,서울특별시 강남구 봉은사로6길 39 1F,카페 / 디저트,만원 미만,26,3.5,37.5026477,127.0279289
139,브라운홀릭,서울특별시 강남구 강남대로98길 25,카페 / 디저트,만원 미만,18,3.5,37.5010479,127.0286417
140,까치화방,서울특별시 강남구 봉은사로4길 23,카페 / 디저트,만원 미만,13,3.5,37.5032701,127.0266959
141,파란만잔,서울특별시 강남구 봉은사로2길 21 1-2F,카페 / 디저트,만원 미만,7,3.5,37.5032978,127.0261221
142,만랩커피,서울특별시 강남구 강남대로94길 15 2F,카페 / 디저트,만원 미만,11,3.5,37.4996118,127.028562
143,브릭샌드,서울특별시 강남구 강남대로 374-2  강남역 신분당선 B1 4호,카페 / 디저트,만원 미만,4,3.5,37.4872446,127.0327813
144,어반레빗,서울특별시 강남구 강남대로102길 21,카페 / 디저트,만원 미만,15,3.4,37.50245880000001,127.0272007
145,그레이스케일커피,서울특별시 강남구 강남대로102길 38,카페 / 디저트,만원 미만,8,3.4,37.5032514,127.0282637
146,더달달,서울특별시 강남구 강남대로102길 38-6 1F,카페 / 디저트,만원 미만,26,3.3,37.5031401,127.0284212
147,설빙,서울특별시 강남구 강남대로102길 14 장연빌딩 2F,카페 / 디저트,만원 미만,21,3.3,37.5018641,127.0269901
148,빈스플,서울특별시 강남구 강남대로102길 23,카페 / 디저트,만원 미만,29,3.3,37.502574,127.0272953
149,카페프레도,서울특별시 강남구 봉은사로18길 66,카페 / 디저트,만원 미만,10,3.3,37.50238,127.027921
150,라뜰리에,서울특별시 강남구 강남대로 352 SPC스퀘어 2F,카페 / 디저트,만원 미만,33,3.2,37.4943415,127.0299322
151,카페블라썸,서울특별시 강남구 강남대로102길 25,카페 / 디저트,만원 미만,14,3.2,37.5026651,127.0274174
152,더카페 868,서울특별시 강남구 테헤란로2길 22,카페 / 디저트,만원 미만,17,3.2,37.4966876,127.0290658
153,평화다방,서울특별시 강남구 강남대로94길 10 2F,카페 / 디저트,만원 미만,11,3.2,37.4991618,127.0281867
154,설빙,서울특별시 강남구 봉은사로2길 21 1F,카페 / 디저트,만원 미만,10,3.2,37.5032978,127.0261221
155,가비터,서울특별시 강남구 강남대로106길 29,카페 / 디저트,만원 미만,26,3.1,37.5034605,127.0278301
156,빌리엔젤,서울특별시 강남구 테헤란로1길 48 강남ELS빌딩,카페 / 디저트,만원 미만,44,2.9,37.50146280000001,127.0269512
157,강남커피,서울특별시 강남구 강남대로102길 13-5,카페 / 디저트,만원 미만,10,,37.5022547,127.0267057
158,오너스,서울특별시 강남구 봉은사로4길 19 3F,카페 / 디저트,만원 미만,5,,37.5035061,127.0265877
159,팔공티,서울특별시 강남구 강남대로 324-2 강남역지하쇼핑센터 B-26,카페 / 디저트,만원 미만,8,,37.4985723,127.0280428
160,앙트레블,서울특별시 강남구 강남대로102길 45 B1,카페 / 디저트,만원 미만,5,,37.50382430000001,127.0282416
161,백미당,서울특별시 강남구 강남대로 358,카페 / 디저트,만원 미만,5,,37.4950229,127.0297839
162,문화시민서울,서울특별시 강남구 강남대로62길 35 2F,카페 / 디저트,만원 미만,2,,37.4910542,127.0343393
163,카페바이이브릭,서울특별시 강남구 역삼로 122 하나빌딩 1F,카페 / 디저트,만원 미만,3,,37.4937114,127.0330496
164,빌리엔젤,서울특별시 강남구 강남대로94길 10,카페 / 디저트,만원 미만,2,,37.4991618,127.0281867
165,욕망의북카페,서울특별시 강남구 강남대로102길 45 2-3F,카페 / 디저트,만원 미만,2,,37.50382430000001,127.0282416
166,매머드커피,서울특별시 강남구 역삼로 113 오성빌딩 1F,카페 / 디저트,만원 미만,7,,37.4937616,127.0314768
167,봄커피,서울특별시 강남구 역삼로 120,카페 / 디저트,만원 미만,3,,37.4935769,127.0326581
168,빌리엔젤,서울특별시 강남구 강남대로 358 104호,카페 / 디저트,만원 미만,4,,37.4950229,127.0297839
169,더카페,서울특별시 강남구 강남대로84길 15 효성해링턴타워 더퍼스트 101호,카페 / 디저트,만원 미만,1,,37.4968317,127.0298284
170,굿브라더스페이스,서울특별시 강남구 테헤란로5길 36 풍림지오빌,카페 / 디저트,만원 미만,3,,37.5007927,127.0290624
171,뜰,서울특별시 강남구 역삼로5길 12-1,카페 / 디저트,만원 미만,2,,37.4948287,127.0323615
172,파라노이드,서울특별시 강남구 강남대로62길 3 1F,카페 / 디저트,만원 미만,1,,37.4903635,127.0318548
173,로플로플,서울특별시 강남구 강남대로 318-2 B1 B-31호,카페 / 디저트,만원 미만,4,,37.4915374,127.0311781
174,땡스브레드앤커피,서울특별시 강남구 강남대로62길 34,카페 / 디저트,만원 미만,1,,37.4908245,127.0342416
175,랭스커피앤워크,서울특별시 강남구 테헤란로2길 32 ,카페 / 디저트,만원 미만,2,,37.4960239,127.0294442
176,부스터,서울특별시 강남구 테헤란로6길 46 1F,카페 / 디저트,만원 미만,1,,37.4956062,127.0313529
177,디초콜릿커피앤드,서울특별시 강남구 테헤란로4길 14 미림타워 1F,카페 / 디저트,만원 미만,2,,37.4972885,127.0296076
178,어퍼앤언더,서울특별시 강남구 강남대로102길 28 B1-2F,카페 / 디저트,만원 미만,2,,37.502699,127.0277076
179,커피빈,서울특별시 강남구 강남대로 442 흥국화재빌딩 2F,카페 / 디저트,만원 미만,4,,37.4868431,127.0325347
180,TENN Coffee Beer,서울특별시 강남구 강남대로102길 13 1F,카페 / 디저트,만원 미만,2,,37.5019926,127.0268392
181,메이크썸커피,서울특별시 강남구 강남대로66길 11,카페 / 디저트,만원 미만,2,,37.4920283,127.0318163
182,비유어거트,서울특별시 강남구 테헤란로4길 6 125호,카페 / 디저트,만원 미만,1,,37.4965345,127.0302544
183,마이디주스,서울특별시 강남구 테헤란로5길 31 금성빌딩 1F,카페 / 디저트,만원 미만,2,,37.5006549,127.0287442
184,오커피,서울특별시 강남구 도곡로5길 21 1F,카페 / 디저트,만원 미만,2,,37.4917592,127.033395
185,아마스빈,서울특별시 강남구 테헤란로4길 32 역삼우정에쉐르 102호,카페 / 디저트,만원 미만,1,,37.4962612,127.0301445
186,카페밀브리지,서울특별시 강남구 역삼로 112,카페 / 디저트,만원 미만,1,,37.4932072,127.0313126
187,에이비카페,서울특별시 강남구 봉은사로4길 31,카페 / 디저트,만원 미만,2,,37.5028014,127.0269011
188,보노,서울특별시 강남구 강남대로96길 22 1F,카페 / 디저트,만원 미만,2,,37.4999118,127.0287707
189,일상비일상의틈,서울특별시 강남구 강남대로 426 2F,카페 / 디저트,만원 미만,1,,37.5005376,127.0267427
190,엔젤북카페,서울특별시 강남구 테헤란로8길 40 ,카페 / 디저트,만원 미만,1,,37.4962374,127.0320798
191,106길15,서울특별시 강남구 강남대로106길 15 B1,카페 / 디저트,만원 미만,1,,37.503086,127.0267729
192,마노핀,서울특별시 강남구 강남대로 324-2,카페 / 디저트,만원 미만,1,,37.4921103,127.03094
193,스타벅스,서울특별시 강남구 강남대로 456,카페 / 디저트,만원 미만,1,,37.50310109999999,127.0255479
194,빽다방,서울특별시 강남구 테헤란로4길 46,카페 / 디저트,만원 미만,1,,37.4953323,127.0303725
195,커피앤레스트,서울특별시 강남구 봉은사로18길 84 스탠다드 네트웍스,카페 / 디저트,만원 미만,1,,37.5012304,127.027505
196,보드스쿨,서울특별시 강남구 테헤란로1길 16 삼원빌딩 4F,카페 / 디저트,만원 미만,1,,37.4993858,127.027918
197,아티제,서울특별시 강남구 강남대로 378 1F,카페 / 디저트,만원 미만,1,,37.4966163,127.0286189
198,와플대학,서울특별시 강남구 강남대로 302-2 강남역 지하상가,카페 / 디저트,만원 미만,1,,37.4872446,127.0327813
199,스타벅스,서울특별시 강남구 역삼로 123,카페 / 디저트,만원 미만,1,,37.4941005,127.0330019
200,플렌티,서울특별시 강남구 역삼로 109 SK허브젠 105호,카페 / 디저트,만원 미만,1,,37.4936281,127.0309928
201,금성커피,서울특별시 강남구 도곡로3길 22,카페 / 디저트,만원 미만,1,,37.4915689,127.0328298
202,투썸플레이스,서울특별시 강남구 강남대로 362,카페 / 디저트,만원 미만,1,,37.49526760000001,127.0294042
203,셀렉티드마롱,서울특별시 강남구 테헤란로4길 37 1F,카페 / 디저트,만원 미만,1,,37.4965345,127.0302544
204,카페온화,서울특별시 강남구 봉은사로4길 37 2F,카페 / 디저트,만원 미만,1,,37.5024002,127.027094
205,로컬커피,서울특별시 강남구 강남대로84길 15  강남효성해링턴타워 109호,카페 / 디저트,만원 미만,1,,37.4968317,127.0298284
206,던킨도너츠,서울특별시 강남구 강남대로 324-2,카페 / 디저트,만원 미만,1,,37.4921103,127.03094
207,스타벅스,서울특별시 강남구 봉은사로 304 금강빌딩,카페 / 디저트,만원 미만,1,,37.5089596,127.0404373
208,스타벅스,서울특별시 강남구 강남대로 328 쉐르빌,카페 / 디저트,만원 미만,1,,37.4872446,127.0327813
209,Gars Coffee,서울특별시 강남구 역삼로14길 12,카페 / 디저트,만원 미만,1,,37.4937035,127.0353592
210,원퍼밀,서울특별시 강남구 강남대로106길 7  1F,카페 / 디저트,만원 미만,1,,37.502939,127.0262105
211,커피빈,서울특별시 강남구 테헤란로 111 대건빌딩,카페 / 디저트,만원 미만,1,,37.4987197,127.0293613
212,공차,서울특별시 강남구 강남대로84길 16  제이스타워 103호,카페 / 디저트,만원 미만,1,,37.4966925,127.0300611
213,메가커피,서울특별시 강남구 강남대로 438 스타플렉스 209호,카페 / 디저트,만원 미만,1,,37.50166249999999,127.0263628
214,더벤티,서울특별시 강남구 강남대로 346-2  강남역지하상가쇼핑센터 B 22-33호,카페 / 디저트,만원 미만,1,,37.4872446,127.0327813
215,크리스피크림도넛,서울특별시 강남구 강남대로 376 강남8258빌딩 B1,카페 / 디저트,만원 미만,1,,37.4872446,127.0327813
216,폴인팬케이크,서울특별시 강남구 봉은사로6길 29 매사빌딩,카페 / 디저트,만원-2만원,41,3.6,37.5028764,127.0281122
217,원아베뉴,서울특별시 강남구 테헤란로7길 11,카페 / 디저트,만원-2만원,4,,37.4998502,127.0303763
218,모벰버,서울특별시 강남구 봉은사로16길 17,카페 / 디저트,만원-2만원,3,,37.504953,127.0297335
219,와플몬스터,서울특별시 강남구 강남대로96길 12 2F,카페 / 디저트,만원-2만원,1,,37.4997005,127.0280598
220,카페인더무드,서울특별시 강남구 일원로5길 10,카페 / 디저트,만원 미만,4,3.9,37.4908055,127.0816942
221,식물관PH,서울특별시 강남구 광평로34길 24,카페 / 디저트,만원 미만,15,3.8,37.4795828,127.0885477
222,카페알케미,서울특별시 강남구 양재대로53길 7,카페 / 디저트,만원 미만,9,3.7,37.4912089,127.087236
223,마티스커피,서울특별시 강남구 논현로12길 21,카페 / 디저트,만원 미만,11,3.4,37.4750763,127.0492854
224,카페 플라밍고,서울특별시 강남구 개포로 216 1F,카페 / 디저트,만원 미만,4,,37.47839250000001,127.0464168
225,블랑커피,서울특별시 강남구 개포로22길 54 1F,카페 / 디저트,만원 미만,9,,37.4757764,127.0500713
226,아티제,서울특별시 강남구 일원로 81 삼성의료원 본관 B1,카페 / 디저트,만원 미만,4,,37.4895177,127.0861511
227,늘보 커피로스터스,서울특별시 강남구 헌릉로569길 13 라온프라이빗시티 105호,카페 / 디저트,만원 미만,3,,37.466266,127.1167873
228,카페두레브,서울특별시 강남구 헌릉로569길 23,카페 / 디저트,만원 미만,7,,37.466266,127.1167873
229,오프더쉘프,서울특별시 강남구 일원로5길 13,카페 / 디저트,만원 미만,1,,37.4911782,127.0818797
230,Birthday,서울특별시 강남구 밤고개로1길 10 수서현대밴쳐빌 105호,카페 / 디저트,만원 미만,4,,37.4879855,127.1017774
231,홍팥집,서울특별시 강남구 헌릉로570길 34,카페 / 디저트,만원 미만,1,,37.466266,127.1167873
232,카페밤고개로,서울특별시 강남구 밤고개로 286-1 1F,카페 / 디저트,만원 미만,2,,37.4686478,127.1069954
233,엔소,서울특별시 강남구 밤고개로14길 25-4,카페 / 디저트,만원 미만,1,,37.4810446,127.1028329
234,글린커피,서울특별시 강남구 개포로21길 7,카페 / 디저트,만원 미만,2,,37.47921669999999,127.0468371
235,더마실카페,서울특별시 강남구 헌릉로590길 68 강남지역자활센터 1F,카페 / 디저트,만원 미만,1,,37.4629612,127.101282
236,우종호의커피볶는집,서울특별시 강남구 개포로15길 34 내외빌딩 1F,카페 / 디저트,만원 미만,1,,37.4802484,127.0461901
237,폴인커피,서울특별시 강남구 밤고개로 231 훼미리타운,카페 / 디저트,만원 미만,1,,37.4737808,127.1065697
238,모노치즈,서울특별시 강남구 밤고개로1길 10 수서현대벤처빌 B1,카페 / 디저트,만원 미만,1,,37.4879855,127.1017774
239,젬스커피,서울특별시 강남구 양재대로27길 14,카페 / 디저트,만원 미만,2,,37.4900484,127.0817815
240,폴바셋,서울특별시 강남구 일원로 115 101호,카페 / 디저트,만원 미만,2,,37.4890175,127.0824833
241,커피더주다,서울특별시 강남구 개포로28길 19 1F,카페 / 디저트,만원 미만,1,,37.4779039,127.0500874
242,와팡,서울특별시 강남구 밤고개로 76-2 SRT수서역,카페 / 디저트,만원 미만,1,,37.4854707,127.1043787
243,빈스토리,서울특별시 강남구 개포로 506 청우빌딩 102호,카페 / 디저트,만원 미만,1,,37.48915700000001,127.0674352
244,송커피,서울특별시 강남구 논현로18길 14-6 1F,카페 / 디저트,만원 미만,1,,37.4774755,127.0463471
245,카페단비,서울특별시 강남구 광평로10길 50,카페 / 디저트,만원 미만,1,,37.4805253,127.0824996
246,샐프레소,서울특별시 강남구 자곡로 180,카페 / 디저트,만원 미만,1,,37.474172,127.0950243
247,카페픽처레스크,서울특별시 강남구 자곡로7길 32-2,카페 / 디저트,만원 미만,2,,37.5172363,127.0473248
248,붕크,서울특별시 강남구 광평로 228,카페 / 디저트,만원 미만,1,,37.485193,127.0977345
249,러빙헛,서울특별시 강남구 개포로22길 35,카페 / 디저트,만원 미만,1,,37.4768588,127.0494267
250,고다방,서울특별시 강남구 논현로4길 36 1F,카페 / 디저트,만원 미만,1,,37.4736304,127.0529192
251,카페올,서울특별시 강남구 논현로16길 12,카페 / 디저트,만원 미만,1,,37.4762371,127.0474109
252,그라운드 오리진,서울특별시 강남구 밤고개로23길 16,카페 / 디저트,만원 미만,1,,37.4734487,127.1083085
253,다임,서울특별시 강남구 광평로 295 수서사이룩스,카페 / 디저트,만원 미만,2,,37.48843979999999,127.1041681
254,이디야커피,서울특별시 강남구 개포로109길 34,카페 / 디저트,만원 미만,2,,37.4941735,127.0776294
255,커피잔,서울특별시 강남구 일원로5길 30,카페 / 디저트,만원 미만,1,,37.4914706,127.0830996
256,커피인류,서울특별시 강남구 영동대로 22,카페 / 디저트,만원 미만,1,,37.5121481,127.0609078
257,쎄쎄종,서울특별시 강남구 언주로146길 39 주영빌딩 1F,카페 / 디저트,만원 미만,49,4.5,37.5206526,127.0380761
258,구테로이테,서울특별시 강남구 선릉로131길 16,카페 / 디저트,만원 미만,34,4.3,37.5176135,127.0396385
259,이디야커피랩,서울특별시 강남구 논현로 636,카페 / 디저트,만원 미만,77,4.1,37.5104381,127.032971
260,티티엠,서울특별시 강남구 언주로133길 11,카페 / 디저트,만원 미만,11,4.0,37.5160703,127.0342659
261,투썸플레이스,서울특별시 강남구 강남대로 476 1F,카페 / 디저트,만원 미만,15,3.9,37.5048707,127.0247761
262,맷카페,서울특별시 강남구 학동로50길 42,카페 / 디저트,만원 미만,12,3.9,37.5139316,127.0406178
263,라이프커피,서울특별시 강남구 선릉로 741,카페 / 디저트,만원 미만,21,3.9,37.5204309,127.0398457
264,에이앤아더,서울특별시 강남구 학동로 313 1F,카페 / 디저트,만원 미만,8,3.9,37.516224,127.0374234
265,오묘한 과자점,서울특별시 강남구 삼성로149길 1F,카페 / 디저트,만원 미만,14,3.9,37.5230978,127.0463578
266,카페베이직먼트,서울특별시 강남구 언주로150길 35 2F,카페 / 디저트,만원 미만,7,3.9,37.5217864,127.0371211
267,원더시티 뉴욕컵케이크,서울특별시 강남구 강남대로 556 논현빌딩 1F,카페 / 디저트,만원 미만,90,3.8,37.5111861,127.020743
268,카페 델 꼬또네,서울특별시 강남구 선릉로 711  103호,카페 / 디저트,만원 미만,6,3.8,37.5183528,127.0405793
269,세익스피어 베케이션,서울특별시 강남구 논현로136길 19,카페 / 디저트,만원 미만,14,3.7,37.5163188,127.0315954
270,Orner,서울특별시 강남구 봉은사로 327 1F,카페 / 디저트,만원 미만,5,3.7,37.5101538,127.0426456
271,해피해피케이크,서울특별시 강남구 선릉로111길 5,카페 / 디저트,만원 미만,18,3.6,37.5107646,127.0431898
272,천장지구,서울특별시 강남구 언주로150길 51 2F,카페 / 디저트,만원 미만,8,3.6,37.5221261,127.038334
273,Sweet Planet,서울특별시 강남구 선릉로131길 23,카페 / 디저트,만원 미만,39,3.5,37.5171683,127.0390753
274,마츄피츄,서울특별시 강남구 선릉로121길 15,카페 / 디저트,만원 미만,21,3.5,37.5136671,127.0410001
275,수목금토,서울특별시 강남구 강남대로136길 63,카페 / 디저트,만원 미만,12,3.5,37.51366489999999,127.023287
276,커피휘엘,서울특별시 강남구 논현로149길 62,카페 / 디저트,만원 미만,7,3.5,37.5169547,127.0235884
277,우나스,서울특별시 강남구 도산대로 318 SB타워상가동 2F,카페 / 디저트,만원 미만,4,3.4,37.5219756,127.0363404
278,지유가오카핫초메,서울특별시 강남구 강남대로118길 59,카페 / 디저트,만원 미만,5,,37.5074078,127.0278049
279,체임버 커피,서울특별시 강남구 강남대로 512,카페 / 디저트,만원 미만,2,,37.50798899999999,127.0233263
280,터치카페,서울특별시 강남구 논현로131길 12 1F,카페 / 디저트,만원 미만,4,,37.514417,127.0292264
281,벤앤제리스,서울특별시 강남구 학동로43길 38 B1 20호,카페 / 디저트,만원 미만,6,,37.5184174,127.0380027
282,백미당공방,서울특별시 강남구 언주로149길 8,카페 / 디저트,만원 미만,6,,37.5203159,127.0333041
283,인터랙트,서울특별시 강남구 강남대로118길 16,카페 / 디저트,만원 미만,2,,37.5065248,127.0248564
284,공부차,서울특별시 강남구 학동로18길 21,카페 / 디저트,만원 미만,1,,37.5114459,127.0276485
285,해나마카롱,서울특별시 강남구 논현로136길 3,카페 / 디저트,만원 미만,3,,37.5159272,127.0303244
286,오브젝티브 커피로스터스,서울특별시 강남구 언주로134길 25 1F,카페 / 디저트,만원 미만,5,,37.5170008,127.0376543
287,벨뷰그릭요거트 ,서울특별시 강남구 언주로147길 37,카페 / 디저트,만원 미만,5,,37.5190623,127.0312454
288,카페카푸치노,서울특별시 강남구 봉은사로 155 호텔 카푸치노 1F,카페 / 디저트,만원 미만,1,,37.5067961,127.0315248
289,서울호떡,서울특별시 강남구 논현로149길 19,카페 / 디저트,만원 미만,2,,37.518064,127.0268703
290,아티제,서울특별시 강남구 도산대로12길 13 포바강남타워,카페 / 디저트,만원 미만,2,,37.5169306,127.02416
291,디저트39,서울특별시 강남구 학동로 208,카페 / 디저트,만원 미만,1,,37.5140368,127.0319744
292,바나프레소,서울특별시 강남구 도산대로 158,카페 / 디저트,만원 미만,1,,37.51846630000001,127.026054
293,디초콜릿커피앤드,서울특별시 강남구 강남대로 556 논현빌딩 1F,카페 / 디저트,만원 미만,3,,37.5111861,127.020743
294,드립 팩토리,서울특별시 강남구 논현로122길 18 1F,카페 / 디저트,만원 미만,1,,37.5119756,127.0335665
295,바세츠아이스크림,서울특별시 강남구 강남대로114길 13 광명빌딩 1F,카페 / 디저트,만원 미만,1,,37.5060061,127.0253269
296,카페더스노우,서울특별시 강남구 강남대로118길 40,카페 / 디저트,만원 미만,3,,37.5070464,127.0264818
297,태기커피,서울특별시 강남구 학동로 313 1F,카페 / 디저트,만원 미만,1,,37.516224,127.0374234
298,커피렉라보,서울특별시 강남구 도산대로46길 16 1-2F,카페 / 디저트,만원 미만,1,,37.5209513,127.0363694
299,파이굽는집,서울특별시 강남구 언주로147길 4 1F,카페 / 디저트,만원 미만,1,,37.5201144,127.0338507
300,카페코너,서울특별시 강남구 논현로136길 3,카페 / 디저트,만원 미만,1,,37.5159272,127.0303244
301,오씨씨,서울특별시 강남구 봉은사로29길 10 1-2F,카페 / 디저트,만원 미만,1,,37.5084259,127.0347128
302,투썸플레이스,서울특별시 강남구 학동로 335 다른타워,카페 / 디저트,만원 미만,1,,37.5169404,127.0396415
303,북카페레벤,서울특별시 강남구 학동로 116,카페 / 디저트,만원 미만,3,,37.5115481,127.0236486
304,카페써드,서울특별시 강남구 선릉로131길 11,카페 / 디저트,만원 미만,2,,37.5173618,127.0398296
305,홀리데이세븐,서울특별시 강남구 학동로 158 율암빌딩 108호,카페 / 디저트,만원 미만,3,,37.5129034,127.0282439
306,마이미에뜨,서울특별시 강남구 논현로149길 35 동보빌딩 3F 303호,카페 / 디저트,만원 미만,3,,37.5175833,127.0257227
307,경성꽈배기,서울특별시 강남구 강남대로124길 10,카페 / 디저트,만원 미만,1,,37.5088173,127.0234738
308,일레븐바이원,서울특별시 강남구 논현로149길 53,카페 / 디저트,만원 미만,1,,37.5169894,127.0242927
309,전광수커피하우스,서울특별시 강남구 언주로148길 31,카페 / 디저트,만원 미만,3,,37.5210796,127.0370657
310,크로마커피,서울특별시 강남구 강남대로 516 제아메디컬빌딩 1F 102호,카페 / 디저트,만원 미만,1,,37.5082306,127.0231252
311,할리스커피,서울특별시 강남구 강남대로 478,카페 / 디저트,만원 미만,2,,37.5050679,127.024656
312,끌레르 봉봉,서울특별시 강남구 논현로113길 13 103호,카페 / 디저트,만원 미만,1,,37.5082456,127.032065
313,카페1257,서울특별시 강남구 학동로 146 와일리타워 1F,카페 / 디저트,만원 미만,1,,37.5124788,127.0269236
314,웨스트커프하우스,서울특별시 강남구 도산대로54길 10 1F,카페 / 디저트,만원 미만,1,,37.52197630000001,127.0384174
315,코버커피,서울특별시 강남구 언주로125길 11,카페 / 디저트,만원 미만,2,,37.5128201,127.0343598
316,N646,서울특별시 강남구 논현로 646 1F,카페 / 디저트,만원 미만,2,,37.5113768,127.032399
317,더벤티,서울특별시 강남구 선릉로 705 남산빌딩,카페 / 디저트,만원 미만,2,,37.51791619999999,127.0407455
318,버뮤다 드링크트럭,서울특별시 강남구 학동로2길 19 세일빌딩 101-5호,카페 / 디저트,만원 미만,1,,37.51002039999999,127.0229469
319,바나프레소,서울특별시 강남구 학동로 205,카페 / 디저트,만원 미만,1,,37.5144154,127.0313372
320,씨벨커피,서울특별시 강남구 논현로136길 26 1F,카페 / 디저트,만원 미만,1,,37.5162552,127.032086
321,투투원비,서울특별시 강남구 학동로43길 6,카페 / 디저트,만원 미만,2,,37.5163673,127.0374204
322,카페코너,서울특별시 강남구 선릉로 725,카페 / 디저트,만원 미만,2,,37.5193092,127.0401937
323,휙휙쉐이크,서울특별시 강남구 봉은사로29길 35 B2 21호,카페 / 디저트,만원 미만,2,,37.5096909,127.0334919
324,스타벅스,서울특별시 강남구 도산대로 134 2F,카페 / 디저트,만원 미만,1,,37.5172519,127.0233424
325,이에나파이,서울특별시 강남구 도산대로50길 9,카페 / 디저트,만원 미만,3,,37.5217122,127.0376255
326,더테이블,서울특별시 강남구 강남대로132길 12,카페 / 디저트,만원 미만,1,,37.5122011,127.0222059
327,홍콩다방,서울특별시 강남구 학동로 343 B1 B104호,카페 / 디저트,만원 미만,1,,37.517398,127.0406221
328,데쎄르룸,서울특별시 강남구 봉은사로51길 13,카페 / 디저트,만원 미만,1,,37.51089109999999,127.0424597
329,네버랜드,서울특별시 강남구 봉은사로7길 32 1F,카페 / 디저트,만원 미만,1,,37.5075978,127.0272448
330,에스프레소진,서울특별시 강남구 논현로114길 10,카페 / 디저트,만원 미만,1,,37.5085334,127.0341956
331,스타벅스,서울특별시 강남구 강남대로 538 정일빌딩,카페 / 디저트,만원 미만,3,,37.5101814,127.0222168
332,그린마일커피,서울특별시 강남구 선릉로127길 11 다인빌딩,카페 / 디저트,만원 미만,1,,37.5153709,127.040881
333,볼트커피바,서울특별시 강남구 봉은사로25길 28 1F 101호,카페 / 디저트,만원 미만,2,,37.5087903,127.0322299
334,컴앤쉽,서울특별시 강남구 강남대로124길 45 ,카페 / 디저트,만원 미만,2,,37.5098187,127.0258022
335,커피플리즈,서울특별시 강남구 학동로 117 1F,카페 / 디저트,만원 미만,1,,37.5120408,127.0236366
336,골드레이블커피,서울특별시 강남구 도산대로6길 8 B1,카페 / 디저트,만원 미만,1,,37.5161192,127.0213719
337,제이콥스라운지커피,서울특별시 강남구 논현로 660,카페 / 디저트,만원 미만,1,,37.5128782,127.0316636
338,파퓰러커피,서울특별시 강남구 강남대로128길 69 1F,카페 / 디저트,만원 미만,1,,37.5122451,127.0269855
339,너티너티,서울특별시 강남구 도산대로30길 32 ,카페 / 디저트,만원 미만,1,,37.5178499,127.0300937
340,카페바이아우어,서울특별시 강남구 학동로34길 14  1F,카페 / 디저트,만원 미만,1,,37.5136741,127.0333432
341,디저트앤커피 언커먼,서울특별시 강남구 논현로142길 32  B1,카페 / 디저트,만원 미만,1,,37.517691,127.0317009
342,맥널티커피팩토리,서울특별시 강남구 언주로114길 19,카페 / 디저트,만원 미만,1,,37.510307,127.0392175
343,테그42,서울특별시 강남구 도산대로 332 문화빌딩,카페 / 디저트,만원 미만,2,,37.5224857,127.0382427
344,와리가리커피,서울특별시 강남구 학동로20길 42,카페 / 디저트,만원 미만,1,,37.5108693,127.0275451
345,로지브라운,서울특별시 강남구 봉은사로37길 7-8 1F,카페 / 디저트,만원 미만,1,,37.5087613,127.0361755
346,엘리에나 카페,서울특별시 강남구 논현로 645,카페 / 디저트,만원 미만,1,,37.5110945,127.0313812
347,엔커피스튜디오,서울특별시 강남구 강남대로 492 2F,카페 / 디저트,만원 미만,1,,37.5061581,127.0240989
348,스타벅스,서울특별시 강남구 선릉로 669 상경빌딩,카페 / 디저트,만원 미만,3,,37.5165849,127.0412433
349,로시망고,서울특별시 강남구 강남대로118길 7,카페 / 디저트,만원 미만,1,,37.5063493,127.0243316
350,굄519카페,서울특별시 강남구 논현로149길 50,카페 / 디저트,만원 미만,1,,37.5173245,127.0245055
351,로칼커피,서울특별시 강남구 선릉로111길 11 1F,카페 / 디저트,만원 미만,1,,37.5105318,127.0426
352,슈퍼커피,서울특별시 강남구 선릉로 713,카페 / 디저트,만원 미만,1,,37.5185372,127.0405498
353,스무디킹,서울특별시 강남구 강남대로 512,카페 / 디저트,만원 미만,1,,37.50798899999999,127.0233263
354,어멍떡집,서울특별시 강남구 언주로 604,카페 / 디저트,만원 미만,1,,37.5093526,127.0388621
355,화이티코,서울특별시 강남구 학동로 342 B1 B103호,카페 / 디저트,만원 미만,1,,37.516722,127.0408208
356,해머스미스커피,서울특별시 강남구 학동로25길 11 씨플레이스 102호,카페 / 디저트,만원 미만,1,,37.5143611,127.0287769
357,황제꽈배기,서울특별시 강남구 학동로4길 32 ,카페 / 디저트,만원 미만,1,,37.509398,127.0236246
358,메구제과,서울특별시 강남구 학동로42길 67,카페 / 디저트,만원 미만,1,,37.511265,127.037461
359,스타벅스,서울특별시 강남구 도산대로 328,카페 / 디저트,만원 미만,1,,37.52236449999999,127.0379543
360,모스가든,서울특별시 강남구 논현로139길 12,카페 / 디저트,만원-2만원,3,,37.516645,127.0283107
361,파타티파타타,서울특별시 강남구 학동로 338  상가동 B2,카페 / 디저트,만원-2만원,1,,37.5164665,127.0404191
362,델리아마도르,서울특별시 강남구 언주로 640 1F,카페 / 디저트,2만원-3만원,1,,37.514021,127.0358805
363,껠끄쇼즈,서울특별시 강남구 도곡로70길 5,카페 / 디저트,만원 미만,124,4.6,37.49695579999999,127.05661
364,모찌방,서울특별시 강남구 삼성로75길 41,카페 / 디저트,만원 미만,69,4.3,37.5024807,127.0548791
365,카페레이어스튜디오,서울특별시 강남구 삼성로75길 40 1F,카페 / 디저트,만원 미만,17,4.0,37.5027386,127.0548962
366,에피큐어,서울특별시 강남구 역삼로64길 22 1F,카페 / 디저트,만원 미만,19,4.0,37.4995456,127.0531439
367,스위트에삐,서울특별시 강남구 선릉로64길 23,카페 / 디저트,만원 미만,33,3.9,37.4982571,127.0541565
368,희카롱,서울특별시 강남구 삼성로75길 42,카페 / 디저트,만원 미만,18,3.9,37.5026658,127.0547049
369,커피블룸,서울특별시 강남구 선릉로64길 11-10 1F,카페 / 디저트,만원 미만,13,3.9,37.4985722,127.0529911
370,ORBY,서울특별시 강남구 도곡로 401 롯데백화점 강남점 콘란샵,카페 / 디저트,만원 미만,14,3.9,37.496941,127.05332
371,여의도떡방,서울특별시 강남구 삼성로 150,카페 / 디저트,만원 미만,5,3.9,37.5027999,127.0590717
372,소운빙,서울특별시 강남구 선릉로68길 9 1F,카페 / 디저트,만원 미만,7,3.9,37.4990743,127.0524645
373,커피인류,서울특별시 강남구 삼성로 212 은마상가동 1F 187호,카페 / 디저트,만원 미만,5,3.8,37.4974576,127.0653265
374,노크노크,서울특별시 강남구 도곡로 521,카페 / 디저트,만원 미만,20,3.6,37.4999854,127.0632084
375,르브런쉭,서울특별시 강남구 삼성로 350,카페 / 디저트,만원 미만,18,3.6,37.5028201,127.0591274
376,사푼사푼,서울특별시 강남구 영동대로 416 KT&G타워 1F,카페 / 디저트,만원 미만,8,3.3,37.50654189999999,127.0653161
377,스타벅스리저브,서울특별시 강남구 남부순환로 2947 대원빌딩,카페 / 디저트,만원 미만,13,3.3,37.4945186,127.0626332
378,나따오비까,서울특별시 강남구 선릉로64길 26,카페 / 디저트,만원 미만,19,3.1,37.4981546,127.0544021
379,더보이,서울특별시 강남구 영동대로82길 11,카페 / 디저트,만원 미만,6,,37.507239,127.0654997
380,라쥬니 ,서울특별시 강남구 도곡로 516,카페 / 디저트,만원 미만,5,,37.4991258,127.0629873
381,던킨,서울특별시 강남구 테헤란로 422  KT타워 1F,카페 / 디저트,만원 미만,1,,37.5054006,127.0528513
382,커피브루어,서울특별시 강남구 남부순환로391길 15,카페 / 디저트,만원 미만,9,,37.4928558,127.0569285
383,오소커피로스터스,서울특별시 강남구 선릉로68길 12,카페 / 디저트,만원 미만,3,,37.4990021,127.0527855
384,커피볶는김판다,서울특별시 강남구 삼성로 324,카페 / 디저트,만원 미만,5,,37.5007989,127.0601254
385,팥고당,서울특별시 강남구 삼성로 315 청하빌딩,카페 / 디저트,만원 미만,8,,37.4889348,127.0679352
386,꽃티움,서울특별시 강남구 역삼로69길 5 1F,카페 / 디저트,만원 미만,2,,37.50191530000001,127.0537021
387,미라쥬양과점,서울특별시 강남구 도곡로78길 9 1F,카페 / 디저트,만원 미만,3,,37.4974668,127.0593359
388,펠어커피,서울특별시 강남구 삼성로85길 11,카페 / 디저트,만원 미만,1,,37.5046812,127.056471
389,아티제,서울특별시 강남구 도곡로 510,카페 / 디저트,만원 미만,4,,37.4989815,127.0621669
390,디저트39,서울특별시 강남구 선릉로64길 28,카페 / 디저트,만원 미만,4,,37.4982026,127.0545519
391,카페파이,서울특별시 강남구 선릉로62길 29,카페 / 디저트,만원 미만,4,,37.4978848,127.0549201
392,팔월마카롱,서울특별시 강남구 선릉로72길 21 1F,카페 / 디저트,만원 미만,1,,37.5005348,127.0527853
393,올어라운드커피,서울특별시 강남구 영동대로85길 20-7 우협빌딩 1F,카페 / 디저트,만원 미만,2,,37.5073491,127.0616297
394,아나카롱,서울특별시 강남구 삼성로 212 은마종합상가 1F A블럭 164호,카페 / 디저트,만원 미만,2,,37.4952468,127.0635611
395,키쏘커피,서울특별시 강남구 남부순환로 2927 대치 클래시아 132호,카페 / 디저트,만원 미만,3,,37.4935825,127.0603741
396,카페레바브,서울특별시 강남구 영동대로65길 10,카페 / 디저트,만원 미만,1,,37.5020227,127.065489
397,서피라니,서울특별시 강남구 삼성로69길 10 진풍휴먼빌 1F,카페 / 디저트,만원 미만,1,,37.5017392,127.0582689
398,스타벅스,서울특별시 강남구 테헤란로 518,카페 / 디저트,만원 미만,1,,37.5075512,127.060561
399,라헬의부엌,서울특별시 강남구 선릉로62길 27-3 1F,카페 / 디저트,만원 미만,3,,37.4979477,127.0546761
400,경성꽈배기,서울특별시 강남구 선릉로 338 1F 104호,카페 / 디저트,만원 미만,2,,37.4998521,127.0514741
401,스타벅스,서울특별시 강남구 영동대로 215,카페 / 디저트,만원 미만,2,,37.4979557,127.0685027
402,제네럴스토어,서울특별시 강남구 테헤란로98길 6-9,카페 / 디저트,만원 미만,1,,37.5076058,127.0615319
403,투썸플레이스,서울특별시 강남구 테헤란로 508,카페 / 디저트,만원 미만,6,,37.5067872,127.0579725
404,미당,서울특별시 강남구 선릉로 334,카페 / 디저트,만원 미만,4,,37.4995496,127.0516182
405,로스터리함,서울특별시 강남구 테헤란로68길 46,카페 / 디저트,만원 미만,4,,37.5022237,127.0532775
406,아이스걸크림보이,서울특별시 강남구 역삼로63길 15,카페 / 디저트,만원 미만,3,,37.5020859,127.0520532
407,스타벅스,서울특별시 강남구 남부순환로 2936 윈플러스상가,카페 / 디저트,만원 미만,6,,37.4933099,127.0619031
408,우리집젤라또,서울특별시 강남구 선릉로68길 7 103호,카페 / 디저트,만원 미만,3,,37.4990269,127.0522819
409,아르고티,서울특별시 강남구 역삼로 432,카페 / 디저트,만원 미만,3,,37.5014148,127.0543146
410,경기떡집,서울특별시 강남구 도곡로 401,카페 / 디저트,만원 미만,2,,37.4969255,127.0532731
411,앙떼띠 커피로스터리,서울특별시 강남구 영동대로 326 3F,카페 / 디저트,만원 미만,2,,37.5037712,127.0664647
412,트러스트커피,서울특별시 강남구 선릉로90길 56 대우아이빌명문가,카페 / 디저트,만원 미만,1,,37.5050714,127.0537731
413,126카페,서울특별시 강남구 삼성로 150 미도아파트1차 상가,카페 / 디저트,만원 미만,2,,37.5027999,127.0590717
414,디저트티엔티,서울특별시 강남구 삼성로 231 ,카페 / 디저트,만원 미만,1,,37.4977808,127.0609707
415,스타벅스,서울특별시 강남구 도곡로 511 ,카페 / 디저트,만원 미만,1,,37.499591,127.0622226
416,카페컴플렉스,서울특별시 강남구 역삼로 555,카페 / 디저트,만원 미만,4,,37.4990748,127.0470296
417,카페딜라잇,서울특별시 강남구 테헤란로68길 46 ,카페 / 디저트,만원 미만,1,,37.5022237,127.0532775
418,대가떡,서울특별시 강남구 남부순환로 2915 우일빌딩,카페 / 디저트,만원 미만,3,,37.4928992,127.058864
419,대치동꽈배기,서울특별시 강남구 도곡로 516 삼성상가 1F,카페 / 디저트,만원 미만,3,,37.4991258,127.0629873
420,커피인류,서울특별시 강남구 영동대로82길 29  대신빌딩 B1,카페 / 디저트,만원 미만,2,,37.5075459,127.0670523
421,팔공티,서울특별시 강남구 남부순환로 2936 원플러스상가 102호,카페 / 디저트,만원 미만,1,,37.4933099,127.0619031
422,테라커피,서울특별시 강남구 삼성로 212 B블럭 2F 216호,카페 / 디저트,만원 미만,1,,37.4974576,127.0653265
423,매머드익스프레스,서울특별시 강남구 도곡로 442,카페 / 디저트,만원 미만,1,,37.4979285,127.058811
424,유로스커피로스터스,서울특별시 강남구 테헤란로84길 12  마루빌딩 1F,카페 / 디저트,만원 미만,1,,37.506353,127.0583207
425,한스,서울특별시 강남구 삼성로 151,카페 / 디저트,만원 미만,5,,37.4920987,127.0625605
426,오가다,서울특별시 강남구 역삼로64길 9 대성빌딩 1F,카페 / 디저트,만원 미만,3,,37.5004403,127.0531326
427,원두가게가토,서울특별시 강남구 선릉로86길 28,카페 / 디저트,만원 미만,2,,37.5035491,127.0520347
428,강남타이야끼코히카페,서울특별시 강남구 남부순환로 2942 ,카페 / 디저트,만원 미만,2,,37.4935978,127.0622998
429,트레스텔레,서울특별시 강남구 테헤란로 518 B1,카페 / 디저트,만원 미만,1,,37.5075512,127.060561
430,노란꼬무줄,서울특별시 강남구 선릉로 424,카페 / 디저트,만원 미만,2,,37.5028629,127.0500619
431,우유니아이스크림,서울특별시 강남구 도곡로78길 6,카페 / 디저트,만원 미만,2,,37.4976987,127.0589202
432,마키아티,서울특별시 강남구 삼성로85길 43 호성빌딩 1F,카페 / 디저트,만원 미만,1,,37.5041541,127.0538876
433,필아웃커피,서울특별시 강남구 역삼로63길 15,카페 / 디저트,만원 미만,1,,37.5020859,127.0520532
434,아마당,서울특별시 강남구 도곡로77길 8  102호,카페 / 디저트,만원 미만,1,,37.498867,127.0586533
435,플래시커피,서울특별시 강남구 도곡로 447 1F,카페 / 디저트,만원 미만,1,,37.4986559,127.0593018
436,커피진심베이커리,서울특별시 강남구 테헤란로114길 20 B102호,카페 / 디저트,만원 미만,1,,37.5083121,127.0667464
437,커피의향기,서울특별시 강남구 남부순환로 2917 청실종합상가 117호,카페 / 디저트,만원 미만,1,,37.4931563,127.0591304
438,압구정볶는커피,서울특별시 강남구 남부순환로 2907,카페 / 디저트,만원 미만,4,,37.4925092,127.0559479
439,카페그라노,서울특별시 강남구 역삼로64길 15,카페 / 디저트,만원 미만,1,,37.5000979,127.0532545
440,팔공티,서울특별시 강남구 선릉로 312,카페 / 디저트,만원 미만,2,,37.4974998,127.0526427
441,요거트맨,서울특별시 강남구 남부순환로 2917 120-가호,카페 / 디저트,만원 미만,2,,37.49312949999999,127.059154
442,떡함지,서울특별시 강남구 남부순환로 2927 대치 클래시아,카페 / 디저트,만원 미만,1,,37.4935825,127.0603741
443,커피레이,서울특별시 강남구 도곡로 433,카페 / 디저트,만원 미만,1,,37.4980643,127.0576479
444,폴바셋,서울특별시 강남구 도곡로 401 롯데백화점 신관 1F,카페 / 디저트,만원 미만,1,,37.4969255,127.0532731
445,굿스 고로케&꽈배기,서울특별시 강남구 도곡로 516 1동 113호,카페 / 디저트,만원 미만,1,,37.4991258,127.0629873
446,공차,서울특별시 강남구 삼성로 155 대치퍼스트빌딩,카페 / 디저트,만원 미만,1,,37.4938946,127.0629079
447,바나프레소,서울특별시 강남구 도곡로 451 한나빌딩 1F,카페 / 디저트,만원 미만,1,,37.4988468,127.0597359
448,스타벅스,서울특별시 강남구 영동대로86길 12 동남유화빌딩,카페 / 디저트,만원 미만,1,,37.5078813,127.0652928
449,백미당,서울특별시 강남구 도곡로 401 롯데백화점 강남점 B1,카페 / 디저트,만원 미만,1,,37.496941,127.05332
450,카페 아미치,서울특별시 강남구 삼성로 212 은마아파트,카페 / 디저트,만원 미만,1,,37.4974576,127.0653265
451,공차,서울특별시 강남구 선릉로 314 103호,카페 / 디저트,만원 미만,1,,37.49777780000001,127.0523689
452,자미당,서울특별시 강남구 선릉로68길 11,카페 / 디저트,만원 미만,1,,37.4991583,127.0527168
453,커피빈,서울특별시 강남구 도곡로 408 102호,카페 / 디저트,만원 미만,1,,37.4964429,127.0552323
454,싸프란겔,서울특별시 강남구 선릉로82길 20,카페 / 디저트,만원 미만,1,,37.5026159,127.0516201
455,어그리커피,서울특별시 강남구 선릉로64길 11-10 1F,카페 / 디저트,만원 미만,1,,37.4985722,127.0529911
456,은마낙원떡집,서울특별시 강남구 삼성로 212 은마아파트 상가 A-37,카페 / 디저트,만원 미만,1,,37.4976464,127.0648791
457,배스킨라빈스,서울특별시 강남구 선릉로64길 5,카페 / 디저트,만원 미만,1,,37.4978042,127.0526264
458,카페선릉,서울특별시 강남구 테헤란로64길 8 롯데골드로즈오피스텔,카페 / 디저트,만원 미만,1,,37.50412710000001,127.050742
459,예담떡,서울특별시 강남구 삼성로 151,카페 / 디저트,만원 미만,1,,37.4920987,127.0625605
460,빽다방,서울특별시 강남구 도곡로77길 8,카페 / 디저트,만원 미만,1,,37.498867,127.0586533
461,더라운지,서울특별시 강남구 테헤란로 606 파크하얏트 서울호텔 24F,카페 / 디저트,4만원 이상,25,3.6,37.5085791,127.0641676
462,원포셰,서울특별시 강남구 논현로26길 46-8  1F,카페 / 디저트,만원 미만,5,4.4,37.4834673,127.0460979
463,앤플로우 커피,서울특별시 강남구 남부순환로359길 18 1F,카페 / 디저트,만원 미만,3,4.1,37.4860423,127.0365195
464,카페프레스카,서울특별시 강남구 논현로28길 29,카페 / 디저트,만원 미만,21,4.0,37.4838583,127.0444206
465,홍팥집,서울특별시 강남구 남부순환로359길 31,카페 / 디저트,만원 미만,11,4.0,37.4867958,127.035552
466,브라이언스커피,서울특별시 강남구 논현로26길 46 유건빌딩 1F,카페 / 디저트,만원 미만,50,3.9,37.4838188,127.0457712
467,호두까끼형제,서울특별시 강남구 남부순환로351길 10 101호,카페 / 디저트,만원 미만,9,3.9,37.4854698,127.0347176
468,타짜도르,서울특별시 강남구 남부순환로 2753,카페 / 디저트,만원 미만,5,3.9,37.490713,127.0586709
469,심재,서울특별시 강남구 논현로28길 34 1F,카페 / 디저트,만원 미만,6,3.7,37.4837292,127.0449367
470,클라우즈비,서울특별시 강남구 논현로28길 10 1F,카페 / 디저트,만원 미만,12,3.6,37.4824235,127.0437119
471,룸서비스301,서울특별시 강남구 양재천로 193 301호,카페 / 디저트,만원 미만,22,3.5,37.4827542,127.0466124
472,더체어,서울특별시 강남구 논현로26길 30-6,카페 / 디저트,만원 미만,15,3.5,37.4827597,127.04494
473,브라운핸즈,서울특별시 강남구 논현로26길 48,카페 / 디저트,만원 미만,41,3.4,37.4839095,127.0460629
474,젠틀커피,서울특별시 강남구 논현로30길 41,카페 / 디저트,만원 미만,13,3.4,37.4847535,127.0449226
475,플로렛카페,서울특별시 강남구 양재천로 185 다보빌딩 1F,카페 / 디저트,만원 미만,15,3.4,37.4823999,127.046021
476,메디치에카페,서울특별시 강남구 양재천로 189 ,카페 / 디저트,만원 미만,6,3.4,37.4825379,127.0462692
477,아티제,서울특별시 강남구 언주로30길 26,카페 / 디저트,만원 미만,18,3.2,37.48739339999999,127.0527274
478,커피플랜트,서울특별시 강남구 강남대로44길 22,카페 / 디저트,만원 미만,4,,37.486068,127.0354777
479,티에라 플라워 카페,서울특별시 강남구 논현로26길 54 1F,카페 / 디저트,만원 미만,5,,37.4841158,127.0463938
480,에이림커피,서울특별시 강남구 도곡로4길 9 남경빌딩 1F,카페 / 디저트,만원 미만,3,,37.4893751,127.0335219
481,커피에스페란토,서울특별시 강남구 남부순환로355길 17,카페 / 디저트,만원 미만,5,,37.4859517,127.0355731
482,스타벅스리저브,서울특별시 강남구 언주로30길 57 타워팰리스2 B1,카페 / 디저트,만원 미만,3,,37.4896405,127.0545117
483,블뤼테,서울특별시 강남구 도곡로18길 41 1F 102호,카페 / 디저트,만원 미만,2,,37.4886984,127.0385954
484,카페올로,서울특별시 강남구 남부순환로 2736 지앤지빌딩,카페 / 디저트,만원 미만,10,,37.4858805,127.0452237
485,마켓오네이처카페,서울특별시 강남구 남부순환로 2745,카페 / 디저트,만원 미만,4,,37.4871764,127.0460293
486,라떼킹,서울특별시 강남구 남부순환로351길 8,카페 / 디저트,만원 미만,0,,37.485372,127.034763
487,Cafe MJ194,서울특별시 강남구 논현로26길 46-10 도곡빌딩,카페 / 디저트,만원 미만,3,,37.4833834,127.0461906
488,홈스테드,서울특별시 강남구 언주로30길 39,카페 / 디저트,만원 미만,9,,37.4887091,127.0532038
489,트릿츠 바이 유니스,서울특별시 강남구 논현로24길 37 선연빌딩 102호,카페 / 디저트,만원 미만,1,,37.48265740000001,127.0456875
490,카페이야,서울특별시 강남구 강남대로58길 61,카페 / 디저트,만원 미만,2,,37.4905825,127.036823
491,앙뉴,서울특별시 강남구 강남대로44길 14,카페 / 디저트,만원 미만,1,,37.4858213,127.0349415
492,베짱이커피집,서울특별시 강남구 도곡로18길 4,카페 / 디저트,만원 미만,1,,37.4910674,127.0379476
493,델리백,서울특별시 강남구 도곡로 184 103호,카페 / 디저트,만원 미만,2,,37.49169190000001,127.039724
494,다락방,서울특별시 강남구 강남대로44길 27,카페 / 디저트,만원 미만,1,,37.4864118,127.035756
495,에스타미네스탠드,서울특별시 강남구 남부순환로359길 13 1F,카페 / 디저트,만원 미만,1,,37.485878,127.0363734
496,카페판다,서울특별시 강남구 강남대로 256,카페 / 디저트,만원 미만,1,,37.486424,127.0334977
497,카페453,서울특별시 강남구 논현로24길 20,카페 / 디저트,만원 미만,2,,37.4818506,127.0447289
498,카페원더랜드,서울특별시 강남구 남부순환로 2738,카페 / 디저트,만원 미만,1,,37.48592970000001,127.0454085
499,오프니,서울특별시 강남구 남부순환로359길 37 1F,카페 / 디저트,만원 미만,1,,37.487049,127.0353351
500,라벨커피,서울특별시 강남구 도곡로4길 38,카페 / 디저트,만원 미만,2,,37.4879252,127.0348285
501,커피빈,서울특별시 강남구 언주로30길 10 필지현대비젼21 112동 1F,카페 / 디저트,만원 미만,2,,37.4873002,127.051556
502,카페드누보,서울특별시 강남구 논현로28길 16 돌체스터도곡빌딩 2F,카페 / 디저트,만원 미만,1,,37.4827429,127.0440979
503,더쿤스트,서울특별시 강남구 남부순환로378길 34-10  1F,카페 / 디저트,만원 미만,1,,37.4839266,127.0461825
504,커피빈,서울특별시 강남구 도곡로 206 지오빌딩 B1,카페 / 디저트,만원 미만,3,,37.4923786,127.0417159
505,젠제로,서울특별시 강남구 선릉로126길 14 예우빌딩,카페 / 디저트,만원 미만,172,4.5,,
506,챔프커피,서울특별시 강남구 테헤란로 517 현대백화점 무역센터점 B1,카페 / 디저트,만원 미만,32,4.5,,
507,드링크얼랏,서울특별시 강남구 학동로56길 49 성림빌딩 1F,카페 / 디저트,만원 미만,158,4.4,,
508,키헤이커피,서울특별시 강남구 봉은사로78길 15 재정빌딩 1F 101호,카페 / 디저트,만원 미만,12,4.3,,
509,아도르,서울특별시 강남구 선릉로116길 24 1F,카페 / 디저트,만원 미만,13,4.2,,
510,앙꼬,서울특별시 강남구 학동로56길 32,카페 / 디저트,만원 미만,12,4.1,,
511,플랑플랑 ,서울특별시 강남구 봉은사로84길 30 1F,카페 / 디저트,만원 미만,62,4.0,,
512,로네펠트티하우스,서울특별시 강남구 영동대로 513 코엑스 전시홀 1F E001호,카페 / 디저트,만원 미만,39,4.0,,
513,이코복스,서울특별시 강남구 영동대로 513 코엑스몰 B1 D104호,카페 / 디저트,만원 미만,52,4.0,,
514,포스톤즈,서울특별시 강남구 테헤란로103길 5,카페 / 디저트,만원 미만,4,4.0,,
515,스템커피,서울특별시 강남구 영동대로 513 코엑스몰 메가박스 안쪽 B2,카페 / 디저트,만원 미만,45,3.9,,
516,테라로사,서울특별시 강남구 영동대로 513 코엑스몰 1F 남2문 옆,카페 / 디저트,만원 미만,45,3.9,,
517,클로리스,서울특별시 강남구 영동대로 513 코엑스몰 B1 I109호,카페 / 디저트,만원 미만,51,3.9,,
518,어반81,서울특별시 강남구 봉은사로67길 14 1F,카페 / 디저트,만원 미만,29,3.9,,
519,홍차가게 청담,서울특별시 강남구 삼성로120길 52-1 1F,카페 / 디저트,만원 미만,17,3.9,,
520,식물원282,서울특별시 강남구 테헤란로83길 44-1,카페 / 디저트,만원 미만,10,3.9,,
521,터틀스커피,서울특별시 강남구 선릉로 608 선진빌딩 B1,카페 / 디저트,만원 미만,5,3.9,,
522,메종드조에,서울특별시 강남구 테헤란로 517 현대백화점 무역센터점 B1,카페 / 디저트,만원 미만,6,3.9,,
523,오더에스프레소,서울특별시 강남구 봉은사로82길 27,카페 / 디저트,만원 미만,15,3.8,,
524,카페노티드,서울특별시 강남구 테헤란로103길 9 1F,카페 / 디저트,만원 미만,21,3.7,,
525,고디바,서울특별시 강남구 영동대로 513 코엑스몰 B1 I112호,카페 / 디저트,만원 미만,19,3.7,,
526,카페드리옹,서울특별시 강남구 영동대로 513 B1 아이105호,카페 / 디저트,만원 미만,11,3.7,,
527,카페마마스,서울특별시 강남구 영동대로 513 코엑스몰 B1 P105호,카페 / 디저트,만원 미만,39,3.6,,
528,벤스쿠키,서울특별시 강남구 테헤란로 521 그랜드 인터컨티넨탈 서울 파르나스 B1,카페 / 디저트,만원 미만,7,3.4,,
529,가배도,서울특별시 강남구 봉은사로 524 코엑스 1F E001A,카페 / 디저트,만원 미만,21,3.3,,
530,해머스미스커피,서울특별시 강남구 봉은사로 417 1F,카페 / 디저트,만원 미만,7,3.3,,
531,드코닝,서울특별시 강남구 영동대로 513 코엑스몰 B1 C103호,카페 / 디저트,만원 미만,14,3.3,,
532,백미당,서울특별시 강남구 테헤란로 517 현대백화점 무역센터점 B1,카페 / 디저트,만원 미만,21,3.3,,
533,조앤더주스,서울특별시 강남구 테헤란로 521 그랜드인터콘티넨탈호텔 파르나스몰 B1,카페 / 디저트,만원 미만,13,3.3,,
534,한스케익,서울특별시 강남구 테헤란로87길 22 코엑스몰 1F,카페 / 디저트,만원 미만,12,3.2,,
535,아티제,서울특별시 강남구 영동대로 513 코엑스몰 B1 J101B호,카페 / 디저트,만원 미만,20,3.2,,
536,빌리엔젤,서울특별시 강남구 영동대로 513 코엑스몰 1F B003호,카페 / 디저트,만원 미만,10,3.2,,
537,일커피,서울특별시 강남구 봉은사로112길 12 상화빌딩 1F,카페 / 디저트,만원 미만,1,,,
538,삼성동커피,서울특별시 강남구 봉은사로103길 6,카페 / 디저트,만원 미만,2,,,
539,소프레소,서울특별시 강남구 테헤란로87길 22,카페 / 디저트,만원 미만,6,,,
540,카페촉,서울특별시 강남구 영동대로112길 38 NSC빌딩 1F,카페 / 디저트,만원 미만,1,,,
541,커피바힘,서울특별시 강남구 영동대로114길 10 삼성빌딩 1F,카페 / 디저트,만원 미만,4,,,
542,토이셔,서울특별시 강남구 영동대로 513 코엑스몰 별마당도서관 B1 B002호,카페 / 디저트,만원 미만,4,,,
543,Cafe DAM,서울특별시 강남구 봉은사로78길 12,카페 / 디저트,만원 미만,2,,,
544,던킨도너츠,서울특별시 강남구 영동대로 520,카페 / 디저트,만원 미만,1,,,
545,연회다원,서울특별시 강남구 봉은사로 531,카페 / 디저트,만원 미만,2,,,
546,클로리스,서울특별시 강남구 봉은사로 502,카페 / 디저트,만원 미만,4,,,
547,쎄띠엠므,서울특별시 강남구 테헤란로 517 현대백화점 무역센터점 B1,카페 / 디저트,만원 미만,5,,,
548,룩아워티,서울특별시 강남구 영동대로 513 코엑스몰 B1 P108,카페 / 디저트,만원 미만,5,,,
549,라보카,서울특별시 강남구 테헤란로 517 현대백화점 무역센터점 B1,카페 / 디저트,만원 미만,5,,,
550,빨라조,서울특별시 강남구 영동대로 513 코엑스몰 B1 H119호,카페 / 디저트,만원 미만,8,,,
551,사이드에이,서울특별시 강남구 봉은사로 507,카페 / 디저트,만원 미만,5,,,
552,센터커피,서울특별시 강남구 영동대로96길 26,카페 / 디저트,만원 미만,2,,,
553,바나프레소,서울특별시 강남구 봉은사로 479,카페 / 디저트,만원 미만,3,,,
554,커피플라이,서울특별시 강남구 봉은사로84길 24-1,카페 / 디저트,만원 미만,2,,,
555,스타벅스,서울특별시 강남구 학동로 506,카페 / 디저트,만원 미만,1,,,
556,도라도,서울특별시 강남구 테헤란로107길 6 1F,카페 / 디저트,만원 미만,1,,,
557,위고에빅토르,서울특별시 강남구 테헤란로 517 현대백화점 무역센터점 B1,카페 / 디저트,만원 미만,5,,,
558,폴바셋,서울특별시 강남구 테헤란로 509,카페 / 디저트,만원 미만,2,,,
559,포지티브랩,서울특별시 강남구 영동대로106길 40 1F,카페 / 디저트,만원 미만,1,,,
560,더블유스타일도넛,서울특별시 강남구 테헤란로83길 46  1-2F,카페 / 디저트,만원 미만,1,,,
561,리츠빈,서울특별시 강남구 테헤란로81길 52-4,카페 / 디저트,만원 미만,4,,,
562,크리스피크림도넛,서울특별시 강남구 영동대로 513 코엑스몰 B1,카페 / 디저트,만원 미만,5,,,
563,베스킨라빈스,서울특별시 강남구 테헤란로 521  호텔동 B1 R21-22호,카페 / 디저트,만원 미만,2,,,
564,홍콩다방,서울특별시 강남구 테헤란로 521 B1,카페 / 디저트,만원 미만,2,,,
565,ELGA Flower Gallery,서울특별시 강남구 영동대로 511 코엑스몰 B1 C112호,카페 / 디저트,만원 미만,1,,,
566,비어플라주,서울특별시 강남구 봉은사로 447,카페 / 디저트,만원 미만,3,,,
567,합,서울특별시 강남구 테헤란로 517 현대백화점 무역센터점 B1,카페 / 디저트,만원 미만,3,,,
568,윈스커피,서울특별시 강남구 테헤란로83길 18,카페 / 디저트,만원 미만,3,,,
569,기야마,서울특별시 강남구 테헤란로 517 현대백화점 무역센터점 B1,카페 / 디저트,만원 미만,1,,,
570,언더프레셔,서울특별시 강남구 영동대로106길 37,카페 / 디저트,만원 미만,2,,,
571,브루커피,서울특별시 강남구 테헤란로87길 57 1F,카페 / 디저트,만원 미만,2,,,
572,고와꽃방,서울특별시 강남구 영동대로 513 코엑스몰 B1 N101호,카페 / 디저트,만원 미만,2,,,
573,아리스타커피,서울특별시 강남구 삼성로96길 9,카페 / 디저트,만원 미만,1,,,
574,매머드익스프레스,서울특별시 강남구 봉은사로 438 1F,카페 / 디저트,만원 미만,1,,,
575,이웃집통통이,서울특별시 강남구 테헤란로 517 B1,카페 / 디저트,만원 미만,1,,,
576,스타벅스,서울특별시 강남구 영동대로 513 코엑스몰 아셈타워 후문방향 B1,카페 / 디저트,만원 미만,1,,,
577,커피정립,서울특별시 강남구 삼성로96길 3,카페 / 디저트,만원 미만,3,,,
578,누메아 커피바,서울특별시 강남구 봉은사로73길 48,카페 / 디저트,만원 미만,1,,,
579,비앙57,서울특별시 강남구 선릉로130길 57  1F 33-34호,카페 / 디저트,만원 미만,1,,,
580,스타벅스,"서울특별시 강남구 봉은사로 407 1F, 2F",카페 / 디저트,만원 미만,3,,,
581,카페크레오,서울특별시 강남구 봉은사로67길 28,카페 / 디저트,만원 미만,2,,,
582,북앤레스트,서울특별시 강남구 삼성로104길 22 예림빌딩 1F,카페 / 디저트,만원 미만,1,,,
583,타이거슈가,서울특별시 강남구 삼성로96길 19 1F,카페 / 디저트,만원 미만,2,,,
584,스타벅스,서울특별시 강남구 봉은사로 619 JBK TOWER,카페 / 디저트,만원 미만,1,,,
585,비비드크로넛,서울특별시 강남구 테헤란로 517 B1,카페 / 디저트,만원 미만,2,,,
586,커스텀커피,서울특별시 강남구 학동로68길 7 상가 1F 107호,카페 / 디저트,만원 미만,1,,,
587,요거트맨,서울특별시 강남구 선릉로130길 56 1F 4호,카페 / 디저트,만원 미만,5,,,
588,스타벅스리저브,서울특별시 강남구 영동대로 513 코엑스몰 1F,카페 / 디저트,만원 미만,2,,,
589,스타벅스,서울특별시 강남구 봉은사로 446 올림푸스타워,카페 / 디저트,만원 미만,3,,,
590,카페블라썸,서울특별시 강남구 영동대로 517 B1 P108호,카페 / 디저트,만원 미만,3,,,
591,잠바주스,서울특별시 강남구 영동대로 513 코엑스몰 B1 K107호,카페 / 디저트,만원 미만,2,,,
592,슈르르카by움트,서울특별시 강남구 테헤란로 517 현대백화점 무역센터점 B1,카페 / 디저트,만원 미만,2,,,
593,마얘,서울특별시 강남구 테헤란로 517,카페 / 디저트,만원 미만,2,,,
594,메이더블유,서울특별시 강남구 영동대로106길 5 1F,카페 / 디저트,만원 미만,1,,,
595,봉은사로71길,서울특별시 강남구 봉은사로71길 7 로프트원 1F 101호,카페 / 디저트,만원 미만,1,,,
596,로로이 아트 카페,서울특별시 강남구 삼성로100길 23-12,카페 / 디저트,만원 미만,1,,,
597,카페그랑,서울특별시 강남구 학동로 426 강남구청 본관 1F,카페 / 디저트,만원 미만,1,,,
598,앤티앤스프레즐,서울특별시 강남구 영동대로 513 코엑스몰 B1 L105,카페 / 디저트,만원 미만,3,,,
599,폴바셋,서울특별시 강남구 영동대로 513 코엑스몰 B1 P104호,카페 / 디저트,만원 미만,4,,,
600,투썸플레이스,서울특별시 강남구 봉은사로 469,카페 / 디저트,만원 미만,2,,,
601,홍만당,서울특별시 강남구 테헤란로 517 현대백화점 무역센터점 B1,카페 / 디저트,만원 미만,2,,,
602,위후레쉬생과일주스,서울특별시 강남구 삼성로96길 3,카페 / 디저트,만원 미만,1,,,
603,카페 앤 디카프,서울특별시 강남구 선릉로112길 39,카페 / 디저트,만원 미만,1,,,
604,멜트커피,서울특별시 강남구 테헤란로81길 22,카페 / 디저트,만원 미만,1,,,
605,찰리스카페,서울특별시 강남구 삼성로104길 22 1F,카페 / 디저트,만원 미만,1,,,
606,드보브에갈레,서울특별시 강남구 선릉로130길 57,카페 / 디저트,만원 미만,1,,,
607,온베이글,서울특별시 강남구 테헤란로 517 현대백화점 무역센터점 B1,카페 / 디저트,만원 미만,1,,,
608,공차,서울특별시 강남구 테헤란로 521 파르나스타워 B1,카페 / 디저트,만원 미만,3,,,
609,웍스프레소,서울특별시 강남구 테헤란로83길 21,카페 / 디저트,만원 미만,2,,,
610,스타벅스,서울특별시 강남구 삼성로 605,카페 / 디저트,만원 미만,2,,,
611,앤레커피,서울특별시 강남구 테헤란로87길 22 코엑스몰 B1,카페 / 디저트,만원 미만,1,,,
612,앤드커피스탠드,서울특별시 강남구 테헤란로 517 현대백화점 무역센터점 6F,카페 / 디저트,만원 미만,1,,,
613,마피아디저트,서울특별시 강남구 테헤란로 521,카페 / 디저트,만원 미만,1,,,
614,더치즈샵,서울특별시 강남구 선릉로 660,카페 / 디저트,만원 미만,1,,,
615,에슬로우,서울특별시 강남구 테헤란로81길 26 ,카페 / 디저트,만원 미만,1,,,
616,트래버틴,서울특별시 강남구 테헤란로 517 ,카페 / 디저트,만원 미만,1,,,
617,위치스커피,서울특별시 강남구 영동대로 513 코엑스몰 B1,카페 / 디저트,만원 미만,1,,,
618,비첸향,서울특별시 강남구 테헤란로 517 현대백화점 무역센터점 B1,카페 / 디저트,만원 미만,1,,,
619,에이그레이트카페,서울특별시 강남구 테헤란로87길 22,카페 / 디저트,만원 미만,1,,,
620,커피빈,서울특별시 강남구 테헤란로87길 36 도심공항타워 B1,카페 / 디저트,만원 미만,1,,,
621,안녕어서와,서울특별시 강남구 봉은사로63길 7 수목빌딩 1F,카페 / 디저트,만원 미만,1,,,
622,스타벅스,서울특별시 강남구 테헤란로87길 33,카페 / 디저트,만원 미만,1,,,
623,스무디킹,서울특별시 강남구 테헤란로87길 22 코엑스몰 B1,카페 / 디저트,만원 미만,1,,,
624,그레인스,서울특별시 강남구 테헤란로 517 현대백화점 무역센터점 B1,카페 / 디저트,만원 미만,1,,,
625,디초콜릿커피앤드,서울특별시 강남구 테헤란로 521 파르나스몰 B1 F-3A,카페 / 디저트,만원 미만,1,,,
626,통인스윗,서울특별시 강남구 테헤란로 517  B1,카페 / 디저트,만원 미만,1,,,
627,사라베스,서울특별시 강남구 테헤란로 517 현대백화점 무역센터점 10F,카페 / 디저트,만원-2만원,6,,,
628,메종프랭크,서울특별시 강남구 테헤란로 517 현대백화점 무역센터점 B1,카페 / 디저트,3만원-4만원,2,,,
629,압구정공주떡집,서울특별시 강남구 논현로161길 11,카페 / 디저트,만원 미만,94,4.4,,
630,애니오케이션,서울특별시 강남구 도산대로51길 14 1F,카페 / 디저트,만원 미만,16,4.4,,
631,세시셀라,서울특별시 강남구 도산대로45길 10-4 삼경빌딩 1F,카페 / 디저트,만원 미만,180,4.3,,
632,벙커컴퍼니,서울특별시 강남구 언주로167길 23 단독주택 1-2F,카페 / 디저트,만원 미만,12,4.2,,
633,펠트커피,서울특별시 강남구 언주로164길 23,카페 / 디저트,만원 미만,48,4.1,,
634,마크레인커피,서울특별시 강남구 선릉로157길 23-5,카페 / 디저트,만원 미만,100,4.0,,
635,커피라이터,서울특별시 강남구 논현로161길 15,카페 / 디저트,만원 미만,72,4.0,,
636,플디,서울특별시 강남구 압구정로42길 24-5 로비스빌딩 4F,카페 / 디저트,만원 미만,28,4.0,,
637,애플힙,서울특별시 강남구 언주로164길 41,카페 / 디저트,만원 미만,15,4.0,,
638,카페이모야,서울특별시 강남구 논현로168길 20 1F,카페 / 디저트,만원 미만,7,4.0,,
639,아가젤라또,서울특별시 강남구 논현로155길 11 1F,카페 / 디저트,만원 미만,11,4.0,,
640,카페노티드,서울특별시 강남구 도산대로53길 15 미래빌딩 1F,카페 / 디저트,만원 미만,134,3.9,,
641,뉴욕라츠오베이글스,서울특별시 강남구 압구정로48길 28,카페 / 디저트,만원 미만,21,3.9,,
642,카멜커피,서울특별시 강남구 도산대로45길 16-8,카페 / 디저트,만원 미만,29,3.9,,
643,버터풀앤크리멀러스,서울특별시 강남구 언주로172길 59 1F,카페 / 디저트,만원 미만,12,3.9,,
644,임시정원,서울특별시 강남구 선릉로 833 1F,카페 / 디저트,만원 미만,11,3.9,,
645,젤라떼리아도도,서울특별시 강남구 언주로164길 41,카페 / 디저트,만원 미만,20,3.9,,
646,식물성 도산,서울특별시 강남구 압구정로42길 54 1F,카페 / 디저트,만원 미만,10,3.9,,
647,레더라,서울특별시 강남구 논현로 865,카페 / 디저트,만원 미만,14,3.9,,
648,호원당,서울특별시 강남구 압구정로34길 26,카페 / 디저트,만원 미만,6,3.9,,
649,더플레이트디저트,서울특별시 강남구 논현로 854 안다즈강남 B1 B101호,카페 / 디저트,만원 미만,11,3.9,,
650,헤이미마카롱,서울특별시 강남구 논현로172길 21 이화빌딩 1F 101호,카페 / 디저트,만원 미만,12,3.9,,
651,자미당,서울특별시 강남구 논현로 851,카페 / 디저트,만원 미만,6,3.9,,
652,파스텔드나따,서울특별시 강남구 압구정로48길 15,카페 / 디저트,만원 미만,10,3.9,,
653,플링크,서울특별시 강남구 언주로173길 23,카페 / 디저트,만원 미만,5,3.9,,
654,고물,서울특별시 강남구 압구정로 165 B1,카페 / 디저트,만원 미만,9,3.9,,
655,에맥앤볼리오스,서울특별시 강남구 논현로 854 B1,카페 / 디저트,만원 미만,4,3.9,,
656,아카디움,서울특별시 강남구 압구정로46길 42,카페 / 디저트,만원 미만,33,3.8,,
657,카멜커피,서울특별시 강남구 언주로164길 14 1F,카페 / 디저트,만원 미만,7,3.8,,
658,카베하네,서울특별시 강남구 언주로173길 15,카페 / 디저트,만원 미만,6,3.8,,
659,백미당,서울특별시 강남구 압구정로 165 현대백화점 압구정점 B1,카페 / 디저트,만원 미만,31,3.7,,
660,이코복스 커피,서울특별시 강남구 논현로175길 6 1F,카페 / 디저트,만원 미만,20,3.7,,
661,TWG티룸,서울특별시 강남구 논현로 854,카페 / 디저트,만원 미만,12,3.7,,
662,씨와이,서울특별시 강남구 도산대로49길 10-6  젤로빌딩 2-3F,카페 / 디저트,만원 미만,5,3.7,,
663,카페노티드,서울특별시 강남구 압구정로 343 갤러리아 명품관 WEST B1,카페 / 디저트,만원 미만,10,3.7,,
664,카페캠프통,서울특별시 강남구 압구정로42길 27,카페 / 디저트,만원 미만,7,3.7,,
665,디저트로이,서울특별시 강남구 압구정로42길 30,카페 / 디저트,만원 미만,7,3.7,,
666,라미스콘,서울특별시 강남구 도산대로53길 32,카페 / 디저트,만원 미만,6,3.7,,
667,배스킨라빈스,서울특별시 강남구 도산대로 327 SGF청담타워 3F,카페 / 디저트,만원 미만,60,3.6,,
668,타르틴베이커리,서울특별시 강남구 언주로168길 24,카페 / 디저트,만원 미만,53,3.6,,
669,카페마당,서울특별시 강남구 도산대로45길 7 에르메스도산파크 B1,카페 / 디저트,만원 미만,17,3.6,,
670,EBA,서울특별시 강남구 압구정로 343 갤러리아 명품관 WEST 고메이494 B1,카페 / 디저트,만원 미만,5,3.6,,
671,쿠스,서울특별시 강남구 도산대로49길 17 산딸기빌딩 1F,카페 / 디저트,만원 미만,5,3.6,,
672,맨메이드 우영미 카페,서울특별시 강남구 선릉로153길 35,카페 / 디저트,만원 미만,12,3.5,,
673,루씨앤정,서울특별시 강남구 도산대로37길 43  1F,카페 / 디저트,만원 미만,9,3.5,,
674,부머스,서울특별시 강남구 압구정로46길 34 1F,카페 / 디저트,만원 미만,11,3.5,,
675,무니,서울특별시 강남구 압구정로56길 16,카페 / 디저트,만원 미만,4,3.5,,
676,블루보틀,서울특별시 강남구 논현로 854,카페 / 디저트,만원 미만,33,3.4,,
677,베이커리앤커피by쿤달,서울특별시 강남구 도산대로53길 39 1F,카페 / 디저트,만원 미만,9,3.4,,
678,베즐리,서울특별시 강남구 압구정로 165 B1,카페 / 디저트,만원 미만,8,3.4,,
679,79파운야드,서울특별시 강남구 선릉로153길 32 1F,카페 / 디저트,만원 미만,7,3.4,,
680,키쏘커피,서울특별시 강남구 언주로164길 35-6,카페 / 디저트,만원 미만,16,3.3,,
681,텔러스95,서울특별시 강남구 도산대로 153 호텔 안테룸 서울 19F,카페 / 디저트,만원 미만,9,3.3,,
682,비엔나커피하우스,서울특별시 강남구 압구정로 152 극동타워 1F,카페 / 디저트,만원 미만,8,3.3,,
683,한스,서울특별시 강남구 논현로167길 21,카페 / 디저트,만원 미만,11,3.2,,
684,두넛샵,서울특별시 강남구 언주로172길 28,카페 / 디저트,만원 미만,7,2.8,,
685,데스커 시그니쳐 스토어,서울특별시 강남구 도산대로25길 21,카페 / 디저트,만원 미만,5,,,
686,카페드로우지,서울특별시 강남구 언주로170길 37 4-5F,카페 / 디저트,만원 미만,1,,,
687,허니비케이크,서울특별시 강남구 언주로168길 20 1F,카페 / 디저트,만원 미만,3,,,
688,도어401,서울특별시 강남구 선릉로161길 18 4F,카페 / 디저트,만원 미만,4,,,
689,스타벅스리저브,서울특별시 강남구 언주로 861,카페 / 디저트,만원 미만,3,,,
690,소적두,서울특별시 강남구 압구정로46길 5-2 Enter Mall,카페 / 디저트,만원 미만,8,,,
691,킨포크도산,서울특별시 강남구 언주로168길 24 2F,카페 / 디저트,만원 미만,4,,,
692,런던베이글뮤지엄,서울특별시 강남구 언주로168길 33 1-2F,카페 / 디저트,만원 미만,3,,,
693,아티제,서울특별시 강남구 도산대로45길 6,카페 / 디저트,만원 미만,6,,,
694,코르트스튜디오 (courte studios),서울특별시 강남구 도산대로51길 13 B1,카페 / 디저트,만원 미만,5,,,
695,위고에빅토르,서울특별시 강남구 압구정로 165,카페 / 디저트,만원 미만,5,,,
696,스몰배치,서울특별시 강남구 언주로168길 6-7,카페 / 디저트,만원 미만,4,,,
697,브리오슈도레,서울특별시 강남구 압구정로30길 51 I.S.A 빌딩,카페 / 디저트,만원 미만,4,,,
698,숲숨,서울특별시 강남구 압구정로48길 28 1-2F,카페 / 디저트,만원 미만,2,,,
699,하바나선셋,서울특별시 강남구 선릉로157길 23-4 4F,카페 / 디저트,만원 미만,4,,,
700,카페 제이앤제이슨,서울특별시 강남구 도산대로45길 10-5,카페 / 디저트,만원 미만,3,,,
701,카페슈페리어,서울특별시 강남구 도산대로51길 37,카페 / 디저트,만원 미만,2,,,
702,와플에구름,서울특별시 강남구 압구정로50길 8,카페 / 디저트,만원 미만,6,,,
703,매머드익스프레스,서울특별시 강남구 논현로 841,카페 / 디저트,만원 미만,1,,,
704,우디집,서울특별시 강남구 압구정로46길 32 삼일빌딩 2F,카페 / 디저트,만원 미만,4,,,
705,TAANGO,서울특별시 강남구 압구정로 224 106호,카페 / 디저트,만원 미만,2,,,
706,그릭그릭,서울특별시 강남구 논현로175길 11 103호,카페 / 디저트,만원 미만,2,,,
707,카페 바소,서울특별시 강남구 논현로164길 11 1F,카페 / 디저트,만원 미만,6,,,
708,알피엠,서울특별시 강남구 언주로172길 64 1F,카페 / 디저트,만원 미만,5,,,
709,88커피,서울특별시 강남구 선릉로157길 14 한주빌딩 103호,카페 / 디저트,만원 미만,2,,,
710,더스크,서울특별시 강남구 논현로167길 19 남도빌딩 1F 102호,카페 / 디저트,만원 미만,1,,,
711,못난이꽈배기,서울특별시 강남구 압구정로 214,카페 / 디저트,만원 미만,1,,,
712,마들마들,서울특별시 강남구 압구정로42길 36  101호,카페 / 디저트,만원 미만,1,,,
713,쥬씨,서울특별시 강남구 언주로172길 64,카페 / 디저트,만원 미만,3,,,
714,카페파라다이스,서울특별시 강남구 언주로172길 66,카페 / 디저트,만원 미만,1,,,
715,마루에누,서울특별시 강남구 압구정로 334 303호,카페 / 디저트,만원 미만,2,,,
716,디룸,서울특별시 강남구 선릉로161길 15,카페 / 디저트,만원 미만,3,,,
717,조선커피팩토리,서울특별시 강남구 논현로176길 22,카페 / 디저트,만원 미만,2,,,
718,엘카페딸,서울특별시 강남구 논현로159길 21 신사빌딩,카페 / 디저트,만원 미만,2,,,
719,커피오카,서울특별시 강남구 선릉로161길 31,카페 / 디저트,만원 미만,3,,,
720,톰딕슨카페,서울특별시 강남구 압구정로 165,카페 / 디저트,만원 미만,4,,,
721,카페줄라이,서울특별시 강남구 압구정로42길 23 비엠케이큐브빌딩,카페 / 디저트,만원 미만,3,,,
722,카페파이브바,서울특별시 강남구 언주로172길 65,카페 / 디저트,만원 미만,4,,,
723,바이칼리아,서울특별시 강남구 언주로168길 10 ,카페 / 디저트,만원 미만,3,,,
724,배스킨라빈스,서울특별시 강남구 압구정로 204 대언빌딩,카페 / 디저트,만원 미만,1,,,
725,베버샵,서울특별시 강남구 압구정로 224 우미빌딩 1F 103호,카페 / 디저트,만원 미만,1,,,
726,제이콥스래더,서울특별시 강남구 언주로 854,카페 / 디저트,만원 미만,3,,,
727,크라이베이비,서울특별시 강남구 압구정로42길 22 1F,카페 / 디저트,만원 미만,4,,,
728,지유가오카핫초메,서울특별시 강남구 압구정로50길 7 정동상가 1F,카페 / 디저트,만원 미만,4,,,
729,스티븐 스미스 티메이커,서울특별시 강남구 압구정로 417 BEAT360,카페 / 디저트,만원 미만,4,,,
730,고디바,서울특별시 강남구 압구정로 165 B1,카페 / 디저트,만원 미만,3,,,
731,유하제과,서울특별시 강남구 선릉로157길 27-4,카페 / 디저트,만원 미만,1,,,
732,커피빈,서울특별시 강남구 선릉로157길 12,카페 / 디저트,만원 미만,1,,,
733,제네랄드링크샵,서울특별시 강남구 도산대로49길 31 골목 안 1F,카페 / 디저트,만원 미만,4,,,
734,카페 엉플레,서울특별시 강남구 도산대로33길 20 1F,카페 / 디저트,만원 미만,3,,,
735,꼴라보하우스도산,서울특별시 강남구 언주로164길 21-3,카페 / 디저트,만원 미만,3,,,
736,아임유어커피스,서울특별시 강남구 논현로 841 JB미소빌딩 119호,카페 / 디저트,만원 미만,1,,,
737,요커,서울특별시 강남구 언주로172길 66 ,카페 / 디저트,만원 미만,1,,,
738,아티라움,서울특별시 강남구 도산대로27길 33 쟈스미빌딩 1F,카페 / 디저트,만원 미만,2,,,
739,제이림,서울특별시 강남구 도산대로51길 33 1F,카페 / 디저트,만원 미만,2,,,
740,파머스마켓팥집,서울특별시 강남구 압구정로28길 25 4호,카페 / 디저트,만원 미만,4,,,
741,에스프레소 로이,서울특별시 강남구 압구정로29길 71 현대상가 5동 1F,카페 / 디저트,만원 미만,1,,,
742,카페꼼마&얀쿠브레,서울특별시 강남구 강남대로 652 신사스퀘어G층 101-102호,카페 / 디저트,만원 미만,2,,,
743,공차,서울특별시 강남구 선릉로161길 22,카페 / 디저트,만원 미만,1,,,
744,씨스루,서울특별시 강남구 논현로161길 17 1F,카페 / 디저트,만원 미만,1,,,
745,에브리띵,서울특별시 강남구 압구정로48길 38,카페 / 디저트,만원 미만,4,,,
746,투썸플레이스,서울특별시 강남구 압구정로30길 45 CGV 1F,카페 / 디저트,만원 미만,3,,,
747,아르고티,서울특별시 강남구 압구정로 343 갤러리아 명품관 WEST 고메이494 B1,카페 / 디저트,만원 미만,2,,,
748,프롬 헬렌 투 조나단,서울특별시 강남구 언주로153길 8 수연빌딩 1F,카페 / 디저트,만원 미만,1,,,
749,퍼플어니언,서울특별시 강남구 논현로171길 15 106호,카페 / 디저트,만원 미만,1,,,
750,메종바카라라운지,서울특별시 강남구 도산대로 313,카페 / 디저트,만원 미만,1,,,
751,에레보,서울특별시 강남구 논현로 809 1F,카페 / 디저트,만원 미만,1,,,
752,빌리엔젤,서울특별시 강남구 논현로164길 26,카페 / 디저트,만원 미만,1,,,
753,랑데자뷰,서울특별시 강남구 논현로 857,카페 / 디저트,만원 미만,1,,,
754,류 케이 웨이브,서울특별시 강남구 도산대로 331,카페 / 디저트,만원 미만,2,,,
755,커피빈,서울특별시 강남구 도산대로49길 13 익스체인지빌딩,카페 / 디저트,만원 미만,1,,,
756,에이쓰리커피집,서울특별시 강남구 강남대로154길 19,카페 / 디저트,만원 미만,1,,,
757,문워커,서울특별시 강남구 압구정로50길 23,카페 / 디저트,만원 미만,1,,,
758,수분,서울특별시 강남구 도산대로53길 13,카페 / 디저트,만원 미만,1,,,
759,조세핀,서울특별시 강남구 압구정로 330 대봉상가 1F,카페 / 디저트,만원 미만,1,,,
760,오너스그램,서울특별시 강남구 압구정로 165,카페 / 디저트,만원 미만,1,,,
761,르브레드랩,서울특별시 강남구 도산대로49길 11 IVY빌딩 1F,카페 / 디저트,만원 미만,2,,,
762,압구정꽈배기,서울특별시 강남구 압구정로30길 12,카페 / 디저트,만원 미만,3,,,
763,움트,서울특별시 강남구 압구정로 165 B1,카페 / 디저트,만원 미만,2,,,
764,한국집,서울특별시 강남구 압구정로 165 B1,카페 / 디저트,만원 미만,2,,,
765,조앤더주스,서울특별시 강남구 논현로 854,카페 / 디저트,만원 미만,2,,,
766,카페이날,서울특별시 강남구 강남대로 616 신사미타워 103호,카페 / 디저트,만원 미만,2,,,
767,쿠데타,서울특별시 강남구 도산대로51길 40 103호,카페 / 디저트,만원 미만,2,,,
768,탐앤탐스,서울특별시 강남구 선릉로 823,카페 / 디저트,만원 미만,1,,,
769,탐앤탐스,서울특별시 강남구 선릉로153길 5,카페 / 디저트,만원 미만,1,,,
770,와일드앤마일드,서울특별시 강남구 선릉로153길 36 2F,카페 / 디저트,만원 미만,1,,,
771,카페오미노,서울특별시 강남구 선릉로153길 22 1F,카페 / 디저트,만원 미만,2,,,
772,단지,서울특별시 강남구 논현로176길 28 1F,카페 / 디저트,만원 미만,1,,,
773,더에이커피,서울특별시 강남구 도산대로33길 20 JS빌딩 104호,카페 / 디저트,만원 미만,1,,,
774,남산상점,서울특별시 강남구 압구정로50길 28,카페 / 디저트,만원 미만,1,,,
775,카페 아뮈제,서울특별시 강남구 압구정로46길 55  1F,카페 / 디저트,만원 미만,1,,,
776,스몰굿커피,서울특별시 강남구 압구정로46길 5-10 압구정로데오스타,카페 / 디저트,만원 미만,1,,,
777,이웃집통통이,서울특별시 강남구 선릉로161길 19 1F,카페 / 디저트,만원 미만,1,,,
778,커피트리,서울특별시 강남구 압구정로29길 67,카페 / 디저트,만원 미만,1,,,
779,그라놀로지,서울특별시 강남구 압구정로 165 현대백화점압구정본점 B1,카페 / 디저트,만원 미만,1,,,
780,카페마리,서울특별시 강남구 압구정로34길 45,카페 / 디저트,만원 미만,1,,,
781,몽크투바흐,서울특별시 강남구 도산대로27길 21 2F,카페 / 디저트,만원 미만,1,,,
782,어바우티미세스,서울특별시 강남구 언주로172길 54 1F,카페 / 디저트,만원 미만,1,,,
783,알카페,서울특별시 강남구 압구정로56길 26 1F,카페 / 디저트,만원 미만,1,,,
784,커피쿡,서울특별시 강남구 압구정로46길 5-10  압구정로데오스타 B동 104호,카페 / 디저트,만원 미만,1,,,
785,허형만의압구정커피집,서울특별시 강남구 압구정로 151 신현대상가2동 107호,카페 / 디저트,만원 미만,1,,,
786,IMZ,서울특별시 강남구 도산대로45길 10-4 삼경빌딩 2F,카페 / 디저트,만원 미만,1,,,
787,꽁티드툴레아,서울특별시 강남구 도산대로49길 39 2F,카페 / 디저트,만원-2만원,73,4.2,,
788,도수향,서울특별시 강남구 선릉로161길 21-4,카페 / 디저트,만원-2만원,16,4.1,,
789,애술린,서울특별시 강남구 도산대로45길 11,카페 / 디저트,만원-2만원,10,3.8,,
790,라부아뜨,서울특별시 강남구 언주로164길 35,카페 / 디저트,만원-2만원,11,2.8,,
791,아츠,서울특별시 강남구 논현로 854 안다즈호텔 1F,카페 / 디저트,만원-2만원,5,,,
792,블루리본딜라이트,서울특별시 강남구 도산대로49길 17,카페 / 디저트,만원-2만원,1,,,
793,누데이크,서울특별시 강남구 압구정로46길 50 하우스도산 B1,카페 / 디저트,2만원-3만원,20,4.0,,
794,흐비지떼,서울특별시 강남구 삼성로107길 34 1F,카페 / 디저트,만원 미만,21,4.6,,
795,르와조,서울특별시 강남구 논현로95길 10 1F,카페 / 디저트,만원 미만,9,4.4,,
796,카페413프로젝트,서울특별시 강남구 논현로97길 19-11,카페 / 디저트,만원 미만,178,4.2,,
797,테라로사,서울특별시 강남구 테헤란로 440 1F,카페 / 디저트,만원 미만,44,4.2,,
798,커피스니퍼,서울특별시 강남구 테헤란로 231 센터필드 E207호,카페 / 디저트,만원 미만,9,4.2,,
799,에드빗 커피,서울특별시 강남구 봉은사로68길 41 1F,카페 / 디저트,만원 미만,16,4.1,,
800,크리에잇쿠키,서울특별시 강남구 테헤란로25길 36 2F,카페 / 디저트,만원 미만,74,4.0,,
801,신데렐라롱,서울특별시 강남구 역삼로 139 105호,카페 / 디저트,만원 미만,56,4.0,,
802,파티세리바이가루하루,서울특별시 강남구 논현로94길 25-5 1F,카페 / 디저트,만원 미만,59,3.9,,
803,하트카페,서울특별시 강남구 논현로76길 11,카페 / 디저트,만원 미만,43,3.9,,
804,최인아책방,서울특별시 강남구 선릉로 521,카페 / 디저트,만원 미만,20,3.9,,
805,후웨이즈,서울특별시 강남구 선릉로107길 4 1F,카페 / 디저트,만원 미만,17,3.9,,
806,올드타운한양,서울특별시 강남구 선릉로 545 1F,카페 / 디저트,만원 미만,11,3.9,,
807,수수커피,서울특별시 강남구 테헤란로 129 강남N타워 GF 2호,카페 / 디저트,만원 미만,16,3.9,,
808,502커피로스터스,서울특별시 강남구 테헤란로 142 아크플레이스,카페 / 디저트,만원 미만,9,3.9,,
809,클로리스,서울특별시 강남구 테헤란로 152 B1,카페 / 디저트,만원 미만,42,3.8,,
810,멜로워,서울특별시 강남구 테헤란로44길 8 아이콘역삼빌딩 1F,카페 / 디저트,만원 미만,18,3.8,,
811,로브니,서울특별시 강남구 선릉로85길 8,카페 / 디저트,만원 미만,18,3.7,,
812,파브리끄,서울특별시 강남구 역삼로17길 64 1F,카페 / 디저트,만원 미만,6,3.7,,
813,시티갤러리카페,서울특별시 강남구 역삼로7길 22,카페 / 디저트,만원 미만,5,3.7,,
814,에이비 카페,서울특별시 강남구 강남대로102길 32,카페 / 디저트,만원 미만,19,3.6,,
815,블루보틀,서울특별시 강남구 테헤란로 129 강남N타워 GF,카페 / 디저트,만원 미만,26,3.4,,
816,뮬리,서울특별시 강남구 논현로93길 6,카페 / 디저트,만원 미만,9,3.4,,
817,카페 난만,서울특별시 강남구 테헤란로39길 50 1F,카페 / 디저트,만원 미만,6,3.4,,
818,카페데베르,서울특별시 강남구 테헤란로 317 동훈타워 1F,카페 / 디저트,만원 미만,1,,,
819,카페3616,서울특별시 강남구 봉은사로57길 23 제이펠리스,카페 / 디저트,만원 미만,5,,,
820,범표원두,서울특별시 강남구 테헤란로37길 42 내리막 B1,카페 / 디저트,만원 미만,4,,,
821,만랩커피,서울특별시 강남구 논현로85길 52,카페 / 디저트,만원 미만,19,,,
822,폴바셋,서울특별시 강남구 테헤란로 152 B1,카페 / 디저트,만원 미만,6,,,
823,달콤한고양이,서울특별시 강남구 선릉로76길 28,카페 / 디저트,만원 미만,4,,,
824,담다,서울특별시 강남구 선릉로100길 24 3F,카페 / 디저트,만원 미만,3,,,
825,오스커피,서울특별시 강남구 역삼로 128,카페 / 디저트,만원 미만,8,,,
826,선릉마실길,서울특별시 강남구 선릉로 530 1F,카페 / 디저트,만원 미만,7,,,
827,아티제,서울특별시 강남구 언주로 517,카페 / 디저트,만원 미만,1,,,
828,퍼햅스,서울특별시 강남구 논현로86길 27,카페 / 디저트,만원 미만,3,,,
829,얼아츠,서울특별시 강남구 논현로97길 21 1F,카페 / 디저트,만원 미만,4,,,
830,스타벅스,서울특별시 강남구 테헤란로 231  센터필드,카페 / 디저트,만원 미만,1,,,
831,카페이퍼스,서울특별시 강남구 언주로99길 10,카페 / 디저트,만원 미만,5,,,
832,씨즈앤베리,서울특별시 강남구 테헤란로 406,카페 / 디저트,만원 미만,6,,,
833,카페레꼴뜨,서울특별시 강남구 봉은사로50길 10 1F,카페 / 디저트,만원 미만,2,,,
834,카페루스터,서울특별시 강남구 논현로86길 22,카페 / 디저트,만원 미만,6,,,
835,카페로스터제임스,서울특별시 강남구 역삼로 161 신풍빌딩 1F,카페 / 디저트,만원 미만,2,,,
836,제이갸또,서울특별시 강남구 봉은사로68길 57,카페 / 디저트,만원 미만,5,,,
837,프레이저커피,서울특별시 강남구 역삼로9길 20 1F,카페 / 디저트,만원 미만,2,,,
838,매머드커피,서울특별시 강남구 논현로85길 5,카페 / 디저트,만원 미만,13,,,
839,레이지수,서울특별시 강남구 논현로79길 55,카페 / 디저트,만원 미만,9,,,
840,잇테이블,서울특별시 강남구 역삼로14길 8,카페 / 디저트,만원 미만,5,,,
841,OPH,서울특별시 강남구 테헤란로 231 EAST동 2F E208호,카페 / 디저트,만원 미만,3,,,
842,까페피노사,서울특별시 강남구 논현로101길 8,카페 / 디저트,만원 미만,1,,,
843,키라키라키친,서울특별시 강남구 논현로72길 12 1F,카페 / 디저트,만원 미만,2,,,
844,커피스팟,서울특별시 강남구 논현로66길 9,카페 / 디저트,만원 미만,2,,,
845,패스트카페,서울특별시 강남구 테헤란로13길 10 1F,카페 / 디저트,만원 미만,1,,,
846,빌리엔젤,서울특별시 강남구 언주로 517 KT강남빌딩,카페 / 디저트,만원 미만,9,,,
847,FPFP,서울특별시 강남구 논현로85길 58  강남루덴스 107호,카페 / 디저트,만원 미만,2,,,
848,콜렉티보,서울특별시 강남구 테헤란로 152 강남파이낸스센터 1F,카페 / 디저트,만원 미만,1,,,
849,하스초콜릿,서울특별시 강남구 삼성로103길 19,카페 / 디저트,만원 미만,3,,,
850,북쌔즈,서울특별시 강남구 테헤란로 311,카페 / 디저트,만원 미만,4,,,
851,커피코트,서울특별시 강남구 테헤란로 322 한신인터밸리 3F,카페 / 디저트,만원 미만,2,,,
852,카페 드 휘낭시에,서울특별시 강남구 테헤란로 152 강남파이낸스센터 B1,카페 / 디저트,만원 미만,3,,,
853,바나프레소,서울특별시 강남구 논현로 427-1,카페 / 디저트,만원 미만,1,,,
854,스타벅스,서울특별시 강남구 테헤란로 134 P&S,카페 / 디저트,만원 미만,3,,,
855,커피효과,서울특별시 강남구 역삼로20길 12,카페 / 디저트,만원 미만,3,,,
856,쥬흐네몽드,서울특별시 강남구 테헤란로79길 45 102호,카페 / 디저트,만원 미만,1,,,
857,인사이드,서울특별시 강남구 도곡로3길 27,카페 / 디저트,만원 미만,5,,,
858,레귤러,서울특별시 강남구 언주로98길 20,카페 / 디저트,만원 미만,2,,,
859,오래도록예쁘다,서울특별시 강남구 언주로106길 7 1F,카페 / 디저트,만원 미만,1,,,
860,마그마커피,서울특별시 강남구 선릉로 570  1F,카페 / 디저트,만원 미만,1,,,
861,지유가오카핫초메,서울특별시 강남구 테헤란로52길 16 테헤란아이파크 1F,카페 / 디저트,만원 미만,6,,,
862,주시브로스,서울특별시 강남구 테헤란로 152 강남파이낸스센터,카페 / 디저트,만원 미만,5,,,
863,스타벅스,서울특별시 강남구 논현로 401,카페 / 디저트,만원 미만,1,,,
864,그랩앤고커피,서울특별시 강남구 역삼로37길 9,카페 / 디저트,만원 미만,2,,,
865,알라카르테,서울특별시 강남구 논현로 319 정유빌딩,카페 / 디저트,만원 미만,2,,,
866,우드스푼,서울특별시 강남구 논현로85길 33 서북빌딩 1F,카페 / 디저트,만원 미만,2,,,
867,오디오시 요거트,서울특별시 강남구 역삼로 133,카페 / 디저트,만원 미만,2,,,
868,제네랄드링크샵,서울특별시 강남구 테헤란로 231 센터필드 B2 WB53호,카페 / 디저트,만원 미만,2,,,
869,해머스미스커피,서울특별시 강남구 테헤란로14길 5 1F,카페 / 디저트,만원 미만,2,,,
870,클라스카 에스프레소바,서울특별시 강남구 테헤란로28길 41  타우너스 1F,카페 / 디저트,만원 미만,2,,,
871,지오바네커피,서울특별시 강남구 논현로98길 5  101호,카페 / 디저트,만원 미만,2,,,
872,슈퍼커피,서울특별시 강남구 선릉로93길 26 우리빌딩,카페 / 디저트,만원 미만,4,,,
873,자연식빵,서울특별시 강남구 강남대로 지하 396,카페 / 디저트,만원 미만,2,,,
874,해머스미스로스터리,서울특별시 강남구 논현로94길 7 B1,카페 / 디저트,만원 미만,3,,,
875,브루커피,서울특별시 강남구 테헤란로 423 현대타워 1F,카페 / 디저트,만원 미만,3,,,
876,메이킷카페,서울특별시 강남구 삼성로 535 삼화빌딩 1F,카페 / 디저트,만원 미만,2,,,
877,빅컵커피,서울특별시 강남구 논현로87길 41 신일유토빌,카페 / 디저트,만원 미만,3,,,
878,더치앤빈,서울특별시 강남구 테헤란로26길 14 대세빌딩 1F,카페 / 디저트,만원 미만,2,,,
879,스몰글라스오브제,서울특별시 강남구 역삼로 172  1F,카페 / 디저트,만원 미만,1,,,
880,파스쿠찌,서울특별시 강남구 테헤란로 151 4동 1704호,카페 / 디저트,만원 미만,4,,,
881,로네펠트티하우스,서울특별시 강남구 테헤란로69길 13 명지빌딩 1F,카페 / 디저트,만원 미만,3,,,
882,카페데자미,서울특별시 강남구 선릉로72길 20 102호,카페 / 디저트,만원 미만,2,,,
883,비바커피,서울특별시 강남구 삼성로95길 31 1F,카페 / 디저트,만원 미만,1,,,
884,돌스트,서울특별시 강남구 논현로75길 8 1F,카페 / 디저트,만원 미만,2,,,
885,오디,서울특별시 강남구 논현로79길 63,카페 / 디저트,만원 미만,1,,,
886,오뉴커피,서울특별시 강남구 삼성로 517 106호,카페 / 디저트,만원 미만,1,,,
887,쿠키시스터즈,서울특별시 강남구 논현로75길 37,카페 / 디저트,만원 미만,3,,,
888,스타벅스리저브,서울특별시 강남구 테헤란로 409,카페 / 디저트,만원 미만,3,,,
889,어니스트커피,서울특별시 강남구 언주로98길 16 1F,카페 / 디저트,만원 미만,1,,,
890,커피플라이,서울특별시 강남구 도곡로17길 29 1F,카페 / 디저트,만원 미만,2,,,
891,세이레스,서울특별시 강남구 봉은사로68길 11 1F,카페 / 디저트,만원 미만,2,,,
892,커피만,서울특별시 강남구 논현로 423,카페 / 디저트,만원 미만,1,,,
893,구엄품,서울특별시 강남구 테헤란로25길 47,카페 / 디저트,만원 미만,1,,,
894,라떼야커피,서울특별시 강남구 테헤란로22길 14 1F,카페 / 디저트,만원 미만,1,,,
895,아티제,서울특별시 강남구 테헤란로 152,카페 / 디저트,만원 미만,5,,,
896,루킹래징,서울특별시 강남구 역삼로 403,카페 / 디저트,만원 미만,2,,,
897,연수커피,서울특별시 강남구 선릉로82길 40,카페 / 디저트,만원 미만,1,,,
898,아마폴라델리,서울특별시 강남구 언주로 510,카페 / 디저트,만원 미만,2,,,
899,로얄마카롱,서울특별시 강남구 테헤란로25길 26 3F,카페 / 디저트,만원 미만,1,,,
900,스타벅스,서울특별시 강남구 논현로 508 B1,카페 / 디저트,만원 미만,1,,,
901,브알라 Lite 강남 GFC,서울특별시 강남구 테헤란로 152 강남파이낸스센터 B2,카페 / 디저트,만원 미만,1,,,
902,브릭스,서울특별시 강남구 논현로67길 11,카페 / 디저트,만원 미만,1,,,
903,몽바커피,서울특별시 강남구 테헤란로21길 8 대아빌딩 102호,카페 / 디저트,만원 미만,1,,,
904,바나프레소,서울특별시 강남구 선릉로 577 조선내화빌딩,카페 / 디저트,만원 미만,1,,,
905,차오커피랩,서울특별시 강남구 테헤란로77길 11-12 아라타워 1F,카페 / 디저트,만원 미만,1,,,
906,카페피오씨,서울특별시 강남구 테헤란로14길 13,카페 / 디저트,만원 미만,1,,,
907,더달콤쿠키,서울특별시 강남구 봉은사로44길 25,카페 / 디저트,만원 미만,1,,,
908,스너그,서울특별시 강남구 도곡로21길 15 상가동 1F,카페 / 디저트,만원 미만,1,,,
909,하입빈즈,서울특별시 강남구 테헤란로 231 ,카페 / 디저트,만원 미만,1,,,
910,펔스커피,서울특별시 강남구 삼성로 517  108-1호,카페 / 디저트,만원 미만,1,,,
911,제이플랜,서울특별시 강남구 논현로95길 29,카페 / 디저트,만원 미만,1,,,
912,카페오디트,서울특별시 강남구 삼성로 517 ,카페 / 디저트,만원 미만,3,,,
913,엘빈,서울특별시 강남구 테헤란로22길 9 아름다운빌딩,카페 / 디저트,만원 미만,2,,,
914,Fig Coffee,서울특별시 강남구 언주로97길 15 1F,카페 / 디저트,만원 미만,2,,,
915,텐퍼센트커피,서울특별시 강남구 강남대로94길 67 도연빌딩 101호,카페 / 디저트,만원 미만,2,,,
916,바나프레소,서울특별시 강남구 테헤란로4길 46 쌍용플래티넘 1F,카페 / 디저트,만원 미만,2,,,
917,스타벅스,서울특별시 강남구 테헤란로 145 우신빌딩 1F,카페 / 디저트,만원 미만,2,,,
918,타브스 에스프레소바,서울특별시 강남구 논현로63길 43  1F,카페 / 디저트,만원 미만,2,,,
919,타우너스 에스프레소바,서울특별시 강남구 테헤란로28길 41  타우너스 1F,카페 / 디저트,만원 미만,2,,,
920,커피나무,서울특별시 강남구 테헤란로77길 17,카페 / 디저트,만원 미만,1,,,
921,카페 시그니처,서울특별시 강남구 봉은사로 218,카페 / 디저트,만원 미만,1,,,
922,Coffee NEED,서울특별시 강남구 역삼로 139,카페 / 디저트,만원 미만,1,,,
923,아야커피,서울특별시 강남구 언주로94길 11,카페 / 디저트,만원 미만,1,,,
924,블루샥,서울특별시 강남구 테헤란로33길 5,카페 / 디저트,만원 미만,1,,,
925,유로스커피 로스터스,서울특별시 강남구 테헤란로37길 7  조이타워 1F,카페 / 디저트,만원 미만,1,,,
926,아모르미오,서울특별시 강남구 테헤란로77길 11-12  1F,카페 / 디저트,만원 미만,1,,,
927,로이커피,서울특별시 강남구 논현로72길 7,카페 / 디저트,만원 미만,1,,,
928,Cafe Terra,서울특별시 강남구 강남대로94길 66,카페 / 디저트,만원 미만,1,,,
929,빌리엔젤,서울특별시 강남구 테헤란로 129,카페 / 디저트,만원 미만,1,,,
930,루나모디카,서울특별시 강남구 역삼로77길 21 제이시빌,카페 / 디저트,만원 미만,1,,,
931,카페 인사이드 790,서울특별시 강남구 역삼로 166,카페 / 디저트,만원 미만,1,,,
932,더치앤빈,서울특별시 강남구 선릉로90길 56 대우아이빌명문가 108호,카페 / 디저트,만원 미만,1,,,
933,24601 커피 스테이션,서울특별시 강남구 테헤란로 322 한신인터밸리24빌딩 B158,카페 / 디저트,만원 미만,1,,,
934,카페드나탈리,서울특별시 강남구 테헤란로20길 16 금정빌딩 1F,카페 / 디저트,만원 미만,1,,,
935,아티제,서울특별시 강남구 테헤란로 203 서울인터내셔널타워,카페 / 디저트,만원 미만,1,,,
936,아스테르커피,서울특별시 강남구 봉은사로44길 43 1F,카페 / 디저트,만원 미만,1,,,
937,커피기업,서울특별시 강남구 테헤란로 152,카페 / 디저트,만원 미만,1,,,
938,카페팔라우,서울특별시 강남구 논현로102길 57,카페 / 디저트,만원 미만,1,,,
939,요베이글,서울특별시 강남구 테헤란로53길 57-17  B02호,카페 / 디저트,만원 미만,1,,,
940,쥬히커피,서울특별시 강남구 논현로106길 18,카페 / 디저트,만원 미만,1,,,
941,투썸플레이스,서울특별시 강남구 언주로 419 정남빌딩,카페 / 디저트,만원 미만,1,,,
942,가비커피,서울특별시 강남구 테헤란로52길 15,카페 / 디저트,만원 미만,1,,,
943,조선델리더부티크,서울특별시 강남구 테헤란로 231 조선팰리스 24F,카페 / 디저트,만원-2만원,4,4.3,,
944,FYI,서울특별시 강남구 역삼로 180,카페 / 디저트,만원-2만원,6,4.0,,
945,빌즈 강남,서울특별시 강남구 테헤란로 142 아크플레이스 2F,카페 / 디저트,만원-2만원,41,3.7,,
946,조인바이트,서울특별시 강남구 선릉로112길 13,카페 / 디저트,만원-2만원,11,3.4,,
947,더케이크에디션,서울특별시 강남구 언주로71길 19-3 1F,카페 / 디저트,만원-2만원,0,,,
948,비놀릭,서울특별시 강남구 논현로63길 69,카페 / 디저트,2만원-3만원,6,,,
949,리사르커피,서울특별시 강남구 도산대로99길 60,카페 / 디저트,만원 미만,37,4.4,,
950,강정이넘치는집,서울특별시 강남구 학동로 435,카페 / 디저트,만원 미만,21,4.4,,
951,라 티지,서울특별시 강남구 선릉로134길 5 1F,카페 / 디저트,만원 미만,25,4.4,,
952,라그랑자트,서울특별시 강남구 도산대로62길 12,카페 / 디저트,만원 미만,20,4.2,,
953,공간21s,서울특별시 강남구 도산대로83길 39 ,카페 / 디저트,만원 미만,8,4.1,,
954,정식카페,서울특별시 강남구 선릉로158길 11 1F,카페 / 디저트,만원 미만,61,4.0,,
955,데버스테이트 ,서울특별시 강남구 선릉로162길 51,카페 / 디저트,만원 미만,29,3.9,,
956,스탠다드시스템,서울특별시 강남구 선릉로148길 48-5,카페 / 디저트,만원 미만,7,3.9,,
957,바닐라클라우드 (휴업중),서울특별시 강남구 선릉로132길 28 1F,카페 / 디저트,만원 미만,41,3.8,,
958,트리아농,서울특별시 강남구 학동로59길 43,카페 / 디저트,만원 미만,41,3.8,,
959,콤마1커피,서울특별시 강남구 도산대로78길 11 1F,카페 / 디저트,만원 미만,14,3.8,,
960,빙빙빙,서울특별시 강남구 삼성로149길 32,카페 / 디저트,만원 미만,8,3.8,,
961,카페디올,서울특별시 강남구 압구정로 464 하우스 오브 디올 5F,카페 / 디저트,만원 미만,18,3.7,,
962,루쏘랩,서울특별시 강남구 선릉로158길 16,카페 / 디저트,만원 미만,28,3.7,,
963,스트라이프커피,서울특별시 강남구 도산대로83길 13 1F,카페 / 디저트,만원 미만,6,3.7,,
964,버터핑거팬케이크,서울특별시 강남구 선릉로152길 11,카페 / 디저트,만원 미만,53,3.5,,
965,스타벅스,서울특별시 강남구 도산대로57길 24,카페 / 디저트,만원 미만,23,3.4,,
966,아이엠씨,서울특별시 강남구 압구정로 461,카페 / 디저트,만원 미만,8,3.3,,
967,폴바셋,서울특별시 강남구 도산대로75길 22 1F,카페 / 디저트,만원 미만,6,3.3,,
968,밍글,서울특별시 강남구 선릉로132길 61 1F,카페 / 디저트,만원 미만,8,,,
969,요거트맨,서울특별시 강남구 도산대로89길 35 105호,카페 / 디저트,만원 미만,5,,,
970,그라놀로지,서울특별시 강남구 도산대로99길 11,카페 / 디저트,만원 미만,7,,,
971,히히,서울특별시 강남구 도산대로78길 32,카페 / 디저트,만원 미만,5,,,
972,합,서울특별시 강남구 압구정로80길 13 B1,카페 / 디저트,만원 미만,11,,,
973,바나프레소,서울특별시 강남구 학동로 423,카페 / 디저트,만원 미만,2,,,
974,스티브,서울특별시 강남구 선릉로148길 30,카페 / 디저트,만원 미만,4,,,
975,스타벅스,서울특별시 강남구 도산대로 458 리츠타워,카페 / 디저트,만원 미만,2,,,
976,메리메리줄리,서울특별시 강남구 압구정로79길 26 1F,카페 / 디저트,만원 미만,1,,,
977,커피엠스테이블,서울특별시 강남구 도산대로94길 20,카페 / 디저트,만원 미만,5,,,
978,디피오리,서울특별시 강남구 도산대로89길 22 1F 105호,카페 / 디저트,만원 미만,4,,,
979,커피연구소,서울특별시 강남구 도산대로101길 7 1F,카페 / 디저트,만원 미만,3,,,
980,나이브커피,서울특별시 강남구 압구정로79길 39,카페 / 디저트,만원 미만,6,,,
981,아티제,서울특별시 강남구 영동대로 726 제일정형외과병원,카페 / 디저트,만원 미만,2,,,
982,포피엠커피,서울특별시 강남구 삼성로133길 12 청수빌딩 1F,카페 / 디저트,만원 미만,2,,,
983,카페플레노,서울특별시 강남구 선릉로 724 트리제이빌딩,카페 / 디저트,만원 미만,1,,,
984,덴시티커피,서울특별시 강남구 도산대로78길 13 1F,카페 / 디저트,만원 미만,4,,,
985,메종드조에,서울특별시 강남구 도산대로90길 17,카페 / 디저트,만원 미만,5,,,
986,베키아에누보,서울특별시 강남구 도산대로 442 B1,카페 / 디저트,만원 미만,5,,,
987,카페 공영,서울특별시 강남구 삼성로 710 1-2F,카페 / 디저트,만원 미만,1,,,
988,스타벅스,서울특별시 강남구 선릉로 836,카페 / 디저트,만원 미만,4,,,
989,더포트,서울특별시 강남구 영동대로142길 27 1F,카페 / 디저트,만원 미만,2,,,
990,마이티,서울특별시 강남구 도산대로85길 30 141호,카페 / 디저트,만원 미만,2,,,
991,버터앤쉘터,서울특별시 강남구 학동로87길 9  1F 7호,카페 / 디저트,만원 미만,4,,,
992,세컨드라이브러리,서울특별시 강남구 영동대로137길 6,카페 / 디저트,만원 미만,3,,,
993,테이스트 앤 센스,서울특별시 강남구 선릉로162길 5 1LDK SEOUL 1F,카페 / 디저트,만원 미만,1,,,
994,롤린우드,서울특별시 강남구 도산대로62길 26 1F,카페 / 디저트,만원 미만,1,,,
995,썸인스윗,서울특별시 강남구 선릉로134길 4,카페 / 디저트,만원 미만,3,,,
996,카페이안,서울특별시 강남구 영동대로 708 2F,카페 / 디저트,만원 미만,2,,,
997,알렉스더커피,서울특별시 강남구 삼성로133길 7 ,카페 / 디저트,만원 미만,1,,,
998,케익하우스 윈,서울특별시 강남구 삼성로 719 경덕빌딩 1F,카페 / 디저트,만원 미만,5,,,
999,스타벅스,서울특별시 강남구 영동대로 720 ,카페 / 디저트,만원 미만,2,,,
1000,A Third,서울특별시 강남구 선릉로 756 대성빌딩 1F,카페 / 디저트,만원 미만,1,,,
1001,아뜰리에비앤엠,서울특별시 강남구 도산대로68길 18 1F,카페 / 디저트,만원 미만,1,,,
1002,까사디도노,서울특별시 강남구 선릉로146길 58,카페 / 디저트,만원 미만,1,,,
1003,유노시엘,서울특별시 강남구 학동로77길 50  102호,카페 / 디저트,만원 미만,1,,,
1004,압구정볶는커피,서울특별시 강남구 도산대로58길 17,카페 / 디저트,만원 미만,4,,,
1005,카페 드 바디프랜드,서울특별시 강남구 도산대로 546,카페 / 디저트,만원 미만,3,,,
1006,커피빈,서울특별시 강남구 도산대로67길 7,카페 / 디저트,만원 미만,2,,,
1007,카레클린트,서울특별시 강남구 선릉로148길 41 제이일레븐,카페 / 디저트,만원 미만,2,,,
1008,위 마들렌 빠띠세리 청담,서울특별시 강남구 도산대로85길 30 108-2호,카페 / 디저트,만원 미만,2,,,
1009,카페안나,서울특별시 강남구 도산대로92길 6,카페 / 디저트,만원 미만,2,,,
1010,칠요일의케이크,서울특별시 강남구 선릉로132길 50,카페 / 디저트,만원 미만,1,,,
1011,브리커피,서울특별시 강남구 영동대로138길 9 신한양상가,카페 / 디저트,만원 미만,1,,,
1012,TOM,서울특별시 강남구 도산대로85길 25 1F,카페 / 디저트,만원 미만,1,,,
1013,현대카드 트래블라이브러리,서울특별시 강남구 선릉로152길 18,카페 / 디저트,만원 미만,1,,,
1014,폴바셋,서울특별시 강남구 학동로 401 금하빌딩 1F,카페 / 디저트,만원 미만,2,,,
1015,스페이스래드,서울특별시 강남구 삼성로 742,카페 / 디저트,만원 미만,1,,,
1016,그레인킹,서울특별시 강남구 학동로77길 49,카페 / 디저트,만원 미만,1,,,
1017,카페지,서울특별시 강남구 삼성로149길 3-9 1F,카페 / 디저트,만원 미만,1,,,
1018,루이비통카페 (오픈예정),서울특별시 강남구 압구정로 454,카페 / 디저트,만원 미만,1,,,
1019,클로아,서울특별시 강남구 압구정로79길 53,카페 / 디저트,만원 미만,1,,,
1020,Layer X Petarium,서울특별시 강남구 영동대로 725  6F,카페 / 디저트,만원 미만,1,,,
1021,카페마노아,서울특별시 강남구 학동로 503 한성빌딩 107호,카페 / 디저트,만원 미만,1,,,
1022,카페저스트라이크,서울특별시 강남구 도산대로81길 49 1F,카페 / 디저트,만원 미만,1,,,
1023,미엘,서울특별시 강남구 도산대로67길 13-12 1F,카페 / 디저트,만원-2만원,46,3.4,,
1024,데칸트,서울특별시 강남구 압구정로72길 10,카페 / 디저트,만원-2만원,9,3.3,,
1025,까페티,서울특별시 강남구 도산대로59길 9,카페 / 디저트,만원-2만원,16,3.1,,
1026,엘레나영,서울특별시 강남구 도산대로99길 47,카페 / 디저트,만원-2만원,7,,,
1027,리아라운지,서울특별시 강남구 도산대로 420 청담스퀘어B동 1F,카페 / 디저트,만원-2만원,3,,,
1028,Bar Tea Scent,서울특별시 강남구 선릉로162길 16 엘리자벳빌딩,카페 / 디저트,2만원-3만원,13,3.8,,
1029,스케줄,서울특별시 강남구 선릉로152길 37 B1,카페 / 디저트,2만원-3만원,35,3.6,,
1030,안서리베이킹랩,서울특별시 강남구 삼성로 755,카페 / 디저트,2만원-3만원,1,,,
1031,티하우스하다,서울특별시 강남구 선릉로146길 54 1F,카페 / 디저트,3만원-4만원,5,4.4,,
