group_40,group_0,group_1,group_2,group_3,group_4,group_5,group_6,group_7,group_8,group_9,group_10,group_11,group_12,group_13,group_14,group_15,group_16,group_17,group_18,group_19,group_20,group_21,group_22,group_23,group_24,group_25,group_26,group_27,group_28,group_29,group_30,group_31,group_32,group_33,group_34,group_35,group_36,group_37,group_38,group_39,group_41,group_42,group_43,group_44,group_45,group_46,group_47,group_48,group_49,group_50,group_51,group_52,group_53,group_54,group_55,group_56,group_57,group_58,group_59,group_60,group_61,group_62,group_63,group_64,group_65,group_66,group_67,group_68,group_69,group_70,group_71,group_72,group_73,group_74,group_75,group_76,group_77,group_78,group_79,group_80,group_81,group_82,group_83,group_84,group_85,group_86,group_87,group_88,group_89,group_90,group_91,group_92,group_93,group_94,group_95,group_96,group_97,group_98,group_99,group_100,group_101,group_102,group_103,group_104,group_105,group_106,group_107,group_108,group_109,group_110,group_111,group_112,group_113,group_114,group_115,group_116,group_117,group_118,group_119
문후,향,모티브,뚜껑,연어,아르,그루,기호,마감,호선,기타,야마,왕,쓰레기,사,았,몬스터,즉시,브랜드,성질,려고,먼지,불만,예정,레,최,년,초록색,이용,컴퓨터,지점,침,뿌리,바이,낮,나머지,대학,출시,대한민국,스,정보,살,가능,바디,달라,재위,탄산,헝가리,기억,권력,지배,손질,합격,방학,상륙,롱,공부,미디엄,밀,오후,무한대,해지,여야,행위,독일어,신축,별개,관장,애,장식,사전,기,남쪽,명의,유래,관련,보충,대하,뿐,기반,입장,촬영,누,방,결혼,스크린,네,오프,안정,현금,다가,통일,다,늘,내지,속도,보이,찬성,폭,감성,전쟁,다그,가요,유원지,주류,의무,기념,신자,효과,동기,콜롬비아,동시,방향,의의,후반,구역,대회,도달,를,업무
제발,멍,네이버,쪽,야채,르,썩,문자,일로,,신규,,누나,칸막이,하리,,포켓,곧,게임,값,려,입자,지적,추정,디,박,월,보라색,활용,전략,좌석,천사,턱,페,,다섯,교수,판매,해외,머,,거주,충분,하드,,,시금치,런던,진리,경고,,지극,,연한,,트레이,고용,스트레이트,슬,오전,전이,,,,한국어,부지,달리,초대,,특색,혹시,,동쪽,성인,발견,,대체,,,바탕,의도,기재,콘,이대,,옵션,,트로피,소요,지불,여,통합,어,,상,,비롯,신청,편차,인지도,혁명,,재즈,수운,교육,가정,,교회,,평가,차이나,현재,,차이,초반,,시국,정착,을,
그거,골,동화,활,작물,피에르,장미,글자,계절,,등,,죽,휴식,도쿄,,레벨,라며,스페셜,차원,,온도,부담,예상,티,김,,검은색,사용,작업,고가,신성,눈,스트,,세부,대학교,수입,신라,캐,,,다양,사이드,,,장마,프랑스,지각,도전,,가,,독서,,톰,퇴직,스터디,블,,순환,,,,한글,병원,일치,대사,,특징,누구,,면적,남자,,,수행,,,중심,태도,언급,족,순,,버전,,라운드,부작용,금액,면서,폐지,경우,,피고,,유지,부탁,몸무게,향기,,,노래,각지,문화,신분,,,,과정,브라질,외,,관계,초,,축제,진출,,
적중,광저우,영화,윗,약품,,가방,한자,겨울,,종합,,언니,고급,난,,타입,일부러,보드,개념,,함량,충격,추측,리,,,색상,,기술,차선,단종,얼음,헤,,일부,,운영,외국,너,,,적절,톱,,,달구,미국,맥락,대치,,본연,,성균관,,터스,졸업,카오스,울,,하층,,,,일본어,서초구,구별,주관,,양식,보시,,인구,자제,,,보완,,,배경,노력,참고,브루,대흥,,머신,,역전,치유,구입,,분리,어서,,만점,,확보,의견,증가,시선,,,녹음,상권,역사,과실,,,,연구,터키,시대,,가치,,,전시회,건너,,
만족감,지리,이미지,상자,과일,,모자,표기,크리스마스,,개선,,친척,컨테이너,나리,,메탈,도중,아메리칸,공간,,탄소,도움,예측,,,,흰색,,프로세스,사거리,악,이빨,쉬,,각,,제조,각국,트,,,애매,포크,,,유독,포르투,의식,권유,,공존,,경희대,,릿,사정,보너스,델,,유리,,,,중국어,쇼핑몰,별도,축하,,혼합,과연,,,간첩,,,판단,,,,목적,찍,스트로,융,,컬러,,야구,집중,통화,,편입,면,,원내,,발휘,요청,밝기,말투,,,멤버,늪,사상,원칙,,,,과제,인도,과거,,오류,,,행사,정복,,
사이다,주,이벤트,바닥,버섯,,웃,,일주일,,특화,,동생,포대,가미,,,뻔,샵,방법,,공기,고민,,,,,띠,,응용,고개,우상,모양,코,,대부분,,생산,우리나라,빙,,,확실,핀,,,비만,영국,자연,압박,,하자,,수업,,어스,자격,훅,,,초고,,,,영어,광화문,실제,역대,,디자인,무슨,,,중학생,,,확장,,,,시도,붙이,알바,주지,,마이크로,,챔피언,생기,고객,,변경,며,,불과,,강조,,최소,최대한,,,힙합,길목,회화,혜택,,,,결과,동부,옛날,,장애,,,세미나,출발,,
신랑,성,출판사,오른쪽,달걀,,침대,,날짜,,지원,,아버지,야외,짱,,,소식,레코드,집합,,에너지,논란,,,,,빛깔,,시스템,전면,이름,땅,폴,,상위,,제품,국내,,,,완벽,퍼스트,,,막걸리,스페인,본질,집착,,작정,,전공,,레이,근무,데스크,,,피드백,,,,영문,본점,구분,등장,,외형,얼마나,,,엄마,,,파악,,,,계획,검색,솔,용인,,서버,,포지션,전복,예약,,합치,더라도,,동의,,담당,,퍼센트,흔적,,,팝,파도,친,생활,,,,수준,케냐,당시,,예외,,,단체,피신,,
빵집,상하이,로고,한쪽,제과,,고양이,,가을,,표준화,,아들,장갑,오기,,,얼마,로얄,모형,,고체,영향,,,,,파란색,,프로그램,차도,천국,조각,스파,,분류,,유통,대한,,,,강하,루프,,,서빙,마니아,경험,무관심,,세분,,연희,,크리스,,최고급,,,곱,,,,,서울,흡사,올해,,건축,상대방,,,어린이,,,이동,,,,,편집,마자,연,,패스,,상대,정체,비용,,개정,듯이,,폐기,,역할,,간격,평소,,,사운드,우림,경향,국적,,,,분야,유엔,이외,,문제,,,모임,격파,,
요가,불리,세대,글씨,기름,,호랑이,,일과,,활성화,,조카,수색,구로,,,잠깐,믹스,법칙,,빛,불편,,,,,빨간색,,환경,지하철,고하,바다,스포,,각자,,개발,전국,,,,유일,포트,,,휴지,이탈리아,삶,부정,,그대로,,숙명,,스파이,,프롬,,,음향,,,,,공영,비슷,선정,,구조,어디,,,연락,,,처리,,,,,작성,베르가,신한,,시트,,주심,비리,상품,,개편,게,,접수,,수용,,물가,감상,,,음악,겨울철,대중,제한,,,,단계,국립공원,앞서,,의미,,,기념일,철수,,
통째,성의,베스트셀러,다리,소금,,제비,,월요일,,전문가,,딸,병과,기요,,,어요,시리즈,조건,,진동,반감,,,,,색깔,,인터넷,차로,잠,꽃,필,,번호,,제작,자국,,,,분명,파이,,,귤,유럽,깨달음,원망,,한탄,,교내,,워터,,메시,,,핵,,,,,시청,마찬가지,유명,,외관,만약,,,학생,,,선택,,,,,등록,엔,청,,샷,,지명,유입,만원,,독립,거나,,제청,,선호,,미터,욕심,,,랩,빙하,지도,하,,,,요소,반도,후기,,여지,,,회의,공격,,
한식,샹,그림,바깥,고기,,껍데기,,전,,필수,,어머니,폭탄,오지,,,대로,션,,,질소,관심,,,,,갈색,,방식,출입문,품,소리,프,,해당,,,세계,,,,부족,파티,,,견과,독일,조화,확신,,해치,,국문,,린,,뚜,,,흡입,,,,,종로,,탄생,,차이점,반드시,,,여자,,,진행,,,,,표시,타,고령,,앱,,순위,고장,영업,,,고,,한정,,포함,,분량,영감,,,리스트,동북,서적,직업,,,,기회,지방,당초,,근거,,,시위,공략,,
최면,구의,패션,부위,나물,,마구,,금요일,,안전,,,엘리베이터,나기,,,한참,클래식,,,액체,우려,,,,,녹색,,장비,정면,그대,줄기,드,,몇몇,,,동양,,,,상당,더블,,,명품,베를린,감각,화해,,충만,,유학,,스탠,,터치스크린,,,전구,,,,,아파트,,도서,,측면,내용,,,소년,,,배치,,,,,알리,이오,남,,업그레이드,,경기,환기,기부,,,,,연장,,감안,,최대,사치,,,싱글,번창,현대,요건,,,,체계,하와이,시기,,한계,,,,,,
이력,중화,이야기,천장,레몬,,돌,,개월,,원조,,,안내,타로,,,가기,채널,,,태양,의문,,,,,주황색,,하드웨어,통로,목,뜻,피,,마다,,,조선,,,,희귀,톤,,,말로,벨기에,시각,당황,,아이러니,,평생,,에이,,와일드,,,완비,,,,,회관,,공식,,원형,전혀,,,구성원,,,고정,,,,,확인,마리아,이인,,노트북,,점수,중독,매출,,,,,우선,,갖,,규모,감동,,,,내륙,로서,노동자,,,,요인,마카오,이후,,,,,,,,
맹활약,급,대화,모서리,새우,,차림,,마지막,,수집,,,도장,토,,,겨우,하우스,,,회전,걱정,,,,,노란색,,기능,시내,모시,머리,발,,순서,,,고려,,,,일정,뷰,,,심해,파리,적응,적극,,눈치,,학년,,스테이,,블럭,,,열,,,,,빌딩,,모금,,이점,실수,,,주민,,,취급,,,,,인용,바리,직,,터치,,시즌,격상,결제,,,,,적정,,초월,,약,자부심,,,,요새,전반,보상,,,,주제,지역,덕분,,,,,,,,
지하철역,성도,책,가로,계란,,강물,,하루,,조합,,,전시,국,,,마침,매니아,,,농도,갈등,,,,,,,기기,출구,조상,열매,팔,,다수,,,중국,,,,저렴,웨이브,,,스콘,,상상,약속,,부합,,학기,,브루스,,볼륨,,,원통,,,,,공사,,정기,,형태,본인,,,비밀,,,추출,,,,,발표,파스,공,,스트림,,플레이,피해,운전,,,,,적립,,부여,,광년,웃음,,,,도보,즘,연령,,,,목표,전선,근래,,,,,,,,
근거리,현,장면,바늘,당근,,불타,,그날,,전문,,,레스토랑,오이,,,감히,팬,,,밀도,어려움,,,,,,,기계,입구,주인,잎,엘,,별,,,일본,,,,상세,라인,,,숟가락,,영혼,거부,,고요,,경성,,데이,,넌,,,화학,,,,,용산구,,상임,,형식,당신,,,요원,,,설명,,,,,소개,스타,규,,포인트,,승부,날씨,파운드,,,,,일수,,지향,,높이,표정,,,,생활권,미술,자유,,,,,남미,애초,,,,,,,,
저기,망,광고,꼭대기,후추,,덩이,,휴일,,인증,,,냉방,촌,,,모조리,픽,,,성분,,,,,,,,,청량리,전설,껍질,벨,,각각,,,,,,,익숙,에어,,,냉장,,행복,무시,,가늠,,강의,,닉,,프로젝터,,,수의,,,,,공연장,,정식,,장점,계시,,,여성,,,전환,,,,,,나로,좌,,아이템,,세이브,해진,전화,,,,,삭감,,자랑,,용량,습관,,,,인근,대안,건강,,,,,호주,최근,,,,,,,,
시한,찌,출판물,의자,생강,,셔츠,,아침,,인적,,,대형,아시,,,틈,컴,,,수분,,,,,,,,,차량,돈,나무,펠,,개별,,,,,,,중요,익스,,,양질,,실천,반성,,기보,,시험,,햄,,제로,,,가산,,,,,공원,,기고,,특성,아무,,,커플,,,제거,,,,,,데스,안주,,카메라,,이기,몰리,무료,,,,,대가,,차지,,고도,공감,,,,주택가,철학,개개인,,,,,콩,시절,,,,,,,,
인사동,룽,뮤직비디오,왼쪽,크림,,강아지,,새해,,소통,,,납품,가도,,,순식간,홈,,,가열,,,,,,,,,역,설,겉,포,,여러,,,,,,,심각,알파,,,대추,,균형,실패,,누락,,유치원,,터,,뱅,,,중성,,,,,사무실,,건국,,고유,거짓말,,,연인,,,연결,,,,,,보스,증,,스피커,,패,가세,충전,,,,,상한,,신뢰,,수량,면모,,,,멀리,운동,차별,,,,,대통령,나중,,,,,,,,
깡패,림,작품,창문,종이,,눈물,,부터,,위주,,,실,혼,,,일찍,스토어,,,,,,,,,,,,도로,소문,피부,브라,,몇,,,,,,,강력,퓨,,,베이컨,,인간,반대,,다짐,,세종,,리치,,닷,,,능동,,,,,도서관,,명칭,,,인지,,,외국인,,,제공,,,,,,오스,양주,,패키지,,매치,화,대여,,,,,불가,,제외,,절반,매력,,,,목적지,성향,명예,,,,,중앙,,,,,,,,,
맞은편,핑,소재,끈,케이크,,꼬,,일요일,,과장,,,용품,유,,,홀로,애플,,,,,,,,,,,,댐,보물,바람,베리,,,,,,,,,순수,펄,,,오븐,,성적,배신,,심지어,,사서,,킹,,이지,,,꼴,,,,,진해,,대표,,,계정,,,애인,,,조절,,,,,,롯,격,,서브,,컵,출동,할인,,,,,서면,,만족,,난이도,열정,,,,관광지,주요한,양심,,,,,멕시코,,,,,,,,,
대관령,옹,컨셉,계단,섭취,,접,,주말,,기업,,,구경,로쿠,,,핑계,핫,,,,,,,,,,,,고속,묘,얼굴,투,,,,,,,,,만하,블루,,,겉모습,,내면,지지,,가라,,,,렛,,네모,,,뇌,,,,,단지,,회,,,출처,,,중국인,,,구성,,,,,,모스,평,,아웃,,주자,위장,구매,,,,,사면,,추구,,등급,진심,,,,지하,라틴,국민,,,,,뉴욕,,,,,,,,,
한몫,낭,미스터리,양쪽,배추,,털,,수요일,,마케팅,,,조명,아마,,,탓,자회사,,,,,,,,,,,,탑,욕,구멍,테,,,,,,,,,필요,미니,,,파우더,,우리,불구,,아예,,,,버드,,새,,,탄성,,,,,번지,,출판,,,잘못,,,피해자,,,해결,,,,,,츄,이천,,마우스,,동점,폭풍,요금,,,,,전부,,보유,,작고,호기심,,,,너머,화가,보장,,,,,과테말라,,,,,,,,,
쿠폰,위안,엔딩,갈래,향신료,,녹,,첫날,,분배,,,전시장,호,,,자,그랜드,,,,,,,,,,,,선,정성,옷,마르,,,,,,,,,적당,킥,,,노른자,,성취,고소,,평이,,,,로즈,,멜론,,,유기,,,,,잠실,,후원,,,언제,,,직장,,,계산,,,,,,테이,홍,,체크,,롯데,소음,,,,,,특별,,존재,,이상,복장,,,,인접,발전,강제,,,,,,,,,,,,,,
대통,잉,코너,단추,음료,,처럼,,생일,,안보,,,번호판,아지,,,순간,아트,,,,,,,,,,,,대중교통,인조,상처,메,,,,,,,,,,토크,,,자락,,신념,진정,,따라서,,,,빅,,처,,,합,,,,,동대문,,,,,궁금,,,젊은이,,,표현,,,,,,셀,태위,,카드,,시드,동반,,,,,,정상,,표방,,미만,만큼,,,,경계,대중화,,,,,,,,,,,,,,,
반년,강,만화,사방,도자기,,방울,,종료,,부문,,,실내,구미,,,으러,베스트,,,,,,,,,,,,,대접,흙,파,,,,,,,,,,체인,,,감귤,,힘,방해,,사과,,,,프리,,럽,,,해수,,,,,강남,,,,,결론,,,인사,,,마련,,,,,,탈,대정,,기어,,,고갈,,,,,,총,,,,무려,교훈,,,,여행,계열,,,,,,,,,,,,,,,
직장인,구,주제가,손가락,발효,,구슬,,여름,,관리,,,보관,가의,,,더니,월드,,,,,,,,,,,,,신하,모래,칼,,,,,,,,,,레이스,,,찻잎,,서로,타도,,나름,,,,콕,,맞춤,,,편도,,,,,고층,,,,,여러분,,,아마추어,,,완성,,,,,,산타,응,,코드,,,사고,,,,,,감사,,,,비중,추세,,,,장소,주의,,,,,,,,,,,,,,,
온통,퉁,갤러리,가까이,샌드위치,,귀신,,쯤,,각종,,,함정,고로,,,자마자,온라인,,,,,,,,,,,,,황태,몸,,,,,,,,,,,아몬드,,,와플,,자기,음모,,단호,,,,브래드,,벅,,,후각,,,,,광진구,,,,,라면,,,어른,,,결정,,,,,,체,장안,,컨트롤,,,갈수록,,,,,,표,,,,길이,기교,,,,제주도,전통,,,,,,,,,,,,,,,
낭시,추,스토리,작,쌀,,온몸,,이내,,상호,,,가구,이요,,,직후,파트너,,,,,,,,,,,,,거지,하늘,,,,,,,,,,,파워,,,생수,,체험,포기,,주저,,,,링,,프렌치,,,그래프,,,,,대구,,,,,장난,,,부모님,,,접근,,,,,,츠,이진,,윈도,,,일시,,,,,,상의,,,,비율,목소리,,,,거주지,예술,,,,,,,,,,,,,,,
절하,징,투고,지붕,증류,,아기,,째,,기존,,,주력,하마,,,채,드림,,,,,,,,,,,,,대왕,덩어리,,,,,,,,,,,이드,,,우산,,세상,실망,,여서,,,,샘,,데이트,,,필라멘트,,,,,시장,,,,,누군가,,,관광객,,,구현,,,,,,포스,낙,,자동,,,피하,,,,,,조기,,,,기온,연상,,,,강변,유행,,,,,,,,,,,,,,,
반상,밍,유머,받침,포도,,속,,준비,,소비,,,창고,번은,,,직전,라이프,,,,,,,,,,,,,사지,,,,,,,,,,,,이스트,,,병아리,,현상,유혹,,적기,,,,핑크,,쇼케이스,,,조음,,,,,명동,,,,,어찌,,,학부모,,,반복,,,,,,타르,종,,태그,,,불량,,,,,,최소한,,,,상승,기적,,,,근방,,,,,,,,,,,,,,,,
몽블랑,예,문구,쌍,홍차,,오리,,즈음,,경영,,,제철,마나,,,위로,라이브,,,,,,,,,,,,,사자,,,,,,,,,,,,레스트,,,소량,,그것,자처,,한마디,,,,블랙,,버거,,,신경,,,,,남산,,,,,질문,,,결혼식,,,정리,,,,,,에프,택,,커버,,,소화,,,,,,인원,,,,개수,묘사,,,,숲,,,,,,,,,,,,,,,,
담요,휘,서점,밑,아이스크림,,토끼,,목요일,,상담,,,잔디,큐,,,잠시,페어,,,,,,,,,,,,,신,,,,,,,,,,,,다크,,,공생,,즉,관여,,짐작,,,,굿,,닥,,,물리,,,,,은행,,,,,,,,한국인,,,설정,,,,,,아,삭,,링크,,,발생,,,,,,결,,,,이하,추억,,,,사이,,,,,,,,,,,,,,,,
병적,구이,포스터,아래,곡물,,인형,,마치,,외부,,,중인,모로,,,먼저,푸드,,,,,,,,,,,,,곤,,,,,,,,,,,,아이스,,,화관,,일상,자칭,,능가,,,,레인,,카테고리,,,상층,,,,,호텔,,,,,,,,자신,,,,,,,,,라트,청도,,브레이크,,,고혈압,,,,,,공지,,,,평균,상상력,,,,교외,,,,,,,,,,,,,,,,
난리,산,카페,뒤쪽,굽,,대나무,,일자,,홍보,,,공장,류,,,자취,프로,,,,,,,,,,,,,사도,,,,,,,,,,,,스틸,,,핑크색,,현실,저항,,조심,,,,골드,,디시,,,알갱이,,,,,건물,,,,,,,,,,,,,,,,,일리,서북,,칩,,,스트레스,,,,,,기한,,,,대략,여유,,,,입지,,,,,,,,,,,,,,,,
만난,,트위터,가장자리,담배,,곰,,오늘,,보호,,,콘크리트,소가,,,각오,투어,,,,,,,,,,,,,쟁,,,,,,,,,,,,라이트,,,벨벳,,상황,칭찬,,변명,,,,우드,,스펙,,,허블,,,,,경기도,,,,,,,,,,,,,,,,,리코,태,,필터,,,장해,,,,,,부가,,,,,광경,,,,녹지,,,,,,,,,,,,,,,,
웠,,캐릭터,위쪽,양배추,,마리,,중이,,개방,,,지상,소라,,,,모닝,,,,,,,,,,,,,병,,,,,,,,,,,,다운,,,국화,,정신,거세,,무지,,,,제리,,등등,,,혈압,,,,,복합,,,,,,,,,,,,,,,,,테라,이서,,텍스트,,,사태,,,,,,단독,,,,,즐거움,,,,백두산,,,,,,,,,,,,,,,,
정감,,모험,군데,샐러드,,거울,,매년,,및,,,경주,도도,,,,맥스,,,,,,,,,,,,,술,,,,,,,,,,,,폼,,,유황,,내적,배려,,차라리,,,,로스트,,저가,,,코로나,,,,,광장,,,,,,,,,,,,,,,,,아이,백,,모니터,,,전세,,,,,,상장,,,,,시원,,,,곳곳,,,,,,,,,,,,,,,,
성원,,테마,겹,파스타,,깃,,기간,,품질,,,난방,치,,,,플러스,,,,,,,,,,,,,척,,,,,,,,,,,,마스크,,,토핑,,,압도,,본래,,,,러,,클리어,,,혈관,,,,,쇼핑,,,,,,,,,,,,,,,,,메리,진,,스마트,,,극도,,,,,,정산,,,,,재치,,,,어선,,,,,,,,,,,,,,,,
사시,,,벽,주스,,감기,,시간대,,,,,옥상,정이,,,,,,,,,,,,,,,,,냥,,,,,,,,,,,,스틱,,,찹쌀,,,오히려,,간소,,,,홀,,센스,,,기류,,,,,백화점,,,,,,,,,,,,,,,,,칸,교,,주소,,,고생,,,,,,부실,,,,,바보,,,,시골,,,,,,,,,,,,,,,,
일지,,,주위,해산물,,뭉치,,개시,,,,,등산,타루,,,,,,,,,,,,,,,,,무당,,,,,,,,,,,,리얼,,,약용,,,타협,,정답,,,,에드,,커드,,,인공,,,,,구청,,,,,,,,,,,,,,,,,빌라,오산,,영상,,,인하,,,,,,,,,,,재미,,,,휴양지,,,,,,,,,,,,,,,,
사려,,,안쪽,피자,,푸른,,지나,,,,,마차,타가,,,,,,,,,,,,,,,,,수하,,,,,,,,,,,,셋,,,애기,,,성공,,참으로,,,,맥,,조이,,,경도,,,,,층,,,,,,,,,,,,,,,,,보리스,변,,디스플레이,,,점차,,,,,,,,,,,평범,,,,한강,,,,,,,,,,,,,,,,
입장료,,,담장,딸기,,땀,,당일,,,,,소총,료,,,,,,,,,,,,,,,,,촉,,,,,,,,,,,,빔,,,칼집,,,무마,,낫,,,,그레이,,나인,,,비등,,,,,상가,,,,,,,,,,,,,,,,,키,문,,드라이브,,,흡연,,,,,,,,,,,극적,,,,연해,,,,,,,,,,,,,,,,
어딘가,,,손잡이,생선,,싹,,동안,,,,,소규모,쓰시,,,,,,,,,,,,,,,,,절,,,,,,,,,,,,핸드,,,숙성,,,,,정작,,,,로이스,,판이,,,무한,,,,,여의도,,,,,,,,,,,,,,,,,왈,평양,,박스,,,청소,,,,,,,,,,,생생,,,,일주,,,,,,,,,,,,,,,,
달랑,,,,가루,,풀,,내내,,,,,전신,쇼,,,,,,,,,,,,,,,,,일행,,,,,,,,,,,,헤비,,,녹차,,,,,잔류,,,,세인트,,레터,,,분기,,,,,타워,,,,,,,,,,,,,,,,,롤,대도,,,,,물의,,,,,,,,,,,인상,,,,동굴,,,,,,,,,,,,,,,,
나누기,,,,식물,,반점,,이틀,,,,,도감,노,,,,,,,,,,,,,,,,,불상,,,,,,,,,,,,메인,,,유제품,,,,,고심,,,,피트,,피지,,,식이,,,,,센터,,,,,,,,,,,,,,,,,브리,찬,,,,,최악,,,,,,,,,,,세련,,,,기지,,,,,,,,,,,,,,,,
녀석,,,,고추,,주먹,,화요일,,,,,공수,지로,,,,,,,,,,,,,,,,,짓,,,,,,,,,,,,오라,,,한우,,,,,혼돈,,,,브라운,,피크,,,정점,,,,,주차장,,,,,,,,,,,,,,,,,미아,경복궁,,,,,마약,,,,,,,,,,,기운,,,,풍경,,,,,,,,,,,,,,,,
그린피스,,,,마늘,,길가,,토요일,,,,,화장실,스루,,,,,,,,,,,,,,,,,하사,,,,,,,,,,,,코트,,,탄력,,,,,좀더,,,,워,,오션,,,량,,,,,주택,,,,,,,,,,,,,,,,,즐,정은,,,,,부각,,,,,,,,,,,친절,,,,부근,,,,,,,,,,,,,,,,
포르투갈,,,,호박,,나뭇잎,,매일,,,,,용,유우,,,,,,,,,,,,,,,,,본기,,,,,,,,,,,,짐,,,햇빛,,,,,실감,,,,화이트,,스팅,,,각의,,,,,부산,,,,,,,,,,,,,,,,,리트,금,,,,,혼잡,,,,,,,,,,,사랑,,,,건너편,,,,,,,,,,,,,,,,
선지,,,,코코넛,,접시,,마무리,,,,,무궁화,사가,,,,,,,,,,,,,,,,,데리,,,,,,,,,,,,자바,,,습,,,,,질리,,,,레드,,액,,,농축,,,,,인천,,,,,,,,,,,,,,,,,젠,심,,,,,소란,,,,,,,,,,,흥미,,,,거점,,,,,,,,,,,,,,,,
괴이,,,,바나나,,떼,,년도,,,,,정원,이즈,,,,,,,,,,,,,,,,,소원,,,,,,,,,,,,잼,,,연필,,,,,아쉬움,,,,레이디,,갱,,,거품,,,,,,,,,,,,,,,,,,,,,,젤리,장,,,,,,,,,,,,,,,,호평,,,,강가,,,,,,,,,,,,,,,,
여기저기,,,,밀가루,,빨,,봄,,,,,재활용,세이,,,,,,,,,,,,,,,,,무르,,,,,,,,,,,,마리오,,,해초,,,,,의아,,,,가든,,줌,,,축,,,,,,,,,,,,,,,,,,,,,,트리,원,,,,,,,,,,,,,,,,꿈,,,,,,,,,,,,,,,,,,,,
토로,,,,즙,,무리,,달이,,,,,전용,주니,,,,,,,,,,,,,,,,,논,,,,,,,,,,,,스프,,,우동,,,,,보편,,,,라이,,스푼,,,배기,,,,,,,,,,,,,,,,,,,,,,오,장사,,,,,,,,,,,,,,,,환상,,,,,,,,,,,,,,,,,,,,
회사원,,,,고구마,,참새,,연말,,,,,,스케,,,,,,,,,,,,,,,,,선물,,,,,,,,,,,,세미,,,난로,,,,,주시,,,,존,,통해,,,수면,,,,,,,,,,,,,,,,,,,,,,론,통,,,,,,,,,,,,,,,,용기,,,,,,,,,,,,,,,,,,,,
힌트,,,,식물성,,쥐,,전날,,,,,,군,,,,,,,,,,,,,,,,,,,,,,,,,,,,,타임,,,장난감,,,,,한가지,,,,리프,,퀄,,,반구,,,,,,,,,,,,,,,,,,,,,,겔,맹,,,,,,,,,,,,,,,,한층,,,,,,,,,,,,,,,,,,,,
폭염,,,,시럽,,치마,,휴가,,,,,,하야,,,,,,,,,,,,,,,,,,,,,,,,,,,,,틀,,,실물,,,,,밋밋,,,,클린,,배드,,,겉보기,,,,,,,,,,,,,,,,,,,,,,이크,복,,,,,,,,,,,,,,,,깊이,,,,,,,,,,,,,,,,,,,,
팜플렛,,,,두부,,매달,,,,,,,,가나,,,,,,,,,,,,,,,,,,,,,,,,,,,,,,,,토스트,,,,,과언,,,,시티,,케일,,,상수,,,,,,,,,,,,,,,,,,,,,,타고,탁,,,,,,,,,,,,,,,,그다지,,,,,,,,,,,,,,,,,,,,
소도시,,,,치즈,,엉덩이,,,,,,,,조,,,,,,,,,,,,,,,,,,,,,,,,,,,,,,,,식기,,,,,무방,,,,매,,번트,,,샘플,,,,,,,,,,,,,,,,,,,,,,츨,본적,,,,,,,,,,,,,,,,자신감,,,,,,,,,,,,,,,,,,,,
손길,,,,만두,,가끔,,,,,,,,정,,,,,,,,,,,,,,,,,,,,,,,,,,,,,,,,대리석,,,,,만이,,,,베이,,노트,,,표본,,,,,,,,,,,,,,,,,,,,,,리브,창,,,,,,,,,,,,,,,,명성,,,,,,,,,,,,,,,,,,,,
걸음,,,,맵,,자라,,,,,,,,신지,,,,,,,,,,,,,,,,,,,,,,,,,,,,,,,,후식,,,,,유추,,,,앤,,이어폰,,,현무암,,,,,,,,,,,,,,,,,,,,,,룰,영,,,,,,,,,,,,,,,,더욱,,,,,,,,,,,,,,,,,,,,
알도,,,,사탕,,잡,,,,,,,,미가,,,,,,,,,,,,,,,,,,,,,,,,,,,,,,,,소품,,,,,납득,,,,요크,,러버,,,원점,,,,,,,,,,,,,,,,,,,,,,슈,관,,,,,,,,,,,,,,,,본능,,,,,,,,,,,,,,,,,,,,
돌림,,,,땅콩,,,,,,,,,,미도,,,,,,,,,,,,,,,,,,,,,,,,,,,,,,,,억양,,,,,구비,,,,레이크,,디카,,,뉴턴,,,,,,,,,,,,,,,,,,,,,,페리,겸,,,,,,,,,,,,,,,,개성,,,,,,,,,,,,,,,,,,,,
제멋대로,,,,첨가,,,,,,,,,,나이,,,,,,,,,,,,,,,,,,,,,,,,,,,,,,,,탁자,,,,,감수,,,,그린,,타이밍,,,행렬,,,,,,,,,,,,,,,,,,,,,,온,덕,,,,,,,,,,,,,,,,실력,,,,,,,,,,,,,,,,,,,,
치부,,,,오일,,,,,,,,,,무,,,,,,,,,,,,,,,,,,,,,,,,,,,,,,,,무족,,,,,제보,,,,퍼스,,샌드,,,함유량,,,,,,,,,,,,,,,,,,,,,,릴,제주,,,,,,,,,,,,,,,,눈길,,,,,,,,,,,,,,,,,,,,
시지,,,,돼지,,,,,,,,,,오우,,,,,,,,,,,,,,,,,,,,,,,,,,,,,,,,감칠맛,,,,,탈바꿈,,,,뉴,,스탠다드,,,,,,,,,,,,,,,,,,,,,,,,,니,석,,,,,,,,,,,,,,,,솜씨,,,,,,,,,,,,,,,,,,,,
서도,,,,설탕,,,,,,,,,,가야,,,,,,,,,,,,,,,,,,,,,,,,,,,,,,,,엿,,,,,협소,,,,럼,,레모,,,,,,,,,,,,,,,,,,,,,,,,,퐁,동주,,,,,,,,,,,,,,,,취미,,,,,,,,,,,,,,,,,,,,
인파,,,,플라스틱,,,,,,,,,,가시,,,,,,,,,,,,,,,,,,,,,,,,,,,,,,,,망고,,,,,상이,,,,힐,,노멀,,,,,,,,,,,,,,,,,,,,,,,,,코스,상주,,,,,,,,,,,,,,,,,,,,,,,,,,,,,,,,,,,,
대세,,,,꿀,,,,,,,,,,이사,,,,,,,,,,,,,,,,,,,,,,,,,,,,,,,,머핀,,,,,보,,,,프라이,,패티,,,,,,,,,,,,,,,,,,,,,,,,,무스,당,,,,,,,,,,,,,,,,,,,,,,,,,,,,,,,,,,,,
여럿,,,,버터,,,,,,,,,,,,,,,,,,,,,,,,,,,,,,,,,,,,,,,,,,과육,,,,,대체로,,,,스트리트,,스팀,,,,,,,,,,,,,,,,,,,,,,,,,비치,천도,,,,,,,,,,,,,,,,,,,,,,,,,,,,,,,,,,,,
짱구,,,,치킨,,,,,,,,,,,,,,,,,,,,,,,,,,,,,,,,,,,,,,,,,,해물,,,,,기절,,,,덤,,세이버,,,,,,,,,,,,,,,,,,,,,,,,,부스,파출소,,,,,,,,,,,,,,,,,,,,,,,,,,,,,,,,,,,,
저런,,,,커피,,,,,,,,,,,,,,,,,,,,,,,,,,,,,,,,,,,,,,,,,,웨이퍼,,,,,착각,,,,호프,,드로잉,,,,,,,,,,,,,,,,,,,,,,,,,주기,갑,,,,,,,,,,,,,,,,,,,,,,,,,,,,,,,,,,,,
비결,,,,와인,,,,,,,,,,,,,,,,,,,,,,,,,,,,,,,,,,,,,,,,,,전문점,,,,,직역,,,,맨,,스탠드,,,,,,,,,,,,,,,,,,,,,,,,,몬,충,,,,,,,,,,,,,,,,,,,,,,,,,,,,,,,,,,,,
테라스,,,,식용,,,,,,,,,,,,,,,,,,,,,,,,,,,,,,,,,,,,,,,,,,식탁,,,,,연유,,,,로비,,핸들,,,,,,,,,,,,,,,,,,,,,,,,,오시,첨,,,,,,,,,,,,,,,,,,,,,,,,,,,,,,,,,,,,
백련,,,,수프,,,,,,,,,,,,,,,,,,,,,,,,,,,,,,,,,,,,,,,,,,간판,,,,,보기,,,,,,인덱스,,,,,,,,,,,,,,,,,,,,,,,,,맘,흠,,,,,,,,,,,,,,,,,,,,,,,,,,,,,,,,,,,,
응대,,,,허브,,,,,,,,,,,,,,,,,,,,,,,,,,,,,,,,,,,,,,,,,,대용,,,,,형편,,,,,,아담,,,,,,,,,,,,,,,,,,,,,,,,,른,흥,,,,,,,,,,,,,,,,,,,,,,,,,,,,,,,,,,,,
노천,,,,토마토,,,,,,,,,,,,,,,,,,,,,,,,,,,,,,,,,,,,,,,,,,기와,,,,,일관,,,,,,최강,,,,,,,,,,,,,,,,,,,,,,,,,사바,권,,,,,,,,,,,,,,,,,,,,,,,,,,,,,,,,,,,,
매진,,,,구리,,,,,,,,,,,,,,,,,,,,,,,,,,,,,,,,,,,,,,,,,,다이어트,,,,,당부,,,,,,클라우드,,,,,,,,,,,,,,,,,,,,,,,,,스티,북,,,,,,,,,,,,,,,,,,,,,,,,,,,,,,,,,,,,
안도,,,,목재,,,,,,,,,,,,,,,,,,,,,,,,,,,,,,,,,,,,,,,,,,향수,,,,,비록,,,,,,찬스,,,,,,,,,,,,,,,,,,,,,,,,,랄,청송,,,,,,,,,,,,,,,,,,,,,,,,,,,,,,,,,,,,
차고,,,,초콜릿,,,,,,,,,,,,,,,,,,,,,,,,,,,,,,,,,,,,,,,,,,산도,,,,,거만,,,,,,탭,,,,,,,,,,,,,,,,,,,,,,,,,쥬,사장,,,,,,,,,,,,,,,,,,,,,,,,,,,,,,,,,,,,
치자,,,,보리,,,,,,,,,,,,,,,,,,,,,,,,,,,,,,,,,,,,,,,,,,해바라기,,,,,빼,,,,,,전광판,,,,,,,,,,,,,,,,,,,,,,,,,아바,정문,,,,,,,,,,,,,,,,,,,,,,,,,,,,,,,,,,,,
보람,,,,육수,,,,,,,,,,,,,,,,,,,,,,,,,,,,,,,,,,,,,,,,,,투성이,,,,,혼재,,,,,,슈팅,,,,,,,,,,,,,,,,,,,,,,,,,젤,이정,,,,,,,,,,,,,,,,,,,,,,,,,,,,,,,,,,,,
명함,,,,과자,,,,,,,,,,,,,,,,,,,,,,,,,,,,,,,,,,,,,,,,,,사계절,,,,,내심,,,,,,카카오,,,,,,,,,,,,,,,,,,,,,,,,,쟈,봉,,,,,,,,,,,,,,,,,,,,,,,,,,,,,,,,,,,,
대국,,,,밀크,,,,,,,,,,,,,,,,,,,,,,,,,,,,,,,,,,,,,,,,,,양은,,,,,차용,,,,,,매트,,,,,,,,,,,,,,,,,,,,,,,,,로프,율,,,,,,,,,,,,,,,,,,,,,,,,,,,,,,,,,,,,
마상,,,,오렌지,,,,,,,,,,,,,,,,,,,,,,,,,,,,,,,,,,,,,,,,,,간식,,,,,장담,,,,,,머큐리,,,,,,,,,,,,,,,,,,,,,,,,,마스,혀,,,,,,,,,,,,,,,,,,,,,,,,,,,,,,,,,,,,
미각,,,,맥주,,,,,,,,,,,,,,,,,,,,,,,,,,,,,,,,,,,,,,,,,,전분,,,,,안심,,,,,,벅스,,,,,,,,,,,,,,,,,,,,,,,,,움,철,,,,,,,,,,,,,,,,,,,,,,,,,,,,,,,,,,,,
일인,,,,빵,,,,,,,,,,,,,,,,,,,,,,,,,,,,,,,,,,,,,,,,,,내기,,,,,겨냥,,,,,,초크,,,,,,,,,,,,,,,,,,,,,,,,,뤼,묵,,,,,,,,,,,,,,,,,,,,,,,,,,,,,,,,,,,,
서론,,,,천연,,,,,,,,,,,,,,,,,,,,,,,,,,,,,,,,,,,,,,,,,,간혹,,,,,정돈,,,,,,델타,,,,,,,,,,,,,,,,,,,,,,,,,오트,,,,,,,,,,,,,,,,,,,,,,,,,,,,,,,,,,,,,
청담,,,,식품,,,,,,,,,,,,,,,,,,,,,,,,,,,,,,,,,,,,,,,,,,떡볶이,,,,,웃기,,,,,,너리,,,,,,,,,,,,,,,,,,,,,,,,,스탈,,,,,,,,,,,,,,,,,,,,,,,,,,,,,,,,,,,,,
등교,,,,우유,,,,,,,,,,,,,,,,,,,,,,,,,,,,,,,,,,,,,,,,,,찜,,,,,다행,,,,,,랜덤,,,,,,,,,,,,,,,,,,,,,,,,,로스,,,,,,,,,,,,,,,,,,,,,,,,,,,,,,,,,,,,,
객,,,,소시지,,,,,,,,,,,,,,,,,,,,,,,,,,,,,,,,,,,,,,,,,,식욕,,,,,감탄,,,,,,오리진,,,,,,,,,,,,,,,,,,,,,,,,,툼,,,,,,,,,,,,,,,,,,,,,,,,,,,,,,,,,,,,,
안달,,,,분말,,,,,,,,,,,,,,,,,,,,,,,,,,,,,,,,,,,,,,,,,,표고,,,,,기약,,,,,,드라이,,,,,,,,,,,,,,,,,,,,,,,,,마이,,,,,,,,,,,,,,,,,,,,,,,,,,,,,,,,,,,,,
보아,,,,화장품,,,,,,,,,,,,,,,,,,,,,,,,,,,,,,,,,,,,,,,,,,물기,,,,,무언가,,,,,,라운지,,,,,,,,,,,,,,,,,,,,,,,,,페스,,,,,,,,,,,,,,,,,,,,,,,,,,,,,,,,,,,,,
전문직,,,,알코올,,,,,,,,,,,,,,,,,,,,,,,,,,,,,,,,,,,,,,,,,,팥죽,,,,,혹,,,,,,캐치,,,,,,,,,,,,,,,,,,,,,,,,,치아,,,,,,,,,,,,,,,,,,,,,,,,,,,,,,,,,,,,,
기전,,,,튀김,,,,,,,,,,,,,,,,,,,,,,,,,,,,,,,,,,,,,,,,,,압착,,,,,극찬,,,,,,하모니,,,,,,,,,,,,,,,,,,,,,,,,,디스,,,,,,,,,,,,,,,,,,,,,,,,,,,,,,,,,,,,,
소위,,,,김치,,,,,,,,,,,,,,,,,,,,,,,,,,,,,,,,,,,,,,,,,,팬케이크,,,,,세심,,,,,,로제,,,,,,,,,,,,,,,,,,,,,,,,,토리,,,,,,,,,,,,,,,,,,,,,,,,,,,,,,,,,,,,,
쏭,,,,떡,,,,,,,,,,,,,,,,,,,,,,,,,,,,,,,,,,,,,,,,,,스티커,,,,,이면,,,,,,맴,,,,,,,,,,,,,,,,,,,,,,,,,연대기,,,,,,,,,,,,,,,,,,,,,,,,,,,,,,,,,,,,,
후불,,,,국물,,,,,,,,,,,,,,,,,,,,,,,,,,,,,,,,,,,,,,,,,,버들,,,,,도저히,,,,,,판,,,,,,,,,,,,,,,,,,,,,,,,,톨,,,,,,,,,,,,,,,,,,,,,,,,,,,,,,,,,,,,,
남아,,,,,,,,,,,,,,,,,,,,,,,,,,,,,,,,,,,,,,,,,,,,,,따위,,,,,상관,,,,,,비어,,,,,,,,,,,,,,,,,,,,,,,,,란,,,,,,,,,,,,,,,,,,,,,,,,,,,,,,,,,,,,,
복병,,,,,,,,,,,,,,,,,,,,,,,,,,,,,,,,,,,,,,,,,,,,,,자갈,,,,,대신,,,,,,톡,,,,,,,,,,,,,,,,,,,,,,,,,위트,,,,,,,,,,,,,,,,,,,,,,,,,,,,,,,,,,,,,
팔도,,,,,,,,,,,,,,,,,,,,,,,,,,,,,,,,,,,,,,,,,,,,,,우화,,,,,으리,,,,,,쿠키,,,,,,,,,,,,,,,,,,,,,,,,,비스,,,,,,,,,,,,,,,,,,,,,,,,,,,,,,,,,,,,,
감점,,,,,,,,,,,,,,,,,,,,,,,,,,,,,,,,,,,,,,,,,,,,,,낙지,,,,,,,,,,,백신,,,,,,,,,,,,,,,,,,,,,,,,,모,,,,,,,,,,,,,,,,,,,,,,,,,,,,,,,,,,,,,
신세계,,,,,,,,,,,,,,,,,,,,,,,,,,,,,,,,,,,,,,,,,,,,,,겨자,,,,,,,,,,,테이크,,,,,,,,,,,,,,,,,,,,,,,,,템,,,,,,,,,,,,,,,,,,,,,,,,,,,,,,,,,,,,,
뉘앙스,,,,,,,,,,,,,,,,,,,,,,,,,,,,,,,,,,,,,,,,,,,,,,쌈,,,,,,,,,,,업,,,,,,,,,,,,,,,,,,,,,,,,,리아,,,,,,,,,,,,,,,,,,,,,,,,,,,,,,,,,,,,,
저격,,,,,,,,,,,,,,,,,,,,,,,,,,,,,,,,,,,,,,,,,,,,,,유리창,,,,,,,,,,,일드,,,,,,,,,,,,,,,,,,,,,,,,,룸,,,,,,,,,,,,,,,,,,,,,,,,,,,,,,,,,,,,,
밑바닥,,,,,,,,,,,,,,,,,,,,,,,,,,,,,,,,,,,,,,,,,,,,,,철제,,,,,,,,,,,콧,,,,,,,,,,,,,,,,,,,,,,,,,라지,,,,,,,,,,,,,,,,,,,,,,,,,,,,,,,,,,,,,
서너,,,,,,,,,,,,,,,,,,,,,,,,,,,,,,,,,,,,,,,,,,,,,,장시간,,,,,,,,,,,펜더,,,,,,,,,,,,,,,,,,,,,,,,,팍,,,,,,,,,,,,,,,,,,,,,,,,,,,,,,,,,,,,,
잠적,,,,,,,,,,,,,,,,,,,,,,,,,,,,,,,,,,,,,,,,,,,,,,살구,,,,,,,,,,,렌트,,,,,,,,,,,,,,,,,,,,,,,,,잔,,,,,,,,,,,,,,,,,,,,,,,,,,,,,,,,,,,,,
성수,,,,,,,,,,,,,,,,,,,,,,,,,,,,,,,,,,,,,,,,,,,,,,유기농,,,,,,,,,,,맴버,,,,,,,,,,,,,,,,,,,,,,,,,아스,,,,,,,,,,,,,,,,,,,,,,,,,,,,,,,,,,,,,
인심,,,,,,,,,,,,,,,,,,,,,,,,,,,,,,,,,,,,,,,,,,,,,,무색,,,,,,,,,,,웨딩,,,,,,,,,,,,,,,,,,,,,,,,,라이스,,,,,,,,,,,,,,,,,,,,,,,,,,,,,,,,,,,,,
삼성동,,,,,,,,,,,,,,,,,,,,,,,,,,,,,,,,,,,,,,,,,,,,,,유색,,,,,,,,,,,씬,,,,,,,,,,,,,,,,,,,,,,,,,소,,,,,,,,,,,,,,,,,,,,,,,,,,,,,,,,,,,,,
쉽사리,,,,,,,,,,,,,,,,,,,,,,,,,,,,,,,,,,,,,,,,,,,,,,에스프레소,,,,,,,,,,,스팟,,,,,,,,,,,,,,,,,,,,,,,,,,,,,,,,,,,,,,,,,,,,,,,,,,,,,,,,,,,,,,
자칫,,,,,,,,,,,,,,,,,,,,,,,,,,,,,,,,,,,,,,,,,,,,,,피클,,,,,,,,,,,슬로우,,,,,,,,,,,,,,,,,,,,,,,,,,,,,,,,,,,,,,,,,,,,,,,,,,,,,,,,,,,,,,
멱,,,,,,,,,,,,,,,,,,,,,,,,,,,,,,,,,,,,,,,,,,,,,,바삭,,,,,,,,,,,넛,,,,,,,,,,,,,,,,,,,,,,,,,,,,,,,,,,,,,,,,,,,,,,,,,,,,,,,,,,,,,,
뷔페,,,,,,,,,,,,,,,,,,,,,,,,,,,,,,,,,,,,,,,,,,,,,,카페인,,,,,,,,,,,플레인,,,,,,,,,,,,,,,,,,,,,,,,,,,,,,,,,,,,,,,,,,,,,,,,,,,,,,,,,,,,,,
한남동,,,,,,,,,,,,,,,,,,,,,,,,,,,,,,,,,,,,,,,,,,,,,,뜸,,,,,,,,,,,프리미엄,,,,,,,,,,,,,,,,,,,,,,,,,,,,,,,,,,,,,,,,,,,,,,,,,,,,,,,,,,,,,,
게라,,,,,,,,,,,,,,,,,,,,,,,,,,,,,,,,,,,,,,,,,,,,,,잔뜩,,,,,,,,,,,멘트,,,,,,,,,,,,,,,,,,,,,,,,,,,,,,,,,,,,,,,,,,,,,,,,,,,,,,,,,,,,,,
만족도,,,,,,,,,,,,,,,,,,,,,,,,,,,,,,,,,,,,,,,,,,,,,,바닐라,,,,,,,,,,,플랫,,,,,,,,,,,,,,,,,,,,,,,,,,,,,,,,,,,,,,,,,,,,,,,,,,,,,,,,,,,,,,
손수,,,,,,,,,,,,,,,,,,,,,,,,,,,,,,,,,,,,,,,,,,,,,,금은,,,,,,,,,,,포토,,,,,,,,,,,,,,,,,,,,,,,,,,,,,,,,,,,,,,,,,,,,,,,,,,,,,,,,,,,,,,
스핑크스,,,,,,,,,,,,,,,,,,,,,,,,,,,,,,,,,,,,,,,,,,,,,,자두,,,,,,,,,,,숏,,,,,,,,,,,,,,,,,,,,,,,,,,,,,,,,,,,,,,,,,,,,,,,,,,,,,,,,,,,,,,
이보,,,,,,,,,,,,,,,,,,,,,,,,,,,,,,,,,,,,,,,,,,,,,,배관,,,,,,,,,,,마르셀,,,,,,,,,,,,,,,,,,,,,,,,,,,,,,,,,,,,,,,,,,,,,,,,,,,,,,,,,,,,,,
안녕,,,,,,,,,,,,,,,,,,,,,,,,,,,,,,,,,,,,,,,,,,,,,,길거리,,,,,,,,,,,텐션,,,,,,,,,,,,,,,,,,,,,,,,,,,,,,,,,,,,,,,,,,,,,,,,,,,,,,,,,,,,,,
문도,,,,,,,,,,,,,,,,,,,,,,,,,,,,,,,,,,,,,,,,,,,,,,벚꽃,,,,,,,,,,,스코프,,,,,,,,,,,,,,,,,,,,,,,,,,,,,,,,,,,,,,,,,,,,,,,,,,,,,,,,,,,,,,
매번,,,,,,,,,,,,,,,,,,,,,,,,,,,,,,,,,,,,,,,,,,,,,,타르트,,,,,,,,,,,리더,,,,,,,,,,,,,,,,,,,,,,,,,,,,,,,,,,,,,,,,,,,,,,,,,,,,,,,,,,,,,,
여태,,,,,,,,,,,,,,,,,,,,,,,,,,,,,,,,,,,,,,,,,,,,,,카펫,,,,,,,,,,,도트,,,,,,,,,,,,,,,,,,,,,,,,,,,,,,,,,,,,,,,,,,,,,,,,,,,,,,,,,,,,,,
실격,,,,,,,,,,,,,,,,,,,,,,,,,,,,,,,,,,,,,,,,,,,,,,흰자,,,,,,,,,,,키즈,,,,,,,,,,,,,,,,,,,,,,,,,,,,,,,,,,,,,,,,,,,,,,,,,,,,,,,,,,,,,,
지엄,,,,,,,,,,,,,,,,,,,,,,,,,,,,,,,,,,,,,,,,,,,,,,쓴맛,,,,,,,,,,,픽업,,,,,,,,,,,,,,,,,,,,,,,,,,,,,,,,,,,,,,,,,,,,,,,,,,,,,,,,,,,,,,
그이,,,,,,,,,,,,,,,,,,,,,,,,,,,,,,,,,,,,,,,,,,,,,,올챙이,,,,,,,,,,,색인,,,,,,,,,,,,,,,,,,,,,,,,,,,,,,,,,,,,,,,,,,,,,,,,,,,,,,,,,,,,,,
판다,,,,,,,,,,,,,,,,,,,,,,,,,,,,,,,,,,,,,,,,,,,,,,참치,,,,,,,,,,,커트,,,,,,,,,,,,,,,,,,,,,,,,,,,,,,,,,,,,,,,,,,,,,,,,,,,,,,,,,,,,,,
지고,,,,,,,,,,,,,,,,,,,,,,,,,,,,,,,,,,,,,,,,,,,,,,감촉,,,,,,,,,,,스모,,,,,,,,,,,,,,,,,,,,,,,,,,,,,,,,,,,,,,,,,,,,,,,,,,,,,,,,,,,,,,
대인,,,,,,,,,,,,,,,,,,,,,,,,,,,,,,,,,,,,,,,,,,,,,,칵테일,,,,,,,,,,,리저브,,,,,,,,,,,,,,,,,,,,,,,,,,,,,,,,,,,,,,,,,,,,,,,,,,,,,,,,,,,,,,
양재,,,,,,,,,,,,,,,,,,,,,,,,,,,,,,,,,,,,,,,,,,,,,,햇볕,,,,,,,,,,,민트,,,,,,,,,,,,,,,,,,,,,,,,,,,,,,,,,,,,,,,,,,,,,,,,,,,,,,,,,,,,,,
안이,,,,,,,,,,,,,,,,,,,,,,,,,,,,,,,,,,,,,,,,,,,,,,보드카,,,,,,,,,,,에어컨,,,,,,,,,,,,,,,,,,,,,,,,,,,,,,,,,,,,,,,,,,,,,,,,,,,,,,,,,,,,,,
잔당,,,,,,,,,,,,,,,,,,,,,,,,,,,,,,,,,,,,,,,,,,,,,,비스킷,,,,,,,,,,,로만,,,,,,,,,,,,,,,,,,,,,,,,,,,,,,,,,,,,,,,,,,,,,,,,,,,,,,,,,,,,,,
메리트,,,,,,,,,,,,,,,,,,,,,,,,,,,,,,,,,,,,,,,,,,,,,,양조장,,,,,,,,,,,크립,,,,,,,,,,,,,,,,,,,,,,,,,,,,,,,,,,,,,,,,,,,,,,,,,,,,,,,,,,,,,,
게다가,,,,,,,,,,,,,,,,,,,,,,,,,,,,,,,,,,,,,,,,,,,,,,질감,,,,,,,,,,,레이어,,,,,,,,,,,,,,,,,,,,,,,,,,,,,,,,,,,,,,,,,,,,,,,,,,,,,,,,,,,,,,
새싹,,,,,,,,,,,,,,,,,,,,,,,,,,,,,,,,,,,,,,,,,,,,,,내용물,,,,,,,,,,,모델링,,,,,,,,,,,,,,,,,,,,,,,,,,,,,,,,,,,,,,,,,,,,,,,,,,,,,,,,,,,,,,
댕,,,,,,,,,,,,,,,,,,,,,,,,,,,,,,,,,,,,,,,,,,,,,,아로마,,,,,,,,,,,초이스,,,,,,,,,,,,,,,,,,,,,,,,,,,,,,,,,,,,,,,,,,,,,,,,,,,,,,,,,,,,,,
소의,,,,,,,,,,,,,,,,,,,,,,,,,,,,,,,,,,,,,,,,,,,,,,코팅,,,,,,,,,,,버블,,,,,,,,,,,,,,,,,,,,,,,,,,,,,,,,,,,,,,,,,,,,,,,,,,,,,,,,,,,,,,
공짜,,,,,,,,,,,,,,,,,,,,,,,,,,,,,,,,,,,,,,,,,,,,,,매화,,,,,,,,,,,콤보,,,,,,,,,,,,,,,,,,,,,,,,,,,,,,,,,,,,,,,,,,,,,,,,,,,,,,,,,,,,,,
잡기,,,,,,,,,,,,,,,,,,,,,,,,,,,,,,,,,,,,,,,,,,,,,,삽,,,,,,,,,,,셀프,,,,,,,,,,,,,,,,,,,,,,,,,,,,,,,,,,,,,,,,,,,,,,,,,,,,,,,,,,,,,,
당제,,,,,,,,,,,,,,,,,,,,,,,,,,,,,,,,,,,,,,,,,,,,,,스테인리스,,,,,,,,,,,리터,,,,,,,,,,,,,,,,,,,,,,,,,,,,,,,,,,,,,,,,,,,,,,,,,,,,,,,,,,,,,,
메시나,,,,,,,,,,,,,,,,,,,,,,,,,,,,,,,,,,,,,,,,,,,,,,세척,,,,,,,,,,,콜드,,,,,,,,,,,,,,,,,,,,,,,,,,,,,,,,,,,,,,,,,,,,,,,,,,,,,,,,,,,,,,
여타,,,,,,,,,,,,,,,,,,,,,,,,,,,,,,,,,,,,,,,,,,,,,,비빔밥,,,,,,,,,,,시판,,,,,,,,,,,,,,,,,,,,,,,,,,,,,,,,,,,,,,,,,,,,,,,,,,,,,,,,,,,,,,
왼손잡이,,,,,,,,,,,,,,,,,,,,,,,,,,,,,,,,,,,,,,,,,,,,,,기념품,,,,,,,,,,,와우,,,,,,,,,,,,,,,,,,,,,,,,,,,,,,,,,,,,,,,,,,,,,,,,,,,,,,,,,,,,,,
유목민,,,,,,,,,,,,,,,,,,,,,,,,,,,,,,,,,,,,,,,,,,,,,,팥,,,,,,,,,,,플랜트,,,,,,,,,,,,,,,,,,,,,,,,,,,,,,,,,,,,,,,,,,,,,,,,,,,,,,,,,,,,,,
반미,,,,,,,,,,,,,,,,,,,,,,,,,,,,,,,,,,,,,,,,,,,,,,잣,,,,,,,,,,,핑거,,,,,,,,,,,,,,,,,,,,,,,,,,,,,,,,,,,,,,,,,,,,,,,,,,,,,,,,,,,,,,
모양새,,,,,,,,,,,,,,,,,,,,,,,,,,,,,,,,,,,,,,,,,,,,,,청자,,,,,,,,,,,메이드,,,,,,,,,,,,,,,,,,,,,,,,,,,,,,,,,,,,,,,,,,,,,,,,,,,,,,,,,,,,,,
덕수궁,,,,,,,,,,,,,,,,,,,,,,,,,,,,,,,,,,,,,,,,,,,,,,파인애플,,,,,,,,,,,파운데이션,,,,,,,,,,,,,,,,,,,,,,,,,,,,,,,,,,,,,,,,,,,,,,,,,,,,,,,,,,,,,,
지라,,,,,,,,,,,,,,,,,,,,,,,,,,,,,,,,,,,,,,,,,,,,,,매머드,,,,,,,,,,,챔프,,,,,,,,,,,,,,,,,,,,,,,,,,,,,,,,,,,,,,,,,,,,,,,,,,,,,,,,,,,,,,
곧잘,,,,,,,,,,,,,,,,,,,,,,,,,,,,,,,,,,,,,,,,,,,,,,도넛,,,,,,,,,,,임팩트,,,,,,,,,,,,,,,,,,,,,,,,,,,,,,,,,,,,,,,,,,,,,,,,,,,,,,,,,,,,,,
본대,,,,,,,,,,,,,,,,,,,,,,,,,,,,,,,,,,,,,,,,,,,,,,스파게티,,,,,,,,,,,모던,,,,,,,,,,,,,,,,,,,,,,,,,,,,,,,,,,,,,,,,,,,,,,,,,,,,,,,,,,,,,,
관자,,,,,,,,,,,,,,,,,,,,,,,,,,,,,,,,,,,,,,,,,,,,,,알콜,,,,,,,,,,,스케일,,,,,,,,,,,,,,,,,,,,,,,,,,,,,,,,,,,,,,,,,,,,,,,,,,,,,,,,,,,,,,
파드,,,,,,,,,,,,,,,,,,,,,,,,,,,,,,,,,,,,,,,,,,,,,,색감,,,,,,,,,,,스탬프,,,,,,,,,,,,,,,,,,,,,,,,,,,,,,,,,,,,,,,,,,,,,,,,,,,,,,,,,,,,,,
그다음,,,,,,,,,,,,,,,,,,,,,,,,,,,,,,,,,,,,,,,,,,,,,,림프,,,,,,,,,,,캔디,,,,,,,,,,,,,,,,,,,,,,,,,,,,,,,,,,,,,,,,,,,,,,,,,,,,,,,,,,,,,,
한마음,,,,,,,,,,,,,,,,,,,,,,,,,,,,,,,,,,,,,,,,,,,,,,순도,,,,,,,,,,,시크,,,,,,,,,,,,,,,,,,,,,,,,,,,,,,,,,,,,,,,,,,,,,,,,,,,,,,,,,,,,,,
예성,,,,,,,,,,,,,,,,,,,,,,,,,,,,,,,,,,,,,,,,,,,,,,종종,,,,,,,,,,,스프레드,,,,,,,,,,,,,,,,,,,,,,,,,,,,,,,,,,,,,,,,,,,,,,,,,,,,,,,,,,,,,,
리가,,,,,,,,,,,,,,,,,,,,,,,,,,,,,,,,,,,,,,,,,,,,,,코코아,,,,,,,,,,,셰이크,,,,,,,,,,,,,,,,,,,,,,,,,,,,,,,,,,,,,,,,,,,,,,,,,,,,,,,,,,,,,,
대충,,,,,,,,,,,,,,,,,,,,,,,,,,,,,,,,,,,,,,,,,,,,,,구들,,,,,,,,,,,랫,,,,,,,,,,,,,,,,,,,,,,,,,,,,,,,,,,,,,,,,,,,,,,,,,,,,,,,,,,,,,,
향연,,,,,,,,,,,,,,,,,,,,,,,,,,,,,,,,,,,,,,,,,,,,,,칼로리,,,,,,,,,,,카운터,,,,,,,,,,,,,,,,,,,,,,,,,,,,,,,,,,,,,,,,,,,,,,,,,,,,,,,,,,,,,,
형부,,,,,,,,,,,,,,,,,,,,,,,,,,,,,,,,,,,,,,,,,,,,,,꼬치,,,,,,,,,,,시리얼,,,,,,,,,,,,,,,,,,,,,,,,,,,,,,,,,,,,,,,,,,,,,,,,,,,,,,,,,,,,,,
오신,,,,,,,,,,,,,,,,,,,,,,,,,,,,,,,,,,,,,,,,,,,,,,짬뽕,,,,,,,,,,,사의,,,,,,,,,,,,,,,,,,,,,,,,,,,,,,,,,,,,,,,,,,,,,,,,,,,,,,,,,,,,,,
찻집,,,,,,,,,,,,,,,,,,,,,,,,,,,,,,,,,,,,,,,,,,,,,,즉석,,,,,,,,,,,니트로,,,,,,,,,,,,,,,,,,,,,,,,,,,,,,,,,,,,,,,,,,,,,,,,,,,,,,,,,,,,,,
마들렌,,,,,,,,,,,,,,,,,,,,,,,,,,,,,,,,,,,,,,,,,,,,,,계피,,,,,,,,,,,타일,,,,,,,,,,,,,,,,,,,,,,,,,,,,,,,,,,,,,,,,,,,,,,,,,,,,,,,,,,,,,,
위인,,,,,,,,,,,,,,,,,,,,,,,,,,,,,,,,,,,,,,,,,,,,,,나이프,,,,,,,,,,,체리,,,,,,,,,,,,,,,,,,,,,,,,,,,,,,,,,,,,,,,,,,,,,,,,,,,,,,,,,,,,,,
천막,,,,,,,,,,,,,,,,,,,,,,,,,,,,,,,,,,,,,,,,,,,,,,신맛,,,,,,,,,,,옴,,,,,,,,,,,,,,,,,,,,,,,,,,,,,,,,,,,,,,,,,,,,,,,,,,,,,,,,,,,,,,
명도,,,,,,,,,,,,,,,,,,,,,,,,,,,,,,,,,,,,,,,,,,,,,,소고기,,,,,,,,,,,플라워,,,,,,,,,,,,,,,,,,,,,,,,,,,,,,,,,,,,,,,,,,,,,,,,,,,,,,,,,,,,,,
세지,,,,,,,,,,,,,,,,,,,,,,,,,,,,,,,,,,,,,,,,,,,,,,채광,,,,,,,,,,,에르,,,,,,,,,,,,,,,,,,,,,,,,,,,,,,,,,,,,,,,,,,,,,,,,,,,,,,,,,,,,,,
교직원,,,,,,,,,,,,,,,,,,,,,,,,,,,,,,,,,,,,,,,,,,,,,,배합,,,,,,,,,,,웜,,,,,,,,,,,,,,,,,,,,,,,,,,,,,,,,,,,,,,,,,,,,,,,,,,,,,,,,,,,,,,
바짝,,,,,,,,,,,,,,,,,,,,,,,,,,,,,,,,,,,,,,,,,,,,,,햇살,,,,,,,,,,,밸런스,,,,,,,,,,,,,,,,,,,,,,,,,,,,,,,,,,,,,,,,,,,,,,,,,,,,,,,,,,,,,,
오른손잡이,,,,,,,,,,,,,,,,,,,,,,,,,,,,,,,,,,,,,,,,,,,,,,주방,,,,,,,,,,,심플,,,,,,,,,,,,,,,,,,,,,,,,,,,,,,,,,,,,,,,,,,,,,,,,,,,,,,,,,,,,,,
수기,,,,,,,,,,,,,,,,,,,,,,,,,,,,,,,,,,,,,,,,,,,,,,달콤,,,,,,,,,,,힙,,,,,,,,,,,,,,,,,,,,,,,,,,,,,,,,,,,,,,,,,,,,,,,,,,,,,,,,,,,,,,
석도,,,,,,,,,,,,,,,,,,,,,,,,,,,,,,,,,,,,,,,,,,,,,,비닐,,,,,,,,,,,킬러,,,,,,,,,,,,,,,,,,,,,,,,,,,,,,,,,,,,,,,,,,,,,,,,,,,,,,,,,,,,,,
삼각지,,,,,,,,,,,,,,,,,,,,,,,,,,,,,,,,,,,,,,,,,,,,,,메밀,,,,,,,,,,,로,,,,,,,,,,,,,,,,,,,,,,,,,,,,,,,,,,,,,,,,,,,,,,,,,,,,,,,,,,,,,,
수의학,,,,,,,,,,,,,,,,,,,,,,,,,,,,,,,,,,,,,,,,,,,,,,유자,,,,,,,,,,,카누,,,,,,,,,,,,,,,,,,,,,,,,,,,,,,,,,,,,,,,,,,,,,,,,,,,,,,,,,,,,,,
상회,,,,,,,,,,,,,,,,,,,,,,,,,,,,,,,,,,,,,,,,,,,,,,식용유,,,,,,,,,,,위드,,,,,,,,,,,,,,,,,,,,,,,,,,,,,,,,,,,,,,,,,,,,,,,,,,,,,,,,,,,,,,
고물,,,,,,,,,,,,,,,,,,,,,,,,,,,,,,,,,,,,,,,,,,,,,,위스키,,,,,,,,,,,라인업,,,,,,,,,,,,,,,,,,,,,,,,,,,,,,,,,,,,,,,,,,,,,,,,,,,,,,,,,,,,,,
체적,,,,,,,,,,,,,,,,,,,,,,,,,,,,,,,,,,,,,,,,,,,,,,음료수,,,,,,,,,,,큐브,,,,,,,,,,,,,,,,,,,,,,,,,,,,,,,,,,,,,,,,,,,,,,,,,,,,,,,,,,,,,,
우레,,,,,,,,,,,,,,,,,,,,,,,,,,,,,,,,,,,,,,,,,,,,,,벽면,,,,,,,,,,,티비,,,,,,,,,,,,,,,,,,,,,,,,,,,,,,,,,,,,,,,,,,,,,,,,,,,,,,,,,,,,,,
후지산,,,,,,,,,,,,,,,,,,,,,,,,,,,,,,,,,,,,,,,,,,,,,,뒷쪽,,,,,,,,,,,벤치,,,,,,,,,,,,,,,,,,,,,,,,,,,,,,,,,,,,,,,,,,,,,,,,,,,,,,,,,,,,,,
유하,,,,,,,,,,,,,,,,,,,,,,,,,,,,,,,,,,,,,,,,,,,,,,녹두,,,,,,,,,,,파고,,,,,,,,,,,,,,,,,,,,,,,,,,,,,,,,,,,,,,,,,,,,,,,,,,,,,,,,,,,,,,
입천장,,,,,,,,,,,,,,,,,,,,,,,,,,,,,,,,,,,,,,,,,,,,,,고사리,,,,,,,,,,,세컨드,,,,,,,,,,,,,,,,,,,,,,,,,,,,,,,,,,,,,,,,,,,,,,,,,,,,,,,,,,,,,,
탱고,,,,,,,,,,,,,,,,,,,,,,,,,,,,,,,,,,,,,,,,,,,,,,햄버거,,,,,,,,,,,,,,,,,,,,,,,,,,,,,,,,,,,,,,,,,,,,,,,,,,,,,,,,,,,,,,,,,,,,,,,,,
물량,,,,,,,,,,,,,,,,,,,,,,,,,,,,,,,,,,,,,,,,,,,,,,명절,,,,,,,,,,,,,,,,,,,,,,,,,,,,,,,,,,,,,,,,,,,,,,,,,,,,,,,,,,,,,,,,,,,,,,,,,
도랑,,,,,,,,,,,,,,,,,,,,,,,,,,,,,,,,,,,,,,,,,,,,,,쑥,,,,,,,,,,,,,,,,,,,,,,,,,,,,,,,,,,,,,,,,,,,,,,,,,,,,,,,,,,,,,,,,,,,,,,,,,
래빗,,,,,,,,,,,,,,,,,,,,,,,,,,,,,,,,,,,,,,,,,,,,,,냉동,,,,,,,,,,,,,,,,,,,,,,,,,,,,,,,,,,,,,,,,,,,,,,,,,,,,,,,,,,,,,,,,,,,,,,,,,
이태원,,,,,,,,,,,,,,,,,,,,,,,,,,,,,,,,,,,,,,,,,,,,,,귀리,,,,,,,,,,,,,,,,,,,,,,,,,,,,,,,,,,,,,,,,,,,,,,,,,,,,,,,,,,,,,,,,,,,,,,,,,
어쨌든,,,,,,,,,,,,,,,,,,,,,,,,,,,,,,,,,,,,,,,,,,,,,,젤라틴,,,,,,,,,,,,,,,,,,,,,,,,,,,,,,,,,,,,,,,,,,,,,,,,,,,,,,,,,,,,,,,,,,,,,,,,,
의,,,,,,,,,,,,,,,,,,,,,,,,,,,,,,,,,,,,,,,,,,,,,,면도,,,,,,,,,,,,,,,,,,,,,,,,,,,,,,,,,,,,,,,,,,,,,,,,,,,,,,,,,,,,,,,,,,,,,,,,,
동선,,,,,,,,,,,,,,,,,,,,,,,,,,,,,,,,,,,,,,,,,,,,,,멋,,,,,,,,,,,,,,,,,,,,,,,,,,,,,,,,,,,,,,,,,,,,,,,,,,,,,,,,,,,,,,,,,,,,,,,,,
피나,,,,,,,,,,,,,,,,,,,,,,,,,,,,,,,,,,,,,,,,,,,,,,푸딩,,,,,,,,,,,,,,,,,,,,,,,,,,,,,,,,,,,,,,,,,,,,,,,,,,,,,,,,,,,,,,,,,,,,,,,,,
벌써,,,,,,,,,,,,,,,,,,,,,,,,,,,,,,,,,,,,,,,,,,,,,,질기,,,,,,,,,,,,,,,,,,,,,,,,,,,,,,,,,,,,,,,,,,,,,,,,,,,,,,,,,,,,,,,,,,,,,,,,,
물병,,,,,,,,,,,,,,,,,,,,,,,,,,,,,,,,,,,,,,,,,,,,,,미소,,,,,,,,,,,,,,,,,,,,,,,,,,,,,,,,,,,,,,,,,,,,,,,,,,,,,,,,,,,,,,,,,,,,,,,,,
입안,,,,,,,,,,,,,,,,,,,,,,,,,,,,,,,,,,,,,,,,,,,,,,냉면,,,,,,,,,,,,,,,,,,,,,,,,,,,,,,,,,,,,,,,,,,,,,,,,,,,,,,,,,,,,,,,,,,,,,,,,,
만끽,,,,,,,,,,,,,,,,,,,,,,,,,,,,,,,,,,,,,,,,,,,,,,주로,,,,,,,,,,,,,,,,,,,,,,,,,,,,,,,,,,,,,,,,,,,,,,,,,,,,,,,,,,,,,,,,,,,,,,,,,
중임,,,,,,,,,,,,,,,,,,,,,,,,,,,,,,,,,,,,,,,,,,,,,,통나무,,,,,,,,,,,,,,,,,,,,,,,,,,,,,,,,,,,,,,,,,,,,,,,,,,,,,,,,,,,,,,,,,,,,,,,,,
듣기,,,,,,,,,,,,,,,,,,,,,,,,,,,,,,,,,,,,,,,,,,,,,,사탕수수,,,,,,,,,,,,,,,,,,,,,,,,,,,,,,,,,,,,,,,,,,,,,,,,,,,,,,,,,,,,,,,,,,,,,,,,,
조앙,,,,,,,,,,,,,,,,,,,,,,,,,,,,,,,,,,,,,,,,,,,,,,디저트,,,,,,,,,,,,,,,,,,,,,,,,,,,,,,,,,,,,,,,,,,,,,,,,,,,,,,,,,,,,,,,,,,,,,,,,,
한숨,,,,,,,,,,,,,,,,,,,,,,,,,,,,,,,,,,,,,,,,,,,,,,과즙,,,,,,,,,,,,,,,,,,,,,,,,,,,,,,,,,,,,,,,,,,,,,,,,,,,,,,,,,,,,,,,,,,,,,,,,,
의향,,,,,,,,,,,,,,,,,,,,,,,,,,,,,,,,,,,,,,,,,,,,,,더위,,,,,,,,,,,,,,,,,,,,,,,,,,,,,,,,,,,,,,,,,,,,,,,,,,,,,,,,,,,,,,,,,,,,,,,,,
월남,,,,,,,,,,,,,,,,,,,,,,,,,,,,,,,,,,,,,,,,,,,,,,고추장,,,,,,,,,,,,,,,,,,,,,,,,,,,,,,,,,,,,,,,,,,,,,,,,,,,,,,,,,,,,,,,,,,,,,,,,,
컨디션,,,,,,,,,,,,,,,,,,,,,,,,,,,,,,,,,,,,,,,,,,,,,,수박,,,,,,,,,,,,,,,,,,,,,,,,,,,,,,,,,,,,,,,,,,,,,,,,,,,,,,,,,,,,,,,,,,,,,,,,,
신미,,,,,,,,,,,,,,,,,,,,,,,,,,,,,,,,,,,,,,,,,,,,,,바구니,,,,,,,,,,,,,,,,,,,,,,,,,,,,,,,,,,,,,,,,,,,,,,,,,,,,,,,,,,,,,,,,,,,,,,,,,
집들이,,,,,,,,,,,,,,,,,,,,,,,,,,,,,,,,,,,,,,,,,,,,,,단맛,,,,,,,,,,,,,,,,,,,,,,,,,,,,,,,,,,,,,,,,,,,,,,,,,,,,,,,,,,,,,,,,,,,,,,,,,
창덕궁,,,,,,,,,,,,,,,,,,,,,,,,,,,,,,,,,,,,,,,,,,,,,,장작,,,,,,,,,,,,,,,,,,,,,,,,,,,,,,,,,,,,,,,,,,,,,,,,,,,,,,,,,,,,,,,,,,,,,,,,,
백이,,,,,,,,,,,,,,,,,,,,,,,,,,,,,,,,,,,,,,,,,,,,,,금빛,,,,,,,,,,,,,,,,,,,,,,,,,,,,,,,,,,,,,,,,,,,,,,,,,,,,,,,,,,,,,,,,,,,,,,,,,
층수,,,,,,,,,,,,,,,,,,,,,,,,,,,,,,,,,,,,,,,,,,,,,,쿠션,,,,,,,,,,,,,,,,,,,,,,,,,,,,,,,,,,,,,,,,,,,,,,,,,,,,,,,,,,,,,,,,,,,,,,,,,
귀가,,,,,,,,,,,,,,,,,,,,,,,,,,,,,,,,,,,,,,,,,,,,,,초록,,,,,,,,,,,,,,,,,,,,,,,,,,,,,,,,,,,,,,,,,,,,,,,,,,,,,,,,,,,,,,,,,,,,,,,,,
풍수,,,,,,,,,,,,,,,,,,,,,,,,,,,,,,,,,,,,,,,,,,,,,,책상,,,,,,,,,,,,,,,,,,,,,,,,,,,,,,,,,,,,,,,,,,,,,,,,,,,,,,,,,,,,,,,,,,,,,,,,,
커서,,,,,,,,,,,,,,,,,,,,,,,,,,,,,,,,,,,,,,,,,,,,,,양복,,,,,,,,,,,,,,,,,,,,,,,,,,,,,,,,,,,,,,,,,,,,,,,,,,,,,,,,,,,,,,,,,,,,,,,,,
하니,,,,,,,,,,,,,,,,,,,,,,,,,,,,,,,,,,,,,,,,,,,,,,떨기,,,,,,,,,,,,,,,,,,,,,,,,,,,,,,,,,,,,,,,,,,,,,,,,,,,,,,,,,,,,,,,,,,,,,,,,,
분점,,,,,,,,,,,,,,,,,,,,,,,,,,,,,,,,,,,,,,,,,,,,,,수저,,,,,,,,,,,,,,,,,,,,,,,,,,,,,,,,,,,,,,,,,,,,,,,,,,,,,,,,,,,,,,,,,,,,,,,,,
서고,,,,,,,,,,,,,,,,,,,,,,,,,,,,,,,,,,,,,,,,,,,,,,호두,,,,,,,,,,,,,,,,,,,,,,,,,,,,,,,,,,,,,,,,,,,,,,,,,,,,,,,,,,,,,,,,,,,,,,,,,
주신,,,,,,,,,,,,,,,,,,,,,,,,,,,,,,,,,,,,,,,,,,,,,,냉장고,,,,,,,,,,,,,,,,,,,,,,,,,,,,,,,,,,,,,,,,,,,,,,,,,,,,,,,,,,,,,,,,,,,,,,,,,
언뜻,,,,,,,,,,,,,,,,,,,,,,,,,,,,,,,,,,,,,,,,,,,,,,제법,,,,,,,,,,,,,,,,,,,,,,,,,,,,,,,,,,,,,,,,,,,,,,,,,,,,,,,,,,,,,,,,,,,,,,,,,
아저씨,,,,,,,,,,,,,,,,,,,,,,,,,,,,,,,,,,,,,,,,,,,,,,한복,,,,,,,,,,,,,,,,,,,,,,,,,,,,,,,,,,,,,,,,,,,,,,,,,,,,,,,,,,,,,,,,,,,,,,,,,
비명,,,,,,,,,,,,,,,,,,,,,,,,,,,,,,,,,,,,,,,,,,,,,,비누,,,,,,,,,,,,,,,,,,,,,,,,,,,,,,,,,,,,,,,,,,,,,,,,,,,,,,,,,,,,,,,,,,,,,,,,,
텅,,,,,,,,,,,,,,,,,,,,,,,,,,,,,,,,,,,,,,,,,,,,,,꽉,,,,,,,,,,,,,,,,,,,,,,,,,,,,,,,,,,,,,,,,,,,,,,,,,,,,,,,,,,,,,,,,,,,,,,,,,
문의,,,,,,,,,,,,,,,,,,,,,,,,,,,,,,,,,,,,,,,,,,,,,,흉내,,,,,,,,,,,,,,,,,,,,,,,,,,,,,,,,,,,,,,,,,,,,,,,,,,,,,,,,,,,,,,,,,,,,,,,,,
기선,,,,,,,,,,,,,,,,,,,,,,,,,,,,,,,,,,,,,,,,,,,,,,만들기,,,,,,,,,,,,,,,,,,,,,,,,,,,,,,,,,,,,,,,,,,,,,,,,,,,,,,,,,,,,,,,,,,,,,,,,,
발걸음,,,,,,,,,,,,,,,,,,,,,,,,,,,,,,,,,,,,,,,,,,,,,,복숭아,,,,,,,,,,,,,,,,,,,,,,,,,,,,,,,,,,,,,,,,,,,,,,,,,,,,,,,,,,,,,,,,,,,,,,,,,
연결고리,,,,,,,,,,,,,,,,,,,,,,,,,,,,,,,,,,,,,,,,,,,,,,불고기,,,,,,,,,,,,,,,,,,,,,,,,,,,,,,,,,,,,,,,,,,,,,,,,,,,,,,,,,,,,,,,,,,,,,,,,,
오슈,,,,,,,,,,,,,,,,,,,,,,,,,,,,,,,,,,,,,,,,,,,,,,앙금,,,,,,,,,,,,,,,,,,,,,,,,,,,,,,,,,,,,,,,,,,,,,,,,,,,,,,,,,,,,,,,,,,,,,,,,,
조도,,,,,,,,,,,,,,,,,,,,,,,,,,,,,,,,,,,,,,,,,,,,,,대게,,,,,,,,,,,,,,,,,,,,,,,,,,,,,,,,,,,,,,,,,,,,,,,,,,,,,,,,,,,,,,,,,,,,,,,,,
봉양,,,,,,,,,,,,,,,,,,,,,,,,,,,,,,,,,,,,,,,,,,,,,,,,,,,,,,,,,,,,,,,,,,,,,,,,,,,,,,,,,,,,,,,,,,,,,,,,,,,,,,,,,,,,,,,,,,,,,,,
또한,,,,,,,,,,,,,,,,,,,,,,,,,,,,,,,,,,,,,,,,,,,,,,,,,,,,,,,,,,,,,,,,,,,,,,,,,,,,,,,,,,,,,,,,,,,,,,,,,,,,,,,,,,,,,,,,,,,,,,,
사진관,,,,,,,,,,,,,,,,,,,,,,,,,,,,,,,,,,,,,,,,,,,,,,,,,,,,,,,,,,,,,,,,,,,,,,,,,,,,,,,,,,,,,,,,,,,,,,,,,,,,,,,,,,,,,,,,,,,,,,,
체감,,,,,,,,,,,,,,,,,,,,,,,,,,,,,,,,,,,,,,,,,,,,,,,,,,,,,,,,,,,,,,,,,,,,,,,,,,,,,,,,,,,,,,,,,,,,,,,,,,,,,,,,,,,,,,,,,,,,,,,
배송,,,,,,,,,,,,,,,,,,,,,,,,,,,,,,,,,,,,,,,,,,,,,,,,,,,,,,,,,,,,,,,,,,,,,,,,,,,,,,,,,,,,,,,,,,,,,,,,,,,,,,,,,,,,,,,,,,,,,,,
단골,,,,,,,,,,,,,,,,,,,,,,,,,,,,,,,,,,,,,,,,,,,,,,,,,,,,,,,,,,,,,,,,,,,,,,,,,,,,,,,,,,,,,,,,,,,,,,,,,,,,,,,,,,,,,,,,,,,,,,,
둘째,,,,,,,,,,,,,,,,,,,,,,,,,,,,,,,,,,,,,,,,,,,,,,,,,,,,,,,,,,,,,,,,,,,,,,,,,,,,,,,,,,,,,,,,,,,,,,,,,,,,,,,,,,,,,,,,,,,,,,,
달마,,,,,,,,,,,,,,,,,,,,,,,,,,,,,,,,,,,,,,,,,,,,,,,,,,,,,,,,,,,,,,,,,,,,,,,,,,,,,,,,,,,,,,,,,,,,,,,,,,,,,,,,,,,,,,,,,,,,,,,
진구,,,,,,,,,,,,,,,,,,,,,,,,,,,,,,,,,,,,,,,,,,,,,,,,,,,,,,,,,,,,,,,,,,,,,,,,,,,,,,,,,,,,,,,,,,,,,,,,,,,,,,,,,,,,,,,,,,,,,,,
무아,,,,,,,,,,,,,,,,,,,,,,,,,,,,,,,,,,,,,,,,,,,,,,,,,,,,,,,,,,,,,,,,,,,,,,,,,,,,,,,,,,,,,,,,,,,,,,,,,,,,,,,,,,,,,,,,,,,,,,,
고명,,,,,,,,,,,,,,,,,,,,,,,,,,,,,,,,,,,,,,,,,,,,,,,,,,,,,,,,,,,,,,,,,,,,,,,,,,,,,,,,,,,,,,,,,,,,,,,,,,,,,,,,,,,,,,,,,,,,,,,
수제,,,,,,,,,,,,,,,,,,,,,,,,,,,,,,,,,,,,,,,,,,,,,,,,,,,,,,,,,,,,,,,,,,,,,,,,,,,,,,,,,,,,,,,,,,,,,,,,,,,,,,,,,,,,,,,,,,,,,,,
외출,,,,,,,,,,,,,,,,,,,,,,,,,,,,,,,,,,,,,,,,,,,,,,,,,,,,,,,,,,,,,,,,,,,,,,,,,,,,,,,,,,,,,,,,,,,,,,,,,,,,,,,,,,,,,,,,,,,,,,,
당첨,,,,,,,,,,,,,,,,,,,,,,,,,,,,,,,,,,,,,,,,,,,,,,,,,,,,,,,,,,,,,,,,,,,,,,,,,,,,,,,,,,,,,,,,,,,,,,,,,,,,,,,,,,,,,,,,,,,,,,,
영수증,,,,,,,,,,,,,,,,,,,,,,,,,,,,,,,,,,,,,,,,,,,,,,,,,,,,,,,,,,,,,,,,,,,,,,,,,,,,,,,,,,,,,,,,,,,,,,,,,,,,,,,,,,,,,,,,,,,,,,,
가보,,,,,,,,,,,,,,,,,,,,,,,,,,,,,,,,,,,,,,,,,,,,,,,,,,,,,,,,,,,,,,,,,,,,,,,,,,,,,,,,,,,,,,,,,,,,,,,,,,,,,,,,,,,,,,,,,,,,,,,
인조잔디,,,,,,,,,,,,,,,,,,,,,,,,,,,,,,,,,,,,,,,,,,,,,,,,,,,,,,,,,,,,,,,,,,,,,,,,,,,,,,,,,,,,,,,,,,,,,,,,,,,,,,,,,,,,,,,,,,,,,,,
아지트,,,,,,,,,,,,,,,,,,,,,,,,,,,,,,,,,,,,,,,,,,,,,,,,,,,,,,,,,,,,,,,,,,,,,,,,,,,,,,,,,,,,,,,,,,,,,,,,,,,,,,,,,,,,,,,,,,,,,,,
가운데,,,,,,,,,,,,,,,,,,,,,,,,,,,,,,,,,,,,,,,,,,,,,,,,,,,,,,,,,,,,,,,,,,,,,,,,,,,,,,,,,,,,,,,,,,,,,,,,,,,,,,,,,,,,,,,,,,,,,,,
대학가,,,,,,,,,,,,,,,,,,,,,,,,,,,,,,,,,,,,,,,,,,,,,,,,,,,,,,,,,,,,,,,,,,,,,,,,,,,,,,,,,,,,,,,,,,,,,,,,,,,,,,,,,,,,,,,,,,,,,,,
아래층,,,,,,,,,,,,,,,,,,,,,,,,,,,,,,,,,,,,,,,,,,,,,,,,,,,,,,,,,,,,,,,,,,,,,,,,,,,,,,,,,,,,,,,,,,,,,,,,,,,,,,,,,,,,,,,,,,,,,,,
제각각,,,,,,,,,,,,,,,,,,,,,,,,,,,,,,,,,,,,,,,,,,,,,,,,,,,,,,,,,,,,,,,,,,,,,,,,,,,,,,,,,,,,,,,,,,,,,,,,,,,,,,,,,,,,,,,,,,,,,,,
개도,,,,,,,,,,,,,,,,,,,,,,,,,,,,,,,,,,,,,,,,,,,,,,,,,,,,,,,,,,,,,,,,,,,,,,,,,,,,,,,,,,,,,,,,,,,,,,,,,,,,,,,,,,,,,,,,,,,,,,,
지난번,,,,,,,,,,,,,,,,,,,,,,,,,,,,,,,,,,,,,,,,,,,,,,,,,,,,,,,,,,,,,,,,,,,,,,,,,,,,,,,,,,,,,,,,,,,,,,,,,,,,,,,,,,,,,,,,,,,,,,,
피콜로,,,,,,,,,,,,,,,,,,,,,,,,,,,,,,,,,,,,,,,,,,,,,,,,,,,,,,,,,,,,,,,,,,,,,,,,,,,,,,,,,,,,,,,,,,,,,,,,,,,,,,,,,,,,,,,,,,,,,,,
목련,,,,,,,,,,,,,,,,,,,,,,,,,,,,,,,,,,,,,,,,,,,,,,,,,,,,,,,,,,,,,,,,,,,,,,,,,,,,,,,,,,,,,,,,,,,,,,,,,,,,,,,,,,,,,,,,,,,,,,,
반시,,,,,,,,,,,,,,,,,,,,,,,,,,,,,,,,,,,,,,,,,,,,,,,,,,,,,,,,,,,,,,,,,,,,,,,,,,,,,,,,,,,,,,,,,,,,,,,,,,,,,,,,,,,,,,,,,,,,,,,
퇴원,,,,,,,,,,,,,,,,,,,,,,,,,,,,,,,,,,,,,,,,,,,,,,,,,,,,,,,,,,,,,,,,,,,,,,,,,,,,,,,,,,,,,,,,,,,,,,,,,,,,,,,,,,,,,,,,,,,,,,,
미주,,,,,,,,,,,,,,,,,,,,,,,,,,,,,,,,,,,,,,,,,,,,,,,,,,,,,,,,,,,,,,,,,,,,,,,,,,,,,,,,,,,,,,,,,,,,,,,,,,,,,,,,,,,,,,,,,,,,,,,
발길,,,,,,,,,,,,,,,,,,,,,,,,,,,,,,,,,,,,,,,,,,,,,,,,,,,,,,,,,,,,,,,,,,,,,,,,,,,,,,,,,,,,,,,,,,,,,,,,,,,,,,,,,,,,,,,,,,,,,,,
서서,,,,,,,,,,,,,,,,,,,,,,,,,,,,,,,,,,,,,,,,,,,,,,,,,,,,,,,,,,,,,,,,,,,,,,,,,,,,,,,,,,,,,,,,,,,,,,,,,,,,,,,,,,,,,,,,,,,,,,,
장님,,,,,,,,,,,,,,,,,,,,,,,,,,,,,,,,,,,,,,,,,,,,,,,,,,,,,,,,,,,,,,,,,,,,,,,,,,,,,,,,,,,,,,,,,,,,,,,,,,,,,,,,,,,,,,,,,,,,,,,
다방,,,,,,,,,,,,,,,,,,,,,,,,,,,,,,,,,,,,,,,,,,,,,,,,,,,,,,,,,,,,,,,,,,,,,,,,,,,,,,,,,,,,,,,,,,,,,,,,,,,,,,,,,,,,,,,,,,,,,,,
오금,,,,,,,,,,,,,,,,,,,,,,,,,,,,,,,,,,,,,,,,,,,,,,,,,,,,,,,,,,,,,,,,,,,,,,,,,,,,,,,,,,,,,,,,,,,,,,,,,,,,,,,,,,,,,,,,,,,,,,,
햇,,,,,,,,,,,,,,,,,,,,,,,,,,,,,,,,,,,,,,,,,,,,,,,,,,,,,,,,,,,,,,,,,,,,,,,,,,,,,,,,,,,,,,,,,,,,,,,,,,,,,,,,,,,,,,,,,,,,,,,
천고,,,,,,,,,,,,,,,,,,,,,,,,,,,,,,,,,,,,,,,,,,,,,,,,,,,,,,,,,,,,,,,,,,,,,,,,,,,,,,,,,,,,,,,,,,,,,,,,,,,,,,,,,,,,,,,,,,,,,,,
구석,,,,,,,,,,,,,,,,,,,,,,,,,,,,,,,,,,,,,,,,,,,,,,,,,,,,,,,,,,,,,,,,,,,,,,,,,,,,,,,,,,,,,,,,,,,,,,,,,,,,,,,,,,,,,,,,,,,,,,,
생화,,,,,,,,,,,,,,,,,,,,,,,,,,,,,,,,,,,,,,,,,,,,,,,,,,,,,,,,,,,,,,,,,,,,,,,,,,,,,,,,,,,,,,,,,,,,,,,,,,,,,,,,,,,,,,,,,,,,,,,
대감,,,,,,,,,,,,,,,,,,,,,,,,,,,,,,,,,,,,,,,,,,,,,,,,,,,,,,,,,,,,,,,,,,,,,,,,,,,,,,,,,,,,,,,,,,,,,,,,,,,,,,,,,,,,,,,,,,,,,,,
우이,,,,,,,,,,,,,,,,,,,,,,,,,,,,,,,,,,,,,,,,,,,,,,,,,,,,,,,,,,,,,,,,,,,,,,,,,,,,,,,,,,,,,,,,,,,,,,,,,,,,,,,,,,,,,,,,,,,,,,,
장내,,,,,,,,,,,,,,,,,,,,,,,,,,,,,,,,,,,,,,,,,,,,,,,,,,,,,,,,,,,,,,,,,,,,,,,,,,,,,,,,,,,,,,,,,,,,,,,,,,,,,,,,,,,,,,,,,,,,,,,
세시,,,,,,,,,,,,,,,,,,,,,,,,,,,,,,,,,,,,,,,,,,,,,,,,,,,,,,,,,,,,,,,,,,,,,,,,,,,,,,,,,,,,,,,,,,,,,,,,,,,,,,,,,,,,,,,,,,,,,,,
죽도,,,,,,,,,,,,,,,,,,,,,,,,,,,,,,,,,,,,,,,,,,,,,,,,,,,,,,,,,,,,,,,,,,,,,,,,,,,,,,,,,,,,,,,,,,,,,,,,,,,,,,,,,,,,,,,,,,,,,,,
작업실,,,,,,,,,,,,,,,,,,,,,,,,,,,,,,,,,,,,,,,,,,,,,,,,,,,,,,,,,,,,,,,,,,,,,,,,,,,,,,,,,,,,,,,,,,,,,,,,,,,,,,,,,,,,,,,,,,,,,,,
어울림,,,,,,,,,,,,,,,,,,,,,,,,,,,,,,,,,,,,,,,,,,,,,,,,,,,,,,,,,,,,,,,,,,,,,,,,,,,,,,,,,,,,,,,,,,,,,,,,,,,,,,,,,,,,,,,,,,,,,,,
시세,,,,,,,,,,,,,,,,,,,,,,,,,,,,,,,,,,,,,,,,,,,,,,,,,,,,,,,,,,,,,,,,,,,,,,,,,,,,,,,,,,,,,,,,,,,,,,,,,,,,,,,,,,,,,,,,,,,,,,,
대학로,,,,,,,,,,,,,,,,,,,,,,,,,,,,,,,,,,,,,,,,,,,,,,,,,,,,,,,,,,,,,,,,,,,,,,,,,,,,,,,,,,,,,,,,,,,,,,,,,,,,,,,,,,,,,,,,,,,,,,,
안국,,,,,,,,,,,,,,,,,,,,,,,,,,,,,,,,,,,,,,,,,,,,,,,,,,,,,,,,,,,,,,,,,,,,,,,,,,,,,,,,,,,,,,,,,,,,,,,,,,,,,,,,,,,,,,,,,,,,,,,
필사,,,,,,,,,,,,,,,,,,,,,,,,,,,,,,,,,,,,,,,,,,,,,,,,,,,,,,,,,,,,,,,,,,,,,,,,,,,,,,,,,,,,,,,,,,,,,,,,,,,,,,,,,,,,,,,,,,,,,,,
진작,,,,,,,,,,,,,,,,,,,,,,,,,,,,,,,,,,,,,,,,,,,,,,,,,,,,,,,,,,,,,,,,,,,,,,,,,,,,,,,,,,,,,,,,,,,,,,,,,,,,,,,,,,,,,,,,,,,,,,,
마담,,,,,,,,,,,,,,,,,,,,,,,,,,,,,,,,,,,,,,,,,,,,,,,,,,,,,,,,,,,,,,,,,,,,,,,,,,,,,,,,,,,,,,,,,,,,,,,,,,,,,,,,,,,,,,,,,,,,,,,
엄,,,,,,,,,,,,,,,,,,,,,,,,,,,,,,,,,,,,,,,,,,,,,,,,,,,,,,,,,,,,,,,,,,,,,,,,,,,,,,,,,,,,,,,,,,,,,,,,,,,,,,,,,,,,,,,,,,,,,,,
만석,,,,,,,,,,,,,,,,,,,,,,,,,,,,,,,,,,,,,,,,,,,,,,,,,,,,,,,,,,,,,,,,,,,,,,,,,,,,,,,,,,,,,,,,,,,,,,,,,,,,,,,,,,,,,,,,,,,,,,,
뜻밖,,,,,,,,,,,,,,,,,,,,,,,,,,,,,,,,,,,,,,,,,,,,,,,,,,,,,,,,,,,,,,,,,,,,,,,,,,,,,,,,,,,,,,,,,,,,,,,,,,,,,,,,,,,,,,,,,,,,,,,
일대일,,,,,,,,,,,,,,,,,,,,,,,,,,,,,,,,,,,,,,,,,,,,,,,,,,,,,,,,,,,,,,,,,,,,,,,,,,,,,,,,,,,,,,,,,,,,,,,,,,,,,,,,,,,,,,,,,,,,,,,
무적,,,,,,,,,,,,,,,,,,,,,,,,,,,,,,,,,,,,,,,,,,,,,,,,,,,,,,,,,,,,,,,,,,,,,,,,,,,,,,,,,,,,,,,,,,,,,,,,,,,,,,,,,,,,,,,,,,,,,,,
격식,,,,,,,,,,,,,,,,,,,,,,,,,,,,,,,,,,,,,,,,,,,,,,,,,,,,,,,,,,,,,,,,,,,,,,,,,,,,,,,,,,,,,,,,,,,,,,,,,,,,,,,,,,,,,,,,,,,,,,,
에피,,,,,,,,,,,,,,,,,,,,,,,,,,,,,,,,,,,,,,,,,,,,,,,,,,,,,,,,,,,,,,,,,,,,,,,,,,,,,,,,,,,,,,,,,,,,,,,,,,,,,,,,,,,,,,,,,,,,,,,
마카,,,,,,,,,,,,,,,,,,,,,,,,,,,,,,,,,,,,,,,,,,,,,,,,,,,,,,,,,,,,,,,,,,,,,,,,,,,,,,,,,,,,,,,,,,,,,,,,,,,,,,,,,,,,,,,,,,,,,,,
내야,,,,,,,,,,,,,,,,,,,,,,,,,,,,,,,,,,,,,,,,,,,,,,,,,,,,,,,,,,,,,,,,,,,,,,,,,,,,,,,,,,,,,,,,,,,,,,,,,,,,,,,,,,,,,,,,,,,,,,,
에티오피아,,,,,,,,,,,,,,,,,,,,,,,,,,,,,,,,,,,,,,,,,,,,,,,,,,,,,,,,,,,,,,,,,,,,,,,,,,,,,,,,,,,,,,,,,,,,,,,,,,,,,,,,,,,,,,,,,,,,,,,
대해,,,,,,,,,,,,,,,,,,,,,,,,,,,,,,,,,,,,,,,,,,,,,,,,,,,,,,,,,,,,,,,,,,,,,,,,,,,,,,,,,,,,,,,,,,,,,,,,,,,,,,,,,,,,,,,,,,,,,,,
저번,,,,,,,,,,,,,,,,,,,,,,,,,,,,,,,,,,,,,,,,,,,,,,,,,,,,,,,,,,,,,,,,,,,,,,,,,,,,,,,,,,,,,,,,,,,,,,,,,,,,,,,,,,,,,,,,,,,,,,,
지지도,,,,,,,,,,,,,,,,,,,,,,,,,,,,,,,,,,,,,,,,,,,,,,,,,,,,,,,,,,,,,,,,,,,,,,,,,,,,,,,,,,,,,,,,,,,,,,,,,,,,,,,,,,,,,,,,,,,,,,,
노하우,,,,,,,,,,,,,,,,,,,,,,,,,,,,,,,,,,,,,,,,,,,,,,,,,,,,,,,,,,,,,,,,,,,,,,,,,,,,,,,,,,,,,,,,,,,,,,,,,,,,,,,,,,,,,,,,,,,,,,,
안드로메다,,,,,,,,,,,,,,,,,,,,,,,,,,,,,,,,,,,,,,,,,,,,,,,,,,,,,,,,,,,,,,,,,,,,,,,,,,,,,,,,,,,,,,,,,,,,,,,,,,,,,,,,,,,,,,,,,,,,,,,
소파,,,,,,,,,,,,,,,,,,,,,,,,,,,,,,,,,,,,,,,,,,,,,,,,,,,,,,,,,,,,,,,,,,,,,,,,,,,,,,,,,,,,,,,,,,,,,,,,,,,,,,,,,,,,,,,,,,,,,,,
실화,,,,,,,,,,,,,,,,,,,,,,,,,,,,,,,,,,,,,,,,,,,,,,,,,,,,,,,,,,,,,,,,,,,,,,,,,,,,,,,,,,,,,,,,,,,,,,,,,,,,,,,,,,,,,,,,,,,,,,,
해동,,,,,,,,,,,,,,,,,,,,,,,,,,,,,,,,,,,,,,,,,,,,,,,,,,,,,,,,,,,,,,,,,,,,,,,,,,,,,,,,,,,,,,,,,,,,,,,,,,,,,,,,,,,,,,,,,,,,,,,
고해,,,,,,,,,,,,,,,,,,,,,,,,,,,,,,,,,,,,,,,,,,,,,,,,,,,,,,,,,,,,,,,,,,,,,,,,,,,,,,,,,,,,,,,,,,,,,,,,,,,,,,,,,,,,,,,,,,,,,,,
소각,,,,,,,,,,,,,,,,,,,,,,,,,,,,,,,,,,,,,,,,,,,,,,,,,,,,,,,,,,,,,,,,,,,,,,,,,,,,,,,,,,,,,,,,,,,,,,,,,,,,,,,,,,,,,,,,,,,,,,,
진열,,,,,,,,,,,,,,,,,,,,,,,,,,,,,,,,,,,,,,,,,,,,,,,,,,,,,,,,,,,,,,,,,,,,,,,,,,,,,,,,,,,,,,,,,,,,,,,,,,,,,,,,,,,,,,,,,,,,,,,
야경,,,,,,,,,,,,,,,,,,,,,,,,,,,,,,,,,,,,,,,,,,,,,,,,,,,,,,,,,,,,,,,,,,,,,,,,,,,,,,,,,,,,,,,,,,,,,,,,,,,,,,,,,,,,,,,,,,,,,,,
에타,,,,,,,,,,,,,,,,,,,,,,,,,,,,,,,,,,,,,,,,,,,,,,,,,,,,,,,,,,,,,,,,,,,,,,,,,,,,,,,,,,,,,,,,,,,,,,,,,,,,,,,,,,,,,,,,,,,,,,,
긴장감,,,,,,,,,,,,,,,,,,,,,,,,,,,,,,,,,,,,,,,,,,,,,,,,,,,,,,,,,,,,,,,,,,,,,,,,,,,,,,,,,,,,,,,,,,,,,,,,,,,,,,,,,,,,,,,,,,,,,,,
풀잎,,,,,,,,,,,,,,,,,,,,,,,,,,,,,,,,,,,,,,,,,,,,,,,,,,,,,,,,,,,,,,,,,,,,,,,,,,,,,,,,,,,,,,,,,,,,,,,,,,,,,,,,,,,,,,,,,,,,,,,
망원,,,,,,,,,,,,,,,,,,,,,,,,,,,,,,,,,,,,,,,,,,,,,,,,,,,,,,,,,,,,,,,,,,,,,,,,,,,,,,,,,,,,,,,,,,,,,,,,,,,,,,,,,,,,,,,,,,,,,,,
거가,,,,,,,,,,,,,,,,,,,,,,,,,,,,,,,,,,,,,,,,,,,,,,,,,,,,,,,,,,,,,,,,,,,,,,,,,,,,,,,,,,,,,,,,,,,,,,,,,,,,,,,,,,,,,,,,,,,,,,,
중소,,,,,,,,,,,,,,,,,,,,,,,,,,,,,,,,,,,,,,,,,,,,,,,,,,,,,,,,,,,,,,,,,,,,,,,,,,,,,,,,,,,,,,,,,,,,,,,,,,,,,,,,,,,,,,,,,,,,,,,
쪼,,,,,,,,,,,,,,,,,,,,,,,,,,,,,,,,,,,,,,,,,,,,,,,,,,,,,,,,,,,,,,,,,,,,,,,,,,,,,,,,,,,,,,,,,,,,,,,,,,,,,,,,,,,,,,,,,,,,,,,
산책,,,,,,,,,,,,,,,,,,,,,,,,,,,,,,,,,,,,,,,,,,,,,,,,,,,,,,,,,,,,,,,,,,,,,,,,,,,,,,,,,,,,,,,,,,,,,,,,,,,,,,,,,,,,,,,,,,,,,,,
이자,,,,,,,,,,,,,,,,,,,,,,,,,,,,,,,,,,,,,,,,,,,,,,,,,,,,,,,,,,,,,,,,,,,,,,,,,,,,,,,,,,,,,,,,,,,,,,,,,,,,,,,,,,,,,,,,,,,,,,,
조만간,,,,,,,,,,,,,,,,,,,,,,,,,,,,,,,,,,,,,,,,,,,,,,,,,,,,,,,,,,,,,,,,,,,,,,,,,,,,,,,,,,,,,,,,,,,,,,,,,,,,,,,,,,,,,,,,,,,,,,,
남양주,,,,,,,,,,,,,,,,,,,,,,,,,,,,,,,,,,,,,,,,,,,,,,,,,,,,,,,,,,,,,,,,,,,,,,,,,,,,,,,,,,,,,,,,,,,,,,,,,,,,,,,,,,,,,,,,,,,,,,,
군자,,,,,,,,,,,,,,,,,,,,,,,,,,,,,,,,,,,,,,,,,,,,,,,,,,,,,,,,,,,,,,,,,,,,,,,,,,,,,,,,,,,,,,,,,,,,,,,,,,,,,,,,,,,,,,,,,,,,,,,
끼리,,,,,,,,,,,,,,,,,,,,,,,,,,,,,,,,,,,,,,,,,,,,,,,,,,,,,,,,,,,,,,,,,,,,,,,,,,,,,,,,,,,,,,,,,,,,,,,,,,,,,,,,,,,,,,,,,,,,,,,
닉네임,,,,,,,,,,,,,,,,,,,,,,,,,,,,,,,,,,,,,,,,,,,,,,,,,,,,,,,,,,,,,,,,,,,,,,,,,,,,,,,,,,,,,,,,,,,,,,,,,,,,,,,,,,,,,,,,,,,,,,,
페미니즘,,,,,,,,,,,,,,,,,,,,,,,,,,,,,,,,,,,,,,,,,,,,,,,,,,,,,,,,,,,,,,,,,,,,,,,,,,,,,,,,,,,,,,,,,,,,,,,,,,,,,,,,,,,,,,,,,,,,,,,
소감,,,,,,,,,,,,,,,,,,,,,,,,,,,,,,,,,,,,,,,,,,,,,,,,,,,,,,,,,,,,,,,,,,,,,,,,,,,,,,,,,,,,,,,,,,,,,,,,,,,,,,,,,,,,,,,,,,,,,,,
팩트,,,,,,,,,,,,,,,,,,,,,,,,,,,,,,,,,,,,,,,,,,,,,,,,,,,,,,,,,,,,,,,,,,,,,,,,,,,,,,,,,,,,,,,,,,,,,,,,,,,,,,,,,,,,,,,,,,,,,,,
하수,,,,,,,,,,,,,,,,,,,,,,,,,,,,,,,,,,,,,,,,,,,,,,,,,,,,,,,,,,,,,,,,,,,,,,,,,,,,,,,,,,,,,,,,,,,,,,,,,,,,,,,,,,,,,,,,,,,,,,,
어제,,,,,,,,,,,,,,,,,,,,,,,,,,,,,,,,,,,,,,,,,,,,,,,,,,,,,,,,,,,,,,,,,,,,,,,,,,,,,,,,,,,,,,,,,,,,,,,,,,,,,,,,,,,,,,,,,,,,,,,
여운,,,,,,,,,,,,,,,,,,,,,,,,,,,,,,,,,,,,,,,,,,,,,,,,,,,,,,,,,,,,,,,,,,,,,,,,,,,,,,,,,,,,,,,,,,,,,,,,,,,,,,,,,,,,,,,,,,,,,,,
부시장,,,,,,,,,,,,,,,,,,,,,,,,,,,,,,,,,,,,,,,,,,,,,,,,,,,,,,,,,,,,,,,,,,,,,,,,,,,,,,,,,,,,,,,,,,,,,,,,,,,,,,,,,,,,,,,,,,,,,,,
당분간,,,,,,,,,,,,,,,,,,,,,,,,,,,,,,,,,,,,,,,,,,,,,,,,,,,,,,,,,,,,,,,,,,,,,,,,,,,,,,,,,,,,,,,,,,,,,,,,,,,,,,,,,,,,,,,,,,,,,,,
어차피,,,,,,,,,,,,,,,,,,,,,,,,,,,,,,,,,,,,,,,,,,,,,,,,,,,,,,,,,,,,,,,,,,,,,,,,,,,,,,,,,,,,,,,,,,,,,,,,,,,,,,,,,,,,,,,,,,,,,,,
이색,,,,,,,,,,,,,,,,,,,,,,,,,,,,,,,,,,,,,,,,,,,,,,,,,,,,,,,,,,,,,,,,,,,,,,,,,,,,,,,,,,,,,,,,,,,,,,,,,,,,,,,,,,,,,,,,,,,,,,,
오진,,,,,,,,,,,,,,,,,,,,,,,,,,,,,,,,,,,,,,,,,,,,,,,,,,,,,,,,,,,,,,,,,,,,,,,,,,,,,,,,,,,,,,,,,,,,,,,,,,,,,,,,,,,,,,,,,,,,,,,
소풍,,,,,,,,,,,,,,,,,,,,,,,,,,,,,,,,,,,,,,,,,,,,,,,,,,,,,,,,,,,,,,,,,,,,,,,,,,,,,,,,,,,,,,,,,,,,,,,,,,,,,,,,,,,,,,,,,,,,,,,
미련,,,,,,,,,,,,,,,,,,,,,,,,,,,,,,,,,,,,,,,,,,,,,,,,,,,,,,,,,,,,,,,,,,,,,,,,,,,,,,,,,,,,,,,,,,,,,,,,,,,,,,,,,,,,,,,,,,,,,,,
소하,,,,,,,,,,,,,,,,,,,,,,,,,,,,,,,,,,,,,,,,,,,,,,,,,,,,,,,,,,,,,,,,,,,,,,,,,,,,,,,,,,,,,,,,,,,,,,,,,,,,,,,,,,,,,,,,,,,,,,,
반쪽,,,,,,,,,,,,,,,,,,,,,,,,,,,,,,,,,,,,,,,,,,,,,,,,,,,,,,,,,,,,,,,,,,,,,,,,,,,,,,,,,,,,,,,,,,,,,,,,,,,,,,,,,,,,,,,,,,,,,,,
페이,,,,,,,,,,,,,,,,,,,,,,,,,,,,,,,,,,,,,,,,,,,,,,,,,,,,,,,,,,,,,,,,,,,,,,,,,,,,,,,,,,,,,,,,,,,,,,,,,,,,,,,,,,,,,,,,,,,,,,,
무작정,,,,,,,,,,,,,,,,,,,,,,,,,,,,,,,,,,,,,,,,,,,,,,,,,,,,,,,,,,,,,,,,,,,,,,,,,,,,,,,,,,,,,,,,,,,,,,,,,,,,,,,,,,,,,,,,,,,,,,,
달기,,,,,,,,,,,,,,,,,,,,,,,,,,,,,,,,,,,,,,,,,,,,,,,,,,,,,,,,,,,,,,,,,,,,,,,,,,,,,,,,,,,,,,,,,,,,,,,,,,,,,,,,,,,,,,,,,,,,,,,
쌔,,,,,,,,,,,,,,,,,,,,,,,,,,,,,,,,,,,,,,,,,,,,,,,,,,,,,,,,,,,,,,,,,,,,,,,,,,,,,,,,,,,,,,,,,,,,,,,,,,,,,,,,,,,,,,,,,,,,,,,
가짜,,,,,,,,,,,,,,,,,,,,,,,,,,,,,,,,,,,,,,,,,,,,,,,,,,,,,,,,,,,,,,,,,,,,,,,,,,,,,,,,,,,,,,,,,,,,,,,,,,,,,,,,,,,,,,,,,,,,,,,
단,,,,,,,,,,,,,,,,,,,,,,,,,,,,,,,,,,,,,,,,,,,,,,,,,,,,,,,,,,,,,,,,,,,,,,,,,,,,,,,,,,,,,,,,,,,,,,,,,,,,,,,,,,,,,,,,,,,,,,,
정석,,,,,,,,,,,,,,,,,,,,,,,,,,,,,,,,,,,,,,,,,,,,,,,,,,,,,,,,,,,,,,,,,,,,,,,,,,,,,,,,,,,,,,,,,,,,,,,,,,,,,,,,,,,,,,,,,,,,,,,
토착종,,,,,,,,,,,,,,,,,,,,,,,,,,,,,,,,,,,,,,,,,,,,,,,,,,,,,,,,,,,,,,,,,,,,,,,,,,,,,,,,,,,,,,,,,,,,,,,,,,,,,,,,,,,,,,,,,,,,,,,
보라,,,,,,,,,,,,,,,,,,,,,,,,,,,,,,,,,,,,,,,,,,,,,,,,,,,,,,,,,,,,,,,,,,,,,,,,,,,,,,,,,,,,,,,,,,,,,,,,,,,,,,,,,,,,,,,,,,,,,,,
만다린,,,,,,,,,,,,,,,,,,,,,,,,,,,,,,,,,,,,,,,,,,,,,,,,,,,,,,,,,,,,,,,,,,,,,,,,,,,,,,,,,,,,,,,,,,,,,,,,,,,,,,,,,,,,,,,,,,,,,,,
마이너스,,,,,,,,,,,,,,,,,,,,,,,,,,,,,,,,,,,,,,,,,,,,,,,,,,,,,,,,,,,,,,,,,,,,,,,,,,,,,,,,,,,,,,,,,,,,,,,,,,,,,,,,,,,,,,,,,,,,,,,
지오,,,,,,,,,,,,,,,,,,,,,,,,,,,,,,,,,,,,,,,,,,,,,,,,,,,,,,,,,,,,,,,,,,,,,,,,,,,,,,,,,,,,,,,,,,,,,,,,,,,,,,,,,,,,,,,,,,,,,,,
이구,,,,,,,,,,,,,,,,,,,,,,,,,,,,,,,,,,,,,,,,,,,,,,,,,,,,,,,,,,,,,,,,,,,,,,,,,,,,,,,,,,,,,,,,,,,,,,,,,,,,,,,,,,,,,,,,,,,,,,,
어보,,,,,,,,,,,,,,,,,,,,,,,,,,,,,,,,,,,,,,,,,,,,,,,,,,,,,,,,,,,,,,,,,,,,,,,,,,,,,,,,,,,,,,,,,,,,,,,,,,,,,,,,,,,,,,,,,,,,,,,
접객,,,,,,,,,,,,,,,,,,,,,,,,,,,,,,,,,,,,,,,,,,,,,,,,,,,,,,,,,,,,,,,,,,,,,,,,,,,,,,,,,,,,,,,,,,,,,,,,,,,,,,,,,,,,,,,,,,,,,,,
성비,,,,,,,,,,,,,,,,,,,,,,,,,,,,,,,,,,,,,,,,,,,,,,,,,,,,,,,,,,,,,,,,,,,,,,,,,,,,,,,,,,,,,,,,,,,,,,,,,,,,,,,,,,,,,,,,,,,,,,,
종대,,,,,,,,,,,,,,,,,,,,,,,,,,,,,,,,,,,,,,,,,,,,,,,,,,,,,,,,,,,,,,,,,,,,,,,,,,,,,,,,,,,,,,,,,,,,,,,,,,,,,,,,,,,,,,,,,,,,,,,
산미,,,,,,,,,,,,,,,,,,,,,,,,,,,,,,,,,,,,,,,,,,,,,,,,,,,,,,,,,,,,,,,,,,,,,,,,,,,,,,,,,,,,,,,,,,,,,,,,,,,,,,,,,,,,,,,,,,,,,,,
중년,,,,,,,,,,,,,,,,,,,,,,,,,,,,,,,,,,,,,,,,,,,,,,,,,,,,,,,,,,,,,,,,,,,,,,,,,,,,,,,,,,,,,,,,,,,,,,,,,,,,,,,,,,,,,,,,,,,,,,,
이용권,,,,,,,,,,,,,,,,,,,,,,,,,,,,,,,,,,,,,,,,,,,,,,,,,,,,,,,,,,,,,,,,,,,,,,,,,,,,,,,,,,,,,,,,,,,,,,,,,,,,,,,,,,,,,,,,,,,,,,,
막바지,,,,,,,,,,,,,,,,,,,,,,,,,,,,,,,,,,,,,,,,,,,,,,,,,,,,,,,,,,,,,,,,,,,,,,,,,,,,,,,,,,,,,,,,,,,,,,,,,,,,,,,,,,,,,,,,,,,,,,,
보임,,,,,,,,,,,,,,,,,,,,,,,,,,,,,,,,,,,,,,,,,,,,,,,,,,,,,,,,,,,,,,,,,,,,,,,,,,,,,,,,,,,,,,,,,,,,,,,,,,,,,,,,,,,,,,,,,,,,,,,
저절로,,,,,,,,,,,,,,,,,,,,,,,,,,,,,,,,,,,,,,,,,,,,,,,,,,,,,,,,,,,,,,,,,,,,,,,,,,,,,,,,,,,,,,,,,,,,,,,,,,,,,,,,,,,,,,,,,,,,,,,
도하,,,,,,,,,,,,,,,,,,,,,,,,,,,,,,,,,,,,,,,,,,,,,,,,,,,,,,,,,,,,,,,,,,,,,,,,,,,,,,,,,,,,,,,,,,,,,,,,,,,,,,,,,,,,,,,,,,,,,,,
엉터리,,,,,,,,,,,,,,,,,,,,,,,,,,,,,,,,,,,,,,,,,,,,,,,,,,,,,,,,,,,,,,,,,,,,,,,,,,,,,,,,,,,,,,,,,,,,,,,,,,,,,,,,,,,,,,,,,,,,,,,
도의,,,,,,,,,,,,,,,,,,,,,,,,,,,,,,,,,,,,,,,,,,,,,,,,,,,,,,,,,,,,,,,,,,,,,,,,,,,,,,,,,,,,,,,,,,,,,,,,,,,,,,,,,,,,,,,,,,,,,,,
적지,,,,,,,,,,,,,,,,,,,,,,,,,,,,,,,,,,,,,,,,,,,,,,,,,,,,,,,,,,,,,,,,,,,,,,,,,,,,,,,,,,,,,,,,,,,,,,,,,,,,,,,,,,,,,,,,,,,,,,,
재고,,,,,,,,,,,,,,,,,,,,,,,,,,,,,,,,,,,,,,,,,,,,,,,,,,,,,,,,,,,,,,,,,,,,,,,,,,,,,,,,,,,,,,,,,,,,,,,,,,,,,,,,,,,,,,,,,,,,,,,
국전,,,,,,,,,,,,,,,,,,,,,,,,,,,,,,,,,,,,,,,,,,,,,,,,,,,,,,,,,,,,,,,,,,,,,,,,,,,,,,,,,,,,,,,,,,,,,,,,,,,,,,,,,,,,,,,,,,,,,,,
대소,,,,,,,,,,,,,,,,,,,,,,,,,,,,,,,,,,,,,,,,,,,,,,,,,,,,,,,,,,,,,,,,,,,,,,,,,,,,,,,,,,,,,,,,,,,,,,,,,,,,,,,,,,,,,,,,,,,,,,,
눌,,,,,,,,,,,,,,,,,,,,,,,,,,,,,,,,,,,,,,,,,,,,,,,,,,,,,,,,,,,,,,,,,,,,,,,,,,,,,,,,,,,,,,,,,,,,,,,,,,,,,,,,,,,,,,,,,,,,,,,
작업장,,,,,,,,,,,,,,,,,,,,,,,,,,,,,,,,,,,,,,,,,,,,,,,,,,,,,,,,,,,,,,,,,,,,,,,,,,,,,,,,,,,,,,,,,,,,,,,,,,,,,,,,,,,,,,,,,,,,,,,
점원,,,,,,,,,,,,,,,,,,,,,,,,,,,,,,,,,,,,,,,,,,,,,,,,,,,,,,,,,,,,,,,,,,,,,,,,,,,,,,,,,,,,,,,,,,,,,,,,,,,,,,,,,,,,,,,,,,,,,,,
하이라이트,,,,,,,,,,,,,,,,,,,,,,,,,,,,,,,,,,,,,,,,,,,,,,,,,,,,,,,,,,,,,,,,,,,,,,,,,,,,,,,,,,,,,,,,,,,,,,,,,,,,,,,,,,,,,,,,,,,,,,,
한시,,,,,,,,,,,,,,,,,,,,,,,,,,,,,,,,,,,,,,,,,,,,,,,,,,,,,,,,,,,,,,,,,,,,,,,,,,,,,,,,,,,,,,,,,,,,,,,,,,,,,,,,,,,,,,,,,,,,,,,
북촌,,,,,,,,,,,,,,,,,,,,,,,,,,,,,,,,,,,,,,,,,,,,,,,,,,,,,,,,,,,,,,,,,,,,,,,,,,,,,,,,,,,,,,,,,,,,,,,,,,,,,,,,,,,,,,,,,,,,,,,
한편,,,,,,,,,,,,,,,,,,,,,,,,,,,,,,,,,,,,,,,,,,,,,,,,,,,,,,,,,,,,,,,,,,,,,,,,,,,,,,,,,,,,,,,,,,,,,,,,,,,,,,,,,,,,,,,,,,,,,,,
한국말,,,,,,,,,,,,,,,,,,,,,,,,,,,,,,,,,,,,,,,,,,,,,,,,,,,,,,,,,,,,,,,,,,,,,,,,,,,,,,,,,,,,,,,,,,,,,,,,,,,,,,,,,,,,,,,,,,,,,,,
던데,,,,,,,,,,,,,,,,,,,,,,,,,,,,,,,,,,,,,,,,,,,,,,,,,,,,,,,,,,,,,,,,,,,,,,,,,,,,,,,,,,,,,,,,,,,,,,,,,,,,,,,,,,,,,,,,,,,,,,,
지금껏,,,,,,,,,,,,,,,,,,,,,,,,,,,,,,,,,,,,,,,,,,,,,,,,,,,,,,,,,,,,,,,,,,,,,,,,,,,,,,,,,,,,,,,,,,,,,,,,,,,,,,,,,,,,,,,,,,,,,,,
초인,,,,,,,,,,,,,,,,,,,,,,,,,,,,,,,,,,,,,,,,,,,,,,,,,,,,,,,,,,,,,,,,,,,,,,,,,,,,,,,,,,,,,,,,,,,,,,,,,,,,,,,,,,,,,,,,,,,,,,,
작년,,,,,,,,,,,,,,,,,,,,,,,,,,,,,,,,,,,,,,,,,,,,,,,,,,,,,,,,,,,,,,,,,,,,,,,,,,,,,,,,,,,,,,,,,,,,,,,,,,,,,,,,,,,,,,,,,,,,,,,
전경,,,,,,,,,,,,,,,,,,,,,,,,,,,,,,,,,,,,,,,,,,,,,,,,,,,,,,,,,,,,,,,,,,,,,,,,,,,,,,,,,,,,,,,,,,,,,,,,,,,,,,,,,,,,,,,,,,,,,,,
몰이,,,,,,,,,,,,,,,,,,,,,,,,,,,,,,,,,,,,,,,,,,,,,,,,,,,,,,,,,,,,,,,,,,,,,,,,,,,,,,,,,,,,,,,,,,,,,,,,,,,,,,,,,,,,,,,,,,,,,,,
지난날,,,,,,,,,,,,,,,,,,,,,,,,,,,,,,,,,,,,,,,,,,,,,,,,,,,,,,,,,,,,,,,,,,,,,,,,,,,,,,,,,,,,,,,,,,,,,,,,,,,,,,,,,,,,,,,,,,,,,,,
방금,,,,,,,,,,,,,,,,,,,,,,,,,,,,,,,,,,,,,,,,,,,,,,,,,,,,,,,,,,,,,,,,,,,,,,,,,,,,,,,,,,,,,,,,,,,,,,,,,,,,,,,,,,,,,,,,,,,,,,,
종각,,,,,,,,,,,,,,,,,,,,,,,,,,,,,,,,,,,,,,,,,,,,,,,,,,,,,,,,,,,,,,,,,,,,,,,,,,,,,,,,,,,,,,,,,,,,,,,,,,,,,,,,,,,,,,,,,,,,,,,
배전,,,,,,,,,,,,,,,,,,,,,,,,,,,,,,,,,,,,,,,,,,,,,,,,,,,,,,,,,,,,,,,,,,,,,,,,,,,,,,,,,,,,,,,,,,,,,,,,,,,,,,,,,,,,,,,,,,,,,,,
그림책,,,,,,,,,,,,,,,,,,,,,,,,,,,,,,,,,,,,,,,,,,,,,,,,,,,,,,,,,,,,,,,,,,,,,,,,,,,,,,,,,,,,,,,,,,,,,,,,,,,,,,,,,,,,,,,,,,,,,,,
의외,,,,,,,,,,,,,,,,,,,,,,,,,,,,,,,,,,,,,,,,,,,,,,,,,,,,,,,,,,,,,,,,,,,,,,,,,,,,,,,,,,,,,,,,,,,,,,,,,,,,,,,,,,,,,,,,,,,,,,,
탈수,,,,,,,,,,,,,,,,,,,,,,,,,,,,,,,,,,,,,,,,,,,,,,,,,,,,,,,,,,,,,,,,,,,,,,,,,,,,,,,,,,,,,,,,,,,,,,,,,,,,,,,,,,,,,,,,,,,,,,,
청과,,,,,,,,,,,,,,,,,,,,,,,,,,,,,,,,,,,,,,,,,,,,,,,,,,,,,,,,,,,,,,,,,,,,,,,,,,,,,,,,,,,,,,,,,,,,,,,,,,,,,,,,,,,,,,,,,,,,,,,
비엔나,,,,,,,,,,,,,,,,,,,,,,,,,,,,,,,,,,,,,,,,,,,,,,,,,,,,,,,,,,,,,,,,,,,,,,,,,,,,,,,,,,,,,,,,,,,,,,,,,,,,,,,,,,,,,,,,,,,,,,,
퇴근,,,,,,,,,,,,,,,,,,,,,,,,,,,,,,,,,,,,,,,,,,,,,,,,,,,,,,,,,,,,,,,,,,,,,,,,,,,,,,,,,,,,,,,,,,,,,,,,,,,,,,,,,,,,,,,,,,,,,,,
일인자,,,,,,,,,,,,,,,,,,,,,,,,,,,,,,,,,,,,,,,,,,,,,,,,,,,,,,,,,,,,,,,,,,,,,,,,,,,,,,,,,,,,,,,,,,,,,,,,,,,,,,,,,,,,,,,,,,,,,,,
거구,,,,,,,,,,,,,,,,,,,,,,,,,,,,,,,,,,,,,,,,,,,,,,,,,,,,,,,,,,,,,,,,,,,,,,,,,,,,,,,,,,,,,,,,,,,,,,,,,,,,,,,,,,,,,,,,,,,,,,,
후문,,,,,,,,,,,,,,,,,,,,,,,,,,,,,,,,,,,,,,,,,,,,,,,,,,,,,,,,,,,,,,,,,,,,,,,,,,,,,,,,,,,,,,,,,,,,,,,,,,,,,,,,,,,,,,,,,,,,,,,
역점,,,,,,,,,,,,,,,,,,,,,,,,,,,,,,,,,,,,,,,,,,,,,,,,,,,,,,,,,,,,,,,,,,,,,,,,,,,,,,,,,,,,,,,,,,,,,,,,,,,,,,,,,,,,,,,,,,,,,,,
공복,,,,,,,,,,,,,,,,,,,,,,,,,,,,,,,,,,,,,,,,,,,,,,,,,,,,,,,,,,,,,,,,,,,,,,,,,,,,,,,,,,,,,,,,,,,,,,,,,,,,,,,,,,,,,,,,,,,,,,,
에,,,,,,,,,,,,,,,,,,,,,,,,,,,,,,,,,,,,,,,,,,,,,,,,,,,,,,,,,,,,,,,,,,,,,,,,,,,,,,,,,,,,,,,,,,,,,,,,,,,,,,,,,,,,,,,,,,,,,,,
스레,,,,,,,,,,,,,,,,,,,,,,,,,,,,,,,,,,,,,,,,,,,,,,,,,,,,,,,,,,,,,,,,,,,,,,,,,,,,,,,,,,,,,,,,,,,,,,,,,,,,,,,,,,,,,,,,,,,,,,,
진가,,,,,,,,,,,,,,,,,,,,,,,,,,,,,,,,,,,,,,,,,,,,,,,,,,,,,,,,,,,,,,,,,,,,,,,,,,,,,,,,,,,,,,,,,,,,,,,,,,,,,,,,,,,,,,,,,,,,,,,
고인,,,,,,,,,,,,,,,,,,,,,,,,,,,,,,,,,,,,,,,,,,,,,,,,,,,,,,,,,,,,,,,,,,,,,,,,,,,,,,,,,,,,,,,,,,,,,,,,,,,,,,,,,,,,,,,,,,,,,,,
도대체,,,,,,,,,,,,,,,,,,,,,,,,,,,,,,,,,,,,,,,,,,,,,,,,,,,,,,,,,,,,,,,,,,,,,,,,,,,,,,,,,,,,,,,,,,,,,,,,,,,,,,,,,,,,,,,,,,,,,,,
모퉁이,,,,,,,,,,,,,,,,,,,,,,,,,,,,,,,,,,,,,,,,,,,,,,,,,,,,,,,,,,,,,,,,,,,,,,,,,,,,,,,,,,,,,,,,,,,,,,,,,,,,,,,,,,,,,,,,,,,,,,,
아주머니,,,,,,,,,,,,,,,,,,,,,,,,,,,,,,,,,,,,,,,,,,,,,,,,,,,,,,,,,,,,,,,,,,,,,,,,,,,,,,,,,,,,,,,,,,,,,,,,,,,,,,,,,,,,,,,,,,,,,,,
이란,,,,,,,,,,,,,,,,,,,,,,,,,,,,,,,,,,,,,,,,,,,,,,,,,,,,,,,,,,,,,,,,,,,,,,,,,,,,,,,,,,,,,,,,,,,,,,,,,,,,,,,,,,,,,,,,,,,,,,,
선곡,,,,,,,,,,,,,,,,,,,,,,,,,,,,,,,,,,,,,,,,,,,,,,,,,,,,,,,,,,,,,,,,,,,,,,,,,,,,,,,,,,,,,,,,,,,,,,,,,,,,,,,,,,,,,,,,,,,,,,,
꽃다발,,,,,,,,,,,,,,,,,,,,,,,,,,,,,,,,,,,,,,,,,,,,,,,,,,,,,,,,,,,,,,,,,,,,,,,,,,,,,,,,,,,,,,,,,,,,,,,,,,,,,,,,,,,,,,,,,,,,,,,
임박,,,,,,,,,,,,,,,,,,,,,,,,,,,,,,,,,,,,,,,,,,,,,,,,,,,,,,,,,,,,,,,,,,,,,,,,,,,,,,,,,,,,,,,,,,,,,,,,,,,,,,,,,,,,,,,,,,,,,,,
홍시,,,,,,,,,,,,,,,,,,,,,,,,,,,,,,,,,,,,,,,,,,,,,,,,,,,,,,,,,,,,,,,,,,,,,,,,,,,,,,,,,,,,,,,,,,,,,,,,,,,,,,,,,,,,,,,,,,,,,,,
한과,,,,,,,,,,,,,,,,,,,,,,,,,,,,,,,,,,,,,,,,,,,,,,,,,,,,,,,,,,,,,,,,,,,,,,,,,,,,,,,,,,,,,,,,,,,,,,,,,,,,,,,,,,,,,,,,,,,,,,,
창가,,,,,,,,,,,,,,,,,,,,,,,,,,,,,,,,,,,,,,,,,,,,,,,,,,,,,,,,,,,,,,,,,,,,,,,,,,,,,,,,,,,,,,,,,,,,,,,,,,,,,,,,,,,,,,,,,,,,,,,
캬,,,,,,,,,,,,,,,,,,,,,,,,,,,,,,,,,,,,,,,,,,,,,,,,,,,,,,,,,,,,,,,,,,,,,,,,,,,,,,,,,,,,,,,,,,,,,,,,,,,,,,,,,,,,,,,,,,,,,,,
요기,,,,,,,,,,,,,,,,,,,,,,,,,,,,,,,,,,,,,,,,,,,,,,,,,,,,,,,,,,,,,,,,,,,,,,,,,,,,,,,,,,,,,,,,,,,,,,,,,,,,,,,,,,,,,,,,,,,,,,,
대박,,,,,,,,,,,,,,,,,,,,,,,,,,,,,,,,,,,,,,,,,,,,,,,,,,,,,,,,,,,,,,,,,,,,,,,,,,,,,,,,,,,,,,,,,,,,,,,,,,,,,,,,,,,,,,,,,,,,,,,
지기,,,,,,,,,,,,,,,,,,,,,,,,,,,,,,,,,,,,,,,,,,,,,,,,,,,,,,,,,,,,,,,,,,,,,,,,,,,,,,,,,,,,,,,,,,,,,,,,,,,,,,,,,,,,,,,,,,,,,,,
최상급,,,,,,,,,,,,,,,,,,,,,,,,,,,,,,,,,,,,,,,,,,,,,,,,,,,,,,,,,,,,,,,,,,,,,,,,,,,,,,,,,,,,,,,,,,,,,,,,,,,,,,,,,,,,,,,,,,,,,,,
내사,,,,,,,,,,,,,,,,,,,,,,,,,,,,,,,,,,,,,,,,,,,,,,,,,,,,,,,,,,,,,,,,,,,,,,,,,,,,,,,,,,,,,,,,,,,,,,,,,,,,,,,,,,,,,,,,,,,,,,,
불만족,,,,,,,,,,,,,,,,,,,,,,,,,,,,,,,,,,,,,,,,,,,,,,,,,,,,,,,,,,,,,,,,,,,,,,,,,,,,,,,,,,,,,,,,,,,,,,,,,,,,,,,,,,,,,,,,,,,,,,,
외로,,,,,,,,,,,,,,,,,,,,,,,,,,,,,,,,,,,,,,,,,,,,,,,,,,,,,,,,,,,,,,,,,,,,,,,,,,,,,,,,,,,,,,,,,,,,,,,,,,,,,,,,,,,,,,,,,,,,,,,
보태,,,,,,,,,,,,,,,,,,,,,,,,,,,,,,,,,,,,,,,,,,,,,,,,,,,,,,,,,,,,,,,,,,,,,,,,,,,,,,,,,,,,,,,,,,,,,,,,,,,,,,,,,,,,,,,,,,,,,,,
한창,,,,,,,,,,,,,,,,,,,,,,,,,,,,,,,,,,,,,,,,,,,,,,,,,,,,,,,,,,,,,,,,,,,,,,,,,,,,,,,,,,,,,,,,,,,,,,,,,,,,,,,,,,,,,,,,,,,,,,,
린다,,,,,,,,,,,,,,,,,,,,,,,,,,,,,,,,,,,,,,,,,,,,,,,,,,,,,,,,,,,,,,,,,,,,,,,,,,,,,,,,,,,,,,,,,,,,,,,,,,,,,,,,,,,,,,,,,,,,,,,
특수성,,,,,,,,,,,,,,,,,,,,,,,,,,,,,,,,,,,,,,,,,,,,,,,,,,,,,,,,,,,,,,,,,,,,,,,,,,,,,,,,,,,,,,,,,,,,,,,,,,,,,,,,,,,,,,,,,,,,,,,
이과,,,,,,,,,,,,,,,,,,,,,,,,,,,,,,,,,,,,,,,,,,,,,,,,,,,,,,,,,,,,,,,,,,,,,,,,,,,,,,,,,,,,,,,,,,,,,,,,,,,,,,,,,,,,,,,,,,,,,,,
나위,,,,,,,,,,,,,,,,,,,,,,,,,,,,,,,,,,,,,,,,,,,,,,,,,,,,,,,,,,,,,,,,,,,,,,,,,,,,,,,,,,,,,,,,,,,,,,,,,,,,,,,,,,,,,,,,,,,,,,,
천원,,,,,,,,,,,,,,,,,,,,,,,,,,,,,,,,,,,,,,,,,,,,,,,,,,,,,,,,,,,,,,,,,,,,,,,,,,,,,,,,,,,,,,,,,,,,,,,,,,,,,,,,,,,,,,,,,,,,,,,
청결,,,,,,,,,,,,,,,,,,,,,,,,,,,,,,,,,,,,,,,,,,,,,,,,,,,,,,,,,,,,,,,,,,,,,,,,,,,,,,,,,,,,,,,,,,,,,,,,,,,,,,,,,,,,,,,,,,,,,,,
페인,,,,,,,,,,,,,,,,,,,,,,,,,,,,,,,,,,,,,,,,,,,,,,,,,,,,,,,,,,,,,,,,,,,,,,,,,,,,,,,,,,,,,,,,,,,,,,,,,,,,,,,,,,,,,,,,,,,,,,,
과묵,,,,,,,,,,,,,,,,,,,,,,,,,,,,,,,,,,,,,,,,,,,,,,,,,,,,,,,,,,,,,,,,,,,,,,,,,,,,,,,,,,,,,,,,,,,,,,,,,,,,,,,,,,,,,,,,,,,,,,,
방과,,,,,,,,,,,,,,,,,,,,,,,,,,,,,,,,,,,,,,,,,,,,,,,,,,,,,,,,,,,,,,,,,,,,,,,,,,,,,,,,,,,,,,,,,,,,,,,,,,,,,,,,,,,,,,,,,,,,,,,
오로라,,,,,,,,,,,,,,,,,,,,,,,,,,,,,,,,,,,,,,,,,,,,,,,,,,,,,,,,,,,,,,,,,,,,,,,,,,,,,,,,,,,,,,,,,,,,,,,,,,,,,,,,,,,,,,,,,,,,,,,
주소지,,,,,,,,,,,,,,,,,,,,,,,,,,,,,,,,,,,,,,,,,,,,,,,,,,,,,,,,,,,,,,,,,,,,,,,,,,,,,,,,,,,,,,,,,,,,,,,,,,,,,,,,,,,,,,,,,,,,,,,
탐방,,,,,,,,,,,,,,,,,,,,,,,,,,,,,,,,,,,,,,,,,,,,,,,,,,,,,,,,,,,,,,,,,,,,,,,,,,,,,,,,,,,,,,,,,,,,,,,,,,,,,,,,,,,,,,,,,,,,,,,
과,,,,,,,,,,,,,,,,,,,,,,,,,,,,,,,,,,,,,,,,,,,,,,,,,,,,,,,,,,,,,,,,,,,,,,,,,,,,,,,,,,,,,,,,,,,,,,,,,,,,,,,,,,,,,,,,,,,,,,,
수다,,,,,,,,,,,,,,,,,,,,,,,,,,,,,,,,,,,,,,,,,,,,,,,,,,,,,,,,,,,,,,,,,,,,,,,,,,,,,,,,,,,,,,,,,,,,,,,,,,,,,,,,,,,,,,,,,,,,,,,
조물,,,,,,,,,,,,,,,,,,,,,,,,,,,,,,,,,,,,,,,,,,,,,,,,,,,,,,,,,,,,,,,,,,,,,,,,,,,,,,,,,,,,,,,,,,,,,,,,,,,,,,,,,,,,,,,,,,,,,,,
땡,,,,,,,,,,,,,,,,,,,,,,,,,,,,,,,,,,,,,,,,,,,,,,,,,,,,,,,,,,,,,,,,,,,,,,,,,,,,,,,,,,,,,,,,,,,,,,,,,,,,,,,,,,,,,,,,,,,,,,,
명상,,,,,,,,,,,,,,,,,,,,,,,,,,,,,,,,,,,,,,,,,,,,,,,,,,,,,,,,,,,,,,,,,,,,,,,,,,,,,,,,,,,,,,,,,,,,,,,,,,,,,,,,,,,,,,,,,,,,,,,
한적,,,,,,,,,,,,,,,,,,,,,,,,,,,,,,,,,,,,,,,,,,,,,,,,,,,,,,,,,,,,,,,,,,,,,,,,,,,,,,,,,,,,,,,,,,,,,,,,,,,,,,,,,,,,,,,,,,,,,,,
주중,,,,,,,,,,,,,,,,,,,,,,,,,,,,,,,,,,,,,,,,,,,,,,,,,,,,,,,,,,,,,,,,,,,,,,,,,,,,,,,,,,,,,,,,,,,,,,,,,,,,,,,,,,,,,,,,,,,,,,,
간만,,,,,,,,,,,,,,,,,,,,,,,,,,,,,,,,,,,,,,,,,,,,,,,,,,,,,,,,,,,,,,,,,,,,,,,,,,,,,,,,,,,,,,,,,,,,,,,,,,,,,,,,,,,,,,,,,,,,,,,
적진,,,,,,,,,,,,,,,,,,,,,,,,,,,,,,,,,,,,,,,,,,,,,,,,,,,,,,,,,,,,,,,,,,,,,,,,,,,,,,,,,,,,,,,,,,,,,,,,,,,,,,,,,,,,,,,,,,,,,,,
중문,,,,,,,,,,,,,,,,,,,,,,,,,,,,,,,,,,,,,,,,,,,,,,,,,,,,,,,,,,,,,,,,,,,,,,,,,,,,,,,,,,,,,,,,,,,,,,,,,,,,,,,,,,,,,,,,,,,,,,,
확,,,,,,,,,,,,,,,,,,,,,,,,,,,,,,,,,,,,,,,,,,,,,,,,,,,,,,,,,,,,,,,,,,,,,,,,,,,,,,,,,,,,,,,,,,,,,,,,,,,,,,,,,,,,,,,,,,,,,,,
생과,,,,,,,,,,,,,,,,,,,,,,,,,,,,,,,,,,,,,,,,,,,,,,,,,,,,,,,,,,,,,,,,,,,,,,,,,,,,,,,,,,,,,,,,,,,,,,,,,,,,,,,,,,,,,,,,,,,,,,,
토피,,,,,,,,,,,,,,,,,,,,,,,,,,,,,,,,,,,,,,,,,,,,,,,,,,,,,,,,,,,,,,,,,,,,,,,,,,,,,,,,,,,,,,,,,,,,,,,,,,,,,,,,,,,,,,,,,,,,,,,
이상은,,,,,,,,,,,,,,,,,,,,,,,,,,,,,,,,,,,,,,,,,,,,,,,,,,,,,,,,,,,,,,,,,,,,,,,,,,,,,,,,,,,,,,,,,,,,,,,,,,,,,,,,,,,,,,,,,,,,,,,
계동,,,,,,,,,,,,,,,,,,,,,,,,,,,,,,,,,,,,,,,,,,,,,,,,,,,,,,,,,,,,,,,,,,,,,,,,,,,,,,,,,,,,,,,,,,,,,,,,,,,,,,,,,,,,,,,,,,,,,,,
연석,,,,,,,,,,,,,,,,,,,,,,,,,,,,,,,,,,,,,,,,,,,,,,,,,,,,,,,,,,,,,,,,,,,,,,,,,,,,,,,,,,,,,,,,,,,,,,,,,,,,,,,,,,,,,,,,,,,,,,,
갈고,,,,,,,,,,,,,,,,,,,,,,,,,,,,,,,,,,,,,,,,,,,,,,,,,,,,,,,,,,,,,,,,,,,,,,,,,,,,,,,,,,,,,,,,,,,,,,,,,,,,,,,,,,,,,,,,,,,,,,,
글쓰기,,,,,,,,,,,,,,,,,,,,,,,,,,,,,,,,,,,,,,,,,,,,,,,,,,,,,,,,,,,,,,,,,,,,,,,,,,,,,,,,,,,,,,,,,,,,,,,,,,,,,,,,,,,,,,,,,,,,,,,
자위,,,,,,,,,,,,,,,,,,,,,,,,,,,,,,,,,,,,,,,,,,,,,,,,,,,,,,,,,,,,,,,,,,,,,,,,,,,,,,,,,,,,,,,,,,,,,,,,,,,,,,,,,,,,,,,,,,,,,,,
막상,,,,,,,,,,,,,,,,,,,,,,,,,,,,,,,,,,,,,,,,,,,,,,,,,,,,,,,,,,,,,,,,,,,,,,,,,,,,,,,,,,,,,,,,,,,,,,,,,,,,,,,,,,,,,,,,,,,,,,,
애견,,,,,,,,,,,,,,,,,,,,,,,,,,,,,,,,,,,,,,,,,,,,,,,,,,,,,,,,,,,,,,,,,,,,,,,,,,,,,,,,,,,,,,,,,,,,,,,,,,,,,,,,,,,,,,,,,,,,,,,
가마솥,,,,,,,,,,,,,,,,,,,,,,,,,,,,,,,,,,,,,,,,,,,,,,,,,,,,,,,,,,,,,,,,,,,,,,,,,,,,,,,,,,,,,,,,,,,,,,,,,,,,,,,,,,,,,,,,,,,,,,,
그간,,,,,,,,,,,,,,,,,,,,,,,,,,,,,,,,,,,,,,,,,,,,,,,,,,,,,,,,,,,,,,,,,,,,,,,,,,,,,,,,,,,,,,,,,,,,,,,,,,,,,,,,,,,,,,,,,,,,,,,
치가,,,,,,,,,,,,,,,,,,,,,,,,,,,,,,,,,,,,,,,,,,,,,,,,,,,,,,,,,,,,,,,,,,,,,,,,,,,,,,,,,,,,,,,,,,,,,,,,,,,,,,,,,,,,,,,,,,,,,,,
캠핑,,,,,,,,,,,,,,,,,,,,,,,,,,,,,,,,,,,,,,,,,,,,,,,,,,,,,,,,,,,,,,,,,,,,,,,,,,,,,,,,,,,,,,,,,,,,,,,,,,,,,,,,,,,,,,,,,,,,,,,
연하,,,,,,,,,,,,,,,,,,,,,,,,,,,,,,,,,,,,,,,,,,,,,,,,,,,,,,,,,,,,,,,,,,,,,,,,,,,,,,,,,,,,,,,,,,,,,,,,,,,,,,,,,,,,,,,,,,,,,,,
글쎄,,,,,,,,,,,,,,,,,,,,,,,,,,,,,,,,,,,,,,,,,,,,,,,,,,,,,,,,,,,,,,,,,,,,,,,,,,,,,,,,,,,,,,,,,,,,,,,,,,,,,,,,,,,,,,,,,,,,,,,
수목원,,,,,,,,,,,,,,,,,,,,,,,,,,,,,,,,,,,,,,,,,,,,,,,,,,,,,,,,,,,,,,,,,,,,,,,,,,,,,,,,,,,,,,,,,,,,,,,,,,,,,,,,,,,,,,,,,,,,,,,
고막,,,,,,,,,,,,,,,,,,,,,,,,,,,,,,,,,,,,,,,,,,,,,,,,,,,,,,,,,,,,,,,,,,,,,,,,,,,,,,,,,,,,,,,,,,,,,,,,,,,,,,,,,,,,,,,,,,,,,,,
초로,,,,,,,,,,,,,,,,,,,,,,,,,,,,,,,,,,,,,,,,,,,,,,,,,,,,,,,,,,,,,,,,,,,,,,,,,,,,,,,,,,,,,,,,,,,,,,,,,,,,,,,,,,,,,,,,,,,,,,,
트러스,,,,,,,,,,,,,,,,,,,,,,,,,,,,,,,,,,,,,,,,,,,,,,,,,,,,,,,,,,,,,,,,,,,,,,,,,,,,,,,,,,,,,,,,,,,,,,,,,,,,,,,,,,,,,,,,,,,,,,,
객관,,,,,,,,,,,,,,,,,,,,,,,,,,,,,,,,,,,,,,,,,,,,,,,,,,,,,,,,,,,,,,,,,,,,,,,,,,,,,,,,,,,,,,,,,,,,,,,,,,,,,,,,,,,,,,,,,,,,,,,
더욱더,,,,,,,,,,,,,,,,,,,,,,,,,,,,,,,,,,,,,,,,,,,,,,,,,,,,,,,,,,,,,,,,,,,,,,,,,,,,,,,,,,,,,,,,,,,,,,,,,,,,,,,,,,,,,,,,,,,,,,,
동남아,,,,,,,,,,,,,,,,,,,,,,,,,,,,,,,,,,,,,,,,,,,,,,,,,,,,,,,,,,,,,,,,,,,,,,,,,,,,,,,,,,,,,,,,,,,,,,,,,,,,,,,,,,,,,,,,,,,,,,,
정기권,,,,,,,,,,,,,,,,,,,,,,,,,,,,,,,,,,,,,,,,,,,,,,,,,,,,,,,,,,,,,,,,,,,,,,,,,,,,,,,,,,,,,,,,,,,,,,,,,,,,,,,,,,,,,,,,,,,,,,,
천차만별,,,,,,,,,,,,,,,,,,,,,,,,,,,,,,,,,,,,,,,,,,,,,,,,,,,,,,,,,,,,,,,,,,,,,,,,,,,,,,,,,,,,,,,,,,,,,,,,,,,,,,,,,,,,,,,,,,,,,,,
냠,,,,,,,,,,,,,,,,,,,,,,,,,,,,,,,,,,,,,,,,,,,,,,,,,,,,,,,,,,,,,,,,,,,,,,,,,,,,,,,,,,,,,,,,,,,,,,,,,,,,,,,,,,,,,,,,,,,,,,,
점도,,,,,,,,,,,,,,,,,,,,,,,,,,,,,,,,,,,,,,,,,,,,,,,,,,,,,,,,,,,,,,,,,,,,,,,,,,,,,,,,,,,,,,,,,,,,,,,,,,,,,,,,,,,,,,,,,,,,,,,
삼은,,,,,,,,,,,,,,,,,,,,,,,,,,,,,,,,,,,,,,,,,,,,,,,,,,,,,,,,,,,,,,,,,,,,,,,,,,,,,,,,,,,,,,,,,,,,,,,,,,,,,,,,,,,,,,,,,,,,,,,
코스튬,,,,,,,,,,,,,,,,,,,,,,,,,,,,,,,,,,,,,,,,,,,,,,,,,,,,,,,,,,,,,,,,,,,,,,,,,,,,,,,,,,,,,,,,,,,,,,,,,,,,,,,,,,,,,,,,,,,,,,,
고함,,,,,,,,,,,,,,,,,,,,,,,,,,,,,,,,,,,,,,,,,,,,,,,,,,,,,,,,,,,,,,,,,,,,,,,,,,,,,,,,,,,,,,,,,,,,,,,,,,,,,,,,,,,,,,,,,,,,,,,
강정,,,,,,,,,,,,,,,,,,,,,,,,,,,,,,,,,,,,,,,,,,,,,,,,,,,,,,,,,,,,,,,,,,,,,,,,,,,,,,,,,,,,,,,,,,,,,,,,,,,,,,,,,,,,,,,,,,,,,,,
광진,,,,,,,,,,,,,,,,,,,,,,,,,,,,,,,,,,,,,,,,,,,,,,,,,,,,,,,,,,,,,,,,,,,,,,,,,,,,,,,,,,,,,,,,,,,,,,,,,,,,,,,,,,,,,,,,,,,,,,,
이간,,,,,,,,,,,,,,,,,,,,,,,,,,,,,,,,,,,,,,,,,,,,,,,,,,,,,,,,,,,,,,,,,,,,,,,,,,,,,,,,,,,,,,,,,,,,,,,,,,,,,,,,,,,,,,,,,,,,,,,
얘,,,,,,,,,,,,,,,,,,,,,,,,,,,,,,,,,,,,,,,,,,,,,,,,,,,,,,,,,,,,,,,,,,,,,,,,,,,,,,,,,,,,,,,,,,,,,,,,,,,,,,,,,,,,,,,,,,,,,,,
달인,,,,,,,,,,,,,,,,,,,,,,,,,,,,,,,,,,,,,,,,,,,,,,,,,,,,,,,,,,,,,,,,,,,,,,,,,,,,,,,,,,,,,,,,,,,,,,,,,,,,,,,,,,,,,,,,,,,,,,,
왕십리,,,,,,,,,,,,,,,,,,,,,,,,,,,,,,,,,,,,,,,,,,,,,,,,,,,,,,,,,,,,,,,,,,,,,,,,,,,,,,,,,,,,,,,,,,,,,,,,,,,,,,,,,,,,,,,,,,,,,,,
놀이터,,,,,,,,,,,,,,,,,,,,,,,,,,,,,,,,,,,,,,,,,,,,,,,,,,,,,,,,,,,,,,,,,,,,,,,,,,,,,,,,,,,,,,,,,,,,,,,,,,,,,,,,,,,,,,,,,,,,,,,
신상,,,,,,,,,,,,,,,,,,,,,,,,,,,,,,,,,,,,,,,,,,,,,,,,,,,,,,,,,,,,,,,,,,,,,,,,,,,,,,,,,,,,,,,,,,,,,,,,,,,,,,,,,,,,,,,,,,,,,,,
십상,,,,,,,,,,,,,,,,,,,,,,,,,,,,,,,,,,,,,,,,,,,,,,,,,,,,,,,,,,,,,,,,,,,,,,,,,,,,,,,,,,,,,,,,,,,,,,,,,,,,,,,,,,,,,,,,,,,,,,,
소도,,,,,,,,,,,,,,,,,,,,,,,,,,,,,,,,,,,,,,,,,,,,,,,,,,,,,,,,,,,,,,,,,,,,,,,,,,,,,,,,,,,,,,,,,,,,,,,,,,,,,,,,,,,,,,,,,,,,,,,
전해,,,,,,,,,,,,,,,,,,,,,,,,,,,,,,,,,,,,,,,,,,,,,,,,,,,,,,,,,,,,,,,,,,,,,,,,,,,,,,,,,,,,,,,,,,,,,,,,,,,,,,,,,,,,,,,,,,,,,,,
보가,,,,,,,,,,,,,,,,,,,,,,,,,,,,,,,,,,,,,,,,,,,,,,,,,,,,,,,,,,,,,,,,,,,,,,,,,,,,,,,,,,,,,,,,,,,,,,,,,,,,,,,,,,,,,,,,,,,,,,,
다기,,,,,,,,,,,,,,,,,,,,,,,,,,,,,,,,,,,,,,,,,,,,,,,,,,,,,,,,,,,,,,,,,,,,,,,,,,,,,,,,,,,,,,,,,,,,,,,,,,,,,,,,,,,,,,,,,,,,,,,
이건,,,,,,,,,,,,,,,,,,,,,,,,,,,,,,,,,,,,,,,,,,,,,,,,,,,,,,,,,,,,,,,,,,,,,,,,,,,,,,,,,,,,,,,,,,,,,,,,,,,,,,,,,,,,,,,,,,,,,,,
명정,,,,,,,,,,,,,,,,,,,,,,,,,,,,,,,,,,,,,,,,,,,,,,,,,,,,,,,,,,,,,,,,,,,,,,,,,,,,,,,,,,,,,,,,,,,,,,,,,,,,,,,,,,,,,,,,,,,,,,,
아보,,,,,,,,,,,,,,,,,,,,,,,,,,,,,,,,,,,,,,,,,,,,,,,,,,,,,,,,,,,,,,,,,,,,,,,,,,,,,,,,,,,,,,,,,,,,,,,,,,,,,,,,,,,,,,,,,,,,,,,
미관,,,,,,,,,,,,,,,,,,,,,,,,,,,,,,,,,,,,,,,,,,,,,,,,,,,,,,,,,,,,,,,,,,,,,,,,,,,,,,,,,,,,,,,,,,,,,,,,,,,,,,,,,,,,,,,,,,,,,,,
임자,,,,,,,,,,,,,,,,,,,,,,,,,,,,,,,,,,,,,,,,,,,,,,,,,,,,,,,,,,,,,,,,,,,,,,,,,,,,,,,,,,,,,,,,,,,,,,,,,,,,,,,,,,,,,,,,,,,,,,,
지인,,,,,,,,,,,,,,,,,,,,,,,,,,,,,,,,,,,,,,,,,,,,,,,,,,,,,,,,,,,,,,,,,,,,,,,,,,,,,,,,,,,,,,,,,,,,,,,,,,,,,,,,,,,,,,,,,,,,,,,
비도,,,,,,,,,,,,,,,,,,,,,,,,,,,,,,,,,,,,,,,,,,,,,,,,,,,,,,,,,,,,,,,,,,,,,,,,,,,,,,,,,,,,,,,,,,,,,,,,,,,,,,,,,,,,,,,,,,,,,,,
바스크,,,,,,,,,,,,,,,,,,,,,,,,,,,,,,,,,,,,,,,,,,,,,,,,,,,,,,,,,,,,,,,,,,,,,,,,,,,,,,,,,,,,,,,,,,,,,,,,,,,,,,,,,,,,,,,,,,,,,,,
창의력,,,,,,,,,,,,,,,,,,,,,,,,,,,,,,,,,,,,,,,,,,,,,,,,,,,,,,,,,,,,,,,,,,,,,,,,,,,,,,,,,,,,,,,,,,,,,,,,,,,,,,,,,,,,,,,,,,,,,,,
최하,,,,,,,,,,,,,,,,,,,,,,,,,,,,,,,,,,,,,,,,,,,,,,,,,,,,,,,,,,,,,,,,,,,,,,,,,,,,,,,,,,,,,,,,,,,,,,,,,,,,,,,,,,,,,,,,,,,,,,,
만만,,,,,,,,,,,,,,,,,,,,,,,,,,,,,,,,,,,,,,,,,,,,,,,,,,,,,,,,,,,,,,,,,,,,,,,,,,,,,,,,,,,,,,,,,,,,,,,,,,,,,,,,,,,,,,,,,,,,,,,
깜짝,,,,,,,,,,,,,,,,,,,,,,,,,,,,,,,,,,,,,,,,,,,,,,,,,,,,,,,,,,,,,,,,,,,,,,,,,,,,,,,,,,,,,,,,,,,,,,,,,,,,,,,,,,,,,,,,,,,,,,,
삼청동,,,,,,,,,,,,,,,,,,,,,,,,,,,,,,,,,,,,,,,,,,,,,,,,,,,,,,,,,,,,,,,,,,,,,,,,,,,,,,,,,,,,,,,,,,,,,,,,,,,,,,,,,,,,,,,,,,,,,,,
솽,,,,,,,,,,,,,,,,,,,,,,,,,,,,,,,,,,,,,,,,,,,,,,,,,,,,,,,,,,,,,,,,,,,,,,,,,,,,,,,,,,,,,,,,,,,,,,,,,,,,,,,,,,,,,,,,,,,,,,,
힛,,,,,,,,,,,,,,,,,,,,,,,,,,,,,,,,,,,,,,,,,,,,,,,,,,,,,,,,,,,,,,,,,,,,,,,,,,,,,,,,,,,,,,,,,,,,,,,,,,,,,,,,,,,,,,,,,,,,,,,
호사,,,,,,,,,,,,,,,,,,,,,,,,,,,,,,,,,,,,,,,,,,,,,,,,,,,,,,,,,,,,,,,,,,,,,,,,,,,,,,,,,,,,,,,,,,,,,,,,,,,,,,,,,,,,,,,,,,,,,,,
게이샤,,,,,,,,,,,,,,,,,,,,,,,,,,,,,,,,,,,,,,,,,,,,,,,,,,,,,,,,,,,,,,,,,,,,,,,,,,,,,,,,,,,,,,,,,,,,,,,,,,,,,,,,,,,,,,,,,,,,,,,
쭉,,,,,,,,,,,,,,,,,,,,,,,,,,,,,,,,,,,,,,,,,,,,,,,,,,,,,,,,,,,,,,,,,,,,,,,,,,,,,,,,,,,,,,,,,,,,,,,,,,,,,,,,,,,,,,,,,,,,,,,
억지로,,,,,,,,,,,,,,,,,,,,,,,,,,,,,,,,,,,,,,,,,,,,,,,,,,,,,,,,,,,,,,,,,,,,,,,,,,,,,,,,,,,,,,,,,,,,,,,,,,,,,,,,,,,,,,,,,,,,,,,
자양,,,,,,,,,,,,,,,,,,,,,,,,,,,,,,,,,,,,,,,,,,,,,,,,,,,,,,,,,,,,,,,,,,,,,,,,,,,,,,,,,,,,,,,,,,,,,,,,,,,,,,,,,,,,,,,,,,,,,,,
부암동,,,,,,,,,,,,,,,,,,,,,,,,,,,,,,,,,,,,,,,,,,,,,,,,,,,,,,,,,,,,,,,,,,,,,,,,,,,,,,,,,,,,,,,,,,,,,,,,,,,,,,,,,,,,,,,,,,,,,,,
화룡,,,,,,,,,,,,,,,,,,,,,,,,,,,,,,,,,,,,,,,,,,,,,,,,,,,,,,,,,,,,,,,,,,,,,,,,,,,,,,,,,,,,,,,,,,,,,,,,,,,,,,,,,,,,,,,,,,,,,,,
상봉,,,,,,,,,,,,,,,,,,,,,,,,,,,,,,,,,,,,,,,,,,,,,,,,,,,,,,,,,,,,,,,,,,,,,,,,,,,,,,,,,,,,,,,,,,,,,,,,,,,,,,,,,,,,,,,,,,,,,,,
잡고,,,,,,,,,,,,,,,,,,,,,,,,,,,,,,,,,,,,,,,,,,,,,,,,,,,,,,,,,,,,,,,,,,,,,,,,,,,,,,,,,,,,,,,,,,,,,,,,,,,,,,,,,,,,,,,,,,,,,,,
한지,,,,,,,,,,,,,,,,,,,,,,,,,,,,,,,,,,,,,,,,,,,,,,,,,,,,,,,,,,,,,,,,,,,,,,,,,,,,,,,,,,,,,,,,,,,,,,,,,,,,,,,,,,,,,,,,,,,,,,,
본의,,,,,,,,,,,,,,,,,,,,,,,,,,,,,,,,,,,,,,,,,,,,,,,,,,,,,,,,,,,,,,,,,,,,,,,,,,,,,,,,,,,,,,,,,,,,,,,,,,,,,,,,,,,,,,,,,,,,,,,
응원,,,,,,,,,,,,,,,,,,,,,,,,,,,,,,,,,,,,,,,,,,,,,,,,,,,,,,,,,,,,,,,,,,,,,,,,,,,,,,,,,,,,,,,,,,,,,,,,,,,,,,,,,,,,,,,,,,,,,,,
정소,,,,,,,,,,,,,,,,,,,,,,,,,,,,,,,,,,,,,,,,,,,,,,,,,,,,,,,,,,,,,,,,,,,,,,,,,,,,,,,,,,,,,,,,,,,,,,,,,,,,,,,,,,,,,,,,,,,,,,,
별반,,,,,,,,,,,,,,,,,,,,,,,,,,,,,,,,,,,,,,,,,,,,,,,,,,,,,,,,,,,,,,,,,,,,,,,,,,,,,,,,,,,,,,,,,,,,,,,,,,,,,,,,,,,,,,,,,,,,,,,
출근,,,,,,,,,,,,,,,,,,,,,,,,,,,,,,,,,,,,,,,,,,,,,,,,,,,,,,,,,,,,,,,,,,,,,,,,,,,,,,,,,,,,,,,,,,,,,,,,,,,,,,,,,,,,,,,,,,,,,,,
일명,,,,,,,,,,,,,,,,,,,,,,,,,,,,,,,,,,,,,,,,,,,,,,,,,,,,,,,,,,,,,,,,,,,,,,,,,,,,,,,,,,,,,,,,,,,,,,,,,,,,,,,,,,,,,,,,,,,,,,,
원단,,,,,,,,,,,,,,,,,,,,,,,,,,,,,,,,,,,,,,,,,,,,,,,,,,,,,,,,,,,,,,,,,,,,,,,,,,,,,,,,,,,,,,,,,,,,,,,,,,,,,,,,,,,,,,,,,,,,,,,
번잡,,,,,,,,,,,,,,,,,,,,,,,,,,,,,,,,,,,,,,,,,,,,,,,,,,,,,,,,,,,,,,,,,,,,,,,,,,,,,,,,,,,,,,,,,,,,,,,,,,,,,,,,,,,,,,,,,,,,,,,
