,가게이름,가게 주소,음식 종류,가격 범위,리뷰개수,평점,lat,lng
1,봉산옥,서울특별시 서초구 반포대로8길 5-6 조강빌딩,한정식 / 백반 / 정통 한식,만원 미만,86,4.4,37.4833449,127.0124419
2,신숙,서울특별시 서초구 법원로3길 21 이정빌딩,국수 / 면 요리,만원 미만,41,4.4,37.492961,127.0082464
3,백화요란골동반,서울특별시 서초구 서초대로 240,국수 / 면 요리,만원 미만,31,4.1,37.4913624,127.008348
4,우작설렁탕,서울특별시 서초구 서초중앙로6길 7,탕 / 찌개 / 전골,만원 미만,24,4.0,37.486157,127.0161081
5,광해즉석떡볶이,서울특별시 서초구 서초대로 275 중앙빌딩 B1,기타 한식,만원 미만,28,4.0,37.4971556,127.0125709
6,믿을신,서울특별시 서초구 서초중앙로 105 1F,기타 한식,만원 미만,7,3.9,37.4909885,127.0138408
7,샘밭막국수,서울특별시 서초구 서초중앙로24길 27,국수 / 면 요리,만원 미만,48,3.8,37.4954141,127.0164028
8,아따맵소,서울특별시 서초구 서초대로40길 88,탕 / 찌개 / 전골,만원 미만,10,3.8,37.487682,127.0087144
9,삼산회관,서울특별시 서초구 반포대로28길 77 1F,탕 / 찌개 / 전골,만원 미만,38,3.7,37.4911643,127.010897
10,시골집,서울특별시 서초구 반포대로10길 7 청학빌딩,한정식 / 백반 / 정통 한식,만원 미만,10,3.7,37.4836873,127.012235
11,목천집,서울특별시 서초구 효령로52길 69,국수 / 면 요리,만원 미만,33,3.6,37.4812624,127.0133931
12,명동곰돌이,서울특별시 서초구 서초대로55길 11,국수 / 면 요리,만원 미만,19,3.6,37.4955965,127.0153589
13,이남장,서울특별시 서초구 서초대로49길 4,탕 / 찌개 / 전골,만원 미만,8,3.6,37.49374780000001,127.0123728
14,창화당,서울특별시 서초구 서초대로54길 29,기타 한식,만원 미만,14,3.5,37.4929183,127.0163032
15,마실,서울특별시 서초구 명달로 58 1F,퓨전 한식,만원 미만,11,3.3,37.4824823,127.0047884
16,기와집순두부,서울특별시 서초구 서초대로51길 21 하림빌딩 2,탕 / 찌개 / 전골,만원 미만,6,3.3,37.495784,127.0138591
17,이여곰탕,서울특별시 서초구 서초대로46길 19-15 이여빌딩 1F,탕 / 찌개 / 전골,만원 미만,10,3.2,37.49179609999999,127.0108538
18,한국수,서울특별시 서초구 남부순환로347길 101,국수 / 면 요리,만원 미만,9,3.0,37.4867122,127.031016
19,스노우폭스,서울특별시 서초구 강남대로 305 현대렉시온,기타 한식,만원 미만,6,,37.489964,127.0306059
20,순남시래기,서울특별시 서초구 강남대로39길 15-10,탕 / 찌개 / 전골,만원 미만,7,,37.48549630000001,127.0326628
21,상아김밥,서울특별시 서초구 사임당로 178 B1 101호,기타 한식,만원 미만,4,,37.4921947,127.0290425
22,채석강,서울특별시 서초구 강남대로37길 59,국수 / 면 요리,만원 미만,5,,37.4845104,127.0303326
23,참,서울특별시 서초구 사임당로 178,한정식 / 백반 / 정통 한식,만원 미만,2,,37.4921947,127.0290425
24,서초청국장,서울특별시 서초구 강남대로45길 10,탕 / 찌개 / 전골,만원 미만,2,,37.4882281,127.0313215
25,참설농탕,서울특별시 서초구 효령로 424 대명빌딩,탕 / 찌개 / 전골,만원 미만,6,,37.4887723,127.0302221
26,마포만두,서울특별시 서초구 서초중앙로 111 황도빌딩,기타 한식,만원 미만,1,,37.4915168,127.0138293
27,유성칼국수,서울특별시 서초구 서운로 18,국수 / 면 요리,만원 미만,3,,37.4856053,127.0298051
28,부산아지매국밥,서울특별시 서초구 효령로 264,탕 / 찌개 / 전골,만원 미만,4,,37.4841425,127.0131099
29,엉클부대찌개,서울특별시 서초구 서초중앙로 110,탕 / 찌개 / 전골,만원 미만,4,,37.4915769,127.0144946
30,양포식당,서울특별시 서초구 서초대로38길 41-1,한정식 / 백반 / 정통 한식,만원 미만,5,,37.4895446,127.0069099
31,강촌닭갈비,서울특별시 서초구 효령로 316-1 1F,닭 / 오리 요리,만원 미만,5,,37.4853814,127.018953
32,양재순대,서울특별시 서초구 강남대로37길 38,탕 / 찌개 / 전골,만원 미만,8,,37.4848958,127.031403
33,김밥까페,서울특별시 서초구 서초중앙로20길 15,기타 한식,만원 미만,4,,37.4923107,127.0148558
34,밀마을칼국수,서울특별시 서초구 효령로52길 12,국수 / 면 요리,만원 미만,2,,37.4837062,127.0127606
35,고양이부엌,서울특별시 서초구 남부순환로347길 52 1F,기타 한식,만원 미만,4,,37.4866294,127.0311816
36,청담동마녀김밥,서울특별시 서초구 사임당로 180 1F,기타 한식,만원 미만,4,,37.4925425,127.0292585
37,교대왕돈까스,서울특별시 서초구 서초중앙로 125,기타 한식,만원 미만,4,,37.4929717,127.0134121
38,계몽돈까스,서울특별시 서초구 서초대로52길 25,기타 한식,만원 미만,3,,37.4925815,127.0148093
39,김영자나주곰탕,서울특별시 서초구 강남대로43길 12,탕 / 찌개 / 전골,만원 미만,3,,37.4876299,127.0315497
40,순남시래기,서울특별시 서초구 서초중앙로26길 11,탕 / 찌개 / 전골,만원 미만,2,,37.4957417,127.0145145
41,떡본김애,서울특별시 서초구 서초대로54길 34,기타 한식,만원 미만,3,,37.4926325,127.0161713
42,나씨네,서울특별시 서초구 서초대로49길 12 한승아스트라 II B1,한정식 / 백반 / 정통 한식,만원 미만,2,,37.4953498,127.0202174
43,동대문엽기떡볶이,서울특별시 서초구 서초중앙로 75 동궁빌딩 2F,기타 한식,만원 미만,3,,37.4884565,127.0142766
44,밀숲,서울특별시 서초구 서초대로54길 33,국수 / 면 요리,만원 미만,4,,37.4927254,127.0164064
45,장독대김치찌개,서울특별시 서초구 반포대로28길 21-4 1F,탕 / 찌개 / 전골,만원 미만,3,,37.4908116,127.0098242
46,진순자계란말이김밥,서울특별시 서초구 강남대로 305 B1,기타 한식,만원 미만,3,,37.489964,127.0306059
47,김치도가,서울특별시 서초구 서초대로42길 51 마노빌딩 1F,탕 / 찌개 / 전골,만원 미만,2,,37.4897182,127.009669
48,인하순대국,서울특별시 서초구 반포대로28길 21-4,탕 / 찌개 / 전골,만원 미만,3,,37.4908116,127.0098242
49,보글이생태탕왕코다리,서울특별시 서초구 강남대로37길 56-18 서초에메랄드빌딩 1F,해산물 요리,만원 미만,2,,37.4854177,127.0305516
50,돈스라,서울특별시 서초구 강남대로39길 15-10 한라비발디 스튜디오193,기타 한식,만원 미만,4,,37.4857057,127.0320277
51,조이,서울특별시 서초구 반포대로19길 14 두원빌딩,국수 / 면 요리,만원 미만,2,,37.4873057,127.0088686
52,서초회관,서울특별시 서초구 효령로52길 42,한정식 / 백반 / 정통 한식,만원 미만,1,,37.4823588,127.0129445
53,산들목 전주콩나물국밥,서울특별시 서초구 반포대로 108,탕 / 찌개 / 전골,만원 미만,3,,37.4897728,127.0090814
54,담미온,서울특별시 서초구 서초중앙로 54 1F,탕 / 찌개 / 전골,만원 미만,2,,37.4867179,127.015515
55,메밀꽃필무렵,서울특별시 서초구 서초대로42길 23,국수 / 면 요리,만원 미만,2,,37.49100019999999,127.009107
56,정순화청국장,서울특별시 서초구 효령로 362,탕 / 찌개 / 전골,만원 미만,4,,37.4867305,127.0235432
57,싸다김밥,서울특별시 서초구 반포대로 100  하성빌딩 1F,기타 한식,만원 미만,3,,37.48917790000001,127.0092546
58,교대김밥,서울특별시 서초구 법원로2길 7-4,기타 한식,만원 미만,1,,37.4939677,127.0116247
59,한국수,서울특별시 서초구 서초대로51길 14 1F,국수 / 면 요리,만원 미만,1,,37.4950564,127.0144556
60,소소떡볶이,서울특별시 서초구 서초대로62길 30 덕우빌딩,기타 한식,만원 미만,3,,37.4938778,127.0197453
61,다동,서울특별시 서초구 사임당로 33 홍인빌딩,기타 한식,만원 미만,3,,37.488295,127.0137183
62,고봉김밥,서울특별시 서초구 반포대로 42,기타 한식,만원 미만,2,,37.4843796,127.0116131
63,강창구찹쌀진순대,서울특별시 서초구 효령로 330-1 천심빌딩 1F,탕 / 찌개 / 전골,만원 미만,1,,37.4857844,127.0203894
64,수라,서울특별시 서초구 서초대로 335,한정식 / 백반 / 정통 한식,만원 미만,2,,37.4952379,127.0180743
65,삼삼가마솥돈까스 앤 칡불냉면,서울특별시 서초구 서초중앙로22길 45,기타 한식,만원 미만,3,,37.4934953,127.0164438
66,만덕식당,서울특별시 서초구 서초대로58길 31-11 우진빌딩,고기 요리,만원 미만,2,,37.4936439,127.0184978
67,미미식당,서울특별시 서초구 서초대로 240 동일하이빌 B1,한정식 / 백반 / 정통 한식,만원 미만,2,,37.4917662,127.0083636
68,금씨네,서울특별시 서초구 반포대로28길 51 정연빌딩 2F,기타 한식,만원 미만,1,,37.4914144,127.011223
69,팔도명가야채순대국,서울특별시 서초구 서초중앙로 54 2F,탕 / 찌개 / 전골,만원 미만,2,,37.4867179,127.015515
70,종로김밥,서울특별시 서초구 서초대로 335 서흥빌딩,기타 한식,만원 미만,1,,37.4952379,127.0180743
71,소풍,서울특별시 서초구 남부순환로347길 13 1F,기타 한식,만원 미만,3,,37.4849251,127.0316773
72,셰프리푸드트럭,서울특별시 서초구 서초대로38길 12 롯데마트 서초점 B1,기타 한식,만원 미만,2,,37.49062,127.005198
73,매일백반,서울특별시 서초구 서초대로40길 54 2F,한정식 / 백반 / 정통 한식,만원 미만,2,,37.4892032,127.0078892
74,보영만두,서울특별시 서초구 서초대로56길 28,한정식 / 백반 / 정통 한식,만원 미만,1,,37.49323589999999,127.0172151
75,공항칼국수,서울특별시 서초구 반포대로30길 53,국수 / 면 요리,만원 미만,1,,37.4924097,127.0113897
76,우주최강도시락,서울특별시 서초구 서초중앙로 110 104호,기타 한식,만원 미만,1,,37.4915769,127.0144946
77,밥심이,서울특별시 서초구 효령로52길 8,한정식 / 백반 / 정통 한식,만원 미만,3,,37.4838349,127.0126447
78,로봇김밥,서울특별시 서초구 남부순환로 지하 2585 B1 12호,기타 한식,만원 미만,2,,37.4810366,127.0181186
79,풍미감자탕,서울특별시 서초구 반포대로26길 49,탕 / 찌개 / 전골,만원 미만,1,,37.491098,127.0118525
80,경성옥,서울특별시 서초구 서초중앙로26길 3,국수 / 면 요리,만원 미만,1,,37.4956054,127.013728
81,삼보부대고기,서울특별시 서초구 효령로68길 102 선민빌딩,탕 / 찌개 / 전골,만원 미만,1,,37.4853788,127.0193845
82,이조부대찌개,서울특별시 서초구 효령로 304 국제전자센터 11F,탕 / 찌개 / 전골,만원 미만,1,,37.4848201,127.0175261
83,뜸들이다,서울특별시 서초구 강남대로43길 14-1  101호,퓨전 한식,만원 미만,2,,37.4875681,127.031382
84,본도시락,서울특별시 서초구 서초대로54길 15,기타 한식,만원 미만,2,,37.4934014,127.0161069
85,오토김밥,서울특별시 서초구 서초중앙로22길 90 한서빌딩 101호,기타 한식,만원 미만,1,,37.4940303,127.0188014
86,신의주찹쌀순대,서울특별시 서초구 서초대로 248,탕 / 찌개 / 전골,만원 미만,1,,37.4918294,127.0088111
87,토봉추어탕,서울특별시 서초구 강남대로47길 14,탕 / 찌개 / 전골,만원 미만,1,,37.4887873,127.0308337
88,느티나무봉덕이네,서울특별시 서초구 청계산로 229-4 B1,탕 / 찌개 / 전골,만원 미만,1,,37.4450132,127.0579181
89,북창동순두부,서울특별시 서초구 효령로 330 1F,탕 / 찌개 / 전골,만원 미만,1,,37.4857844,127.0203894
90,그시절 동태촌 화덕생선구이,서울특별시 서초구 서초대로38길 12 서초마제스타시티 B1,한정식 / 백반 / 정통 한식,만원 미만,1,,37.4904845,127.0056469
91,배부장찌개,서울특별시 서초구 서초대로48길 15,탕 / 찌개 / 전골,만원 미만,1,,37.4920353,127.0115574
92,나살던고향,서울특별시 서초구 강남대로37길 28 태영빌딩 1F,한정식 / 백반 / 정통 한식,만원 미만,1,,37.4849617,127.031972
93,명인만두,서울특별시 서초구 서초대로40길 77 ,한정식 / 백반 / 정통 한식,만원 미만,1,,37.4881301,127.0087548
94,백암순대감자탕,서울특별시 서초구 반포대로14길 30 센츄리오피스텔,탕 / 찌개 / 전골,만원 미만,1,,37.4853795,127.0127702
95,이삭토스트,서울특별시 서초구 반포대로27길 23,기타 한식,만원 미만,2,,37.4896961,127.0069316
96,바른치킨,서울특별시 서초구 반포대로10길 35 서초지웰 상가동 1F 101호,닭 / 오리 요리,만원 미만,3,,37.4842058,127.0136789
97,백년육일집,서울특별시 서초구 서초대로 350 서초동동아빌라트,탕 / 찌개 / 전골,만원 미만,2,,37.4951554,127.0198286
98,전주옛날집,서울특별시 서초구 강남대로 273,한정식 / 백반 / 정통 한식,만원 미만,2,,37.4874888,127.0319315
99,투가리감자탕,서울특별시 서초구 효령로77길 14,탕 / 찌개 / 전골,만원 미만,2,,37.4902875,127.02974
100,함경순대,서울특별시 서초구 효령로 259,탕 / 찌개 / 전골,만원 미만,1,,37.4844805,127.0124745
101,서병장부대찌개,서울특별시 서초구 서초중앙로20길 34-6 썬라이즈빌딩 1F,탕 / 찌개 / 전골,만원 미만,2,,37.4922146,127.0158703
102,한국찹쌀순대,서울특별시 서초구 반포대로14길 71 109-110호,탕 / 찌개 / 전골,만원 미만,2,,37.486789,127.0145337
103,신전떡볶이,서울특별시 서초구 서초중앙로20길 16 1F,기타 한식,만원 미만,1,,37.4921567,127.0149811
104,전주콩뿌리콩나물국밥,서울특별시 서초구 강남대로 321,탕 / 찌개 / 전골,만원 미만,1,,37.4914697,127.0299611
105,두레박전주콩나물국밥,서울특별시 서초구 반포대로30길 67,탕 / 찌개 / 전골,만원 미만,1,,37.4926394,127.012142
106,명동손국수,서울특별시 서초구 서초중앙로22길 63  대은빌딩,국수 / 면 요리,만원 미만,1,,37.4938222,127.0173566
107,삼첩분식,서울특별시 서초구 서초대로50길 75 2F,기타 한식,만원 미만,1,,37.489827,127.0138357
108,명동칼국수,서울특별시 서초구 반포대로28길 20 두원빌딩,국수 / 면 요리,만원 미만,1,,37.4904471,127.0097657
109,사라스 칼국수,서울특별시 서초구 명달로 58,국수 / 면 요리,만원 미만,4,,37.4824823,127.0047884
110,임금님밥상,서울특별시 서초구 서초중앙로22길 47 문화빌딩,한정식 / 백반 / 정통 한식,만원 미만,1,,37.493517,127.016607
111,가츠앤비,서울특별시 서초구 남부순환로 2561 원일빌딩,기타 한식,만원 미만,2,,37.48430949999999,127.0305636
112,한국밥,서울특별시 서초구 서초대로40길 92,탕 / 찌개 / 전골,만원 미만,2,,37.4875281,127.0087469
113,명동칼국수샤브샤브,서울특별시 서초구 효령로55길 28 브이 샤르망 B1,국수 / 면 요리,만원 미만,1,,37.4860875,127.0144728
114,고부김밥,서울특별시 서초구 사임당로 178,기타 한식,만원 미만,1,,37.4921947,127.0290425
115,백채,서울특별시 서초구 서초대로54길 34 현빌딩 1F,탕 / 찌개 / 전골,만원 미만,1,,37.4926325,127.0161713
116,마스터김밥,서울특별시 서초구 서운로 26,기타 한식,만원 미만,1,,37.4862775,127.029473
117,우리집분식,서울특별시 서초구 서운로6길 26 지훈빌딩,기타 한식,만원 미만,1,,37.4854992,127.0308151
118,서강쇠떡볶이,서울특별시 서초구 효령로52길 8 1F 106호,기타 한식,만원 미만,1,,37.4838349,127.0126447
119,바르다김선생,서울특별시 서초구 반포대로14길 71 LG서초에클라트,기타 한식,만원 미만,1,,37.486823,127.0148293
120,까치네분식,서울특별시 서초구 남부순환로 2561,기타 한식,만원 미만,1,,37.48430949999999,127.0305636
121,대독장,서울특별시 서초구 반포대로30길 69 순영빌딩,탕 / 찌개 / 전골,만원 미만,1,,37.4926833,127.0123016
122,왕의잔치,서울특별시 서초구 강남대로53길 7,국수 / 면 요리,만원 미만,1,,37.4942496,127.0282277
123,퀵반,서울특별시 서초구 서초대로 280 태양빌딩,퓨전 한식,만원 미만,1,,37.4929205,127.0123577
124,오부찌,서울특별시 서초구 강남대로41길 13  삼원빌딩 1F,탕 / 찌개 / 전골,만원 미만,1,,37.4869143,127.0317523
125,페리카나,서울특별시 서초구 효령로 424 ,닭 / 오리 요리,만원 미만,1,,37.4887723,127.0302221
126,호돌이떡볶이,서울특별시 서초구 반포대로19길 17 102호,기타 한식,만원 미만,1,,37.48705169999999,127.008665
127,맛좀볼래,서울특별시 서초구 서초중앙로 125 ,한정식 / 백반 / 정통 한식,만원 미만,1,,37.4929717,127.0134121
128,떡볶이참잘하는집,서울특별시 서초구 효령로 304  국제전자센터 1F,기타 한식,만원 미만,1,,37.4848201,127.0175261
129,남강매점,서울특별시 서초구 강남대로 291 남강빌딩 B1,한정식 / 백반 / 정통 한식,만원 미만,1,,37.4891286,127.0313276
130,서울김밥,서울특별시 서초구 서초중앙로 51 1F,기타 한식,만원 미만,1,,37.4862819,127.0149848
131,정원식당,서울특별시 서초구 강남대로 321 서초동대우디오빌프라임,한정식 / 백반 / 정통 한식,만원 미만,1,,37.4914697,127.0299611
132,이명실설렁탕,서울특별시 서초구 서초중앙로22길 117,탕 / 찌개 / 전골,만원 미만,1,,37.4946712,127.0201433
133,어바웃샤브,서울특별시 서초구 서초대로52길 19,탕 / 찌개 / 전골,만원 미만,1,,37.4928614,127.014774
134,서관면옥,서울특별시 서초구 서초대로56길 11,국수 / 면 요리,만원-2만원,143,4.6,37.4939535,127.0172588
135,설눈,서울특별시 서초구 서초대로46길 20-7,국수 / 면 요리,만원-2만원,80,4.3,37.4911967,127.0097558
136,백년옥 ,서울특별시 서초구 남부순환로 2407,탕 / 찌개 / 전골,만원-2만원,147,4.3,37.4811511,127.0137688
137,임병주산동칼국수 ,서울특별시 서초구 강남대로37길 63,국수 / 면 요리,만원-2만원,159,4.3,37.4845337,127.0299897
138,3대삼계장인,서울특별시 서초구 반포대로28길 56-3 1F,탕 / 찌개 / 전골,만원-2만원,18,4.3,37.4913044,127.0115422
139,캔프 치킨,서울특별시 서초구 반포대로24길 96 구산빌딩,닭 / 오리 요리,만원-2만원,15,4.3,37.4887966,127.0140019
140,남부럽지않은고기한상,서울특별시 서초구 효령로52길 5 ,고기 요리,만원-2만원,4,4.3,37.4839047,127.0129027
141,곤드레집,서울특별시 서초구 청룡마을1길 1,한정식 / 백반 / 정통 한식,만원-2만원,34,4.2,37.4447391,127.0582641
142,백년옥,서울특별시 서초구 남부순환로323길 1 다모성갤러리,탕 / 찌개 / 전골,만원-2만원,13,4.2,37.4810928,127.0134801
143,세광양대창,서울특별시 서초구 반포대로28길 79 1-2F,고기 요리,만원-2만원,42,4.1,37.4919699,127.0125692
144,더진미평냉,서울특별시 서초구 서초중앙로 58 피앤디 솔로빌 1F,국수 / 면 요리,만원-2만원,17,4.1,37.4872397,127.0151905
145,교대이층집,서울특별시 서초구 서초대로50길 24 청화빌딩,고기 요리,만원-2만원,115,4.0,37.49204659999999,127.0128023
146,동신면가,서울특별시 서초구 반포대로28길 31 1F,한정식 / 백반 / 정통 한식,만원-2만원,19,4.0,37.4909695,127.0100686
147,서초면옥,서울특별시 서초구 반포대로28길 46,국수 / 면 요리,만원-2만원,30,4.0,37.4910504,127.0110163
148,백화네부엌,서울특별시 서초구 반포대로28길 76 1F,퓨전 한식,만원-2만원,11,4.0,37.4916977,127.0124552
149,황금콩밭,서울특별시 서초구 반포대로30길 66,한정식 / 백반 / 정통 한식,만원-2만원,7,4.0,37.4923019,127.0121917
150,하남돼지집,서울특별시 서초구 반포대로23길 34,고기 요리,만원-2만원,11,3.9,37.4888461,127.0068897
151,마음은콩밭에,서울특별시 서초구 서초대로56길 9,한정식 / 백반 / 정통 한식,만원-2만원,21,3.8,37.4940997,127.0171777
152,봉피양,서울특별시 서초구 강남대로 283 남성빌딩 1F,국수 / 면 요리,만원-2만원,12,3.7,37.488462,127.0317165
153,탐라도야지,서울특별시 서초구 서초대로50길 82,고기 요리,만원-2만원,31,3.6,37.4895551,127.0135452
154,기와집양대창,서울특별시 서초구 서초대로78길 52,고기 요리,만원-2만원,9,3.6,37.4931847,127.0286803
155,교대곱창,서울특별시 서초구 서초중앙로 77 서궁빌딩,고기 요리,만원-2만원,36,3.2,37.4888227,127.0142182
156,홍어나라&아구찜,서울특별시 서초구 서초대로 50길 90,해산물 요리,만원-2만원,1,,37.4892329,127.0135868
157,숙달돼지,서울특별시 서초구 반포대로28길 46,고기 요리,만원-2만원,4,,37.4910504,127.0110163
158,교대평상집,서울특별시 서초구 서초대로50길 24 3F,고기 요리,만원-2만원,5,,37.49204659999999,127.0128023
159,식껍,서울특별시 서초구 효령로 424 1F,고기 요리,만원-2만원,3,,37.4887723,127.0302221
160,깐부치킨,서울특별시 서초구 서초중앙로 42 블루핀타워,닭 / 오리 요리,만원-2만원,4,,37.4857289,127.0160956
161,신선설농탕,서울특별시 서초구 효령로 322,탕 / 찌개 / 전골,만원-2만원,3,,37.4855457,127.019532
162,돈블랑,서울특별시 서초구 서초대로 351,고기 요리,만원-2만원,6,,37.495762,127.0196563
163,황소양곱창,서울특별시 서초구 남부순환로347길 42-3 송인빌딩,고기 요리,만원-2만원,3,,37.4862157,127.0313893
164,푸주옥,서울특별시 서초구 서초대로53길 12,탕 / 찌개 / 전골,만원-2만원,7,,37.4953521,127.015232
165,구이와다찌,서울특별시 서초구 서초중앙로26길 9 동우빌딩 1F,한정식 / 백반 / 정통 한식,만원-2만원,1,,37.4957004,127.0143194
166,프로젝트6,서울특별시 서초구 효령로 261,고기 요리,만원-2만원,1,,37.4845147,127.01269
167,노랑통닭,서울특별시 서초구 서초중앙로 125 로이어즈타워 1F,닭 / 오리 요리,만원-2만원,11,,37.4929717,127.0134121
168,소연,서울특별시 서초구 반포대로30길 9 블루힐65,국수 / 면 요리,만원-2만원,5,,37.491643,127.0090375
169,깐부치킨,서울특별시 서초구 남부순환로 2419 아트빌딩,닭 / 오리 요리,만원-2만원,1,,37.4815459,127.0151072
170,오앤콩,서울특별시 서초구 서초대로38길 12 서초마제스타시티,해산물 요리,만원-2만원,5,,37.4904845,127.0056469
171,송가옥,서울특별시 서초구 반포대로20길 57 한송빌딩,고기 요리,만원-2만원,4,,37.48854499999999,127.0128294
172,계식당,서울특별시 서초구 서초중앙로 105 2F,닭 / 오리 요리,만원-2만원,4,,37.4909885,127.0138408
173,세광양대창,서울특별시 서초구 서초대로46길 99 2F,고기 요리,만원-2만원,4,,37.4901348,127.0134732
174,카츠네치킨,서울특별시 서초구 반포대로30길 57,닭 / 오리 요리,만원-2만원,4,,37.4925032,127.0116892
175,교대장간장새우,서울특별시 서초구 서초대로50길 24 청화빌딩,해산물 요리,만원-2만원,3,,37.49204659999999,127.0128023
176,담소사골순대,서울특별시 서초구 효령로 418 우신서초빌딩,탕 / 찌개 / 전골,만원-2만원,3,,37.4885724,127.0295768
177,사람사는 고깃집 김일도,서울특별시 서초구 효령로55길 39 센트로호텔 1F,고기 요리,만원-2만원,2,,37.4865475,127.0139851
178,천억집,서울특별시 서초구 서초대로 308 2F,고기 요리,만원-2만원,1,,37.4938752,127.0153272
179,감격시대,서울특별시 서초구 서초대로50길 104 코랜드빌딩,고기 요리,만원-2만원,5,,37.4885013,127.0137038
180,비스트로8818,서울특별시 서초구 서초대로56길 18,퓨전 한식,만원-2만원,3,,37.493691,127.0170055
181,가우초곱창,서울특별시 서초구 서초중앙로22길 25,탕 / 찌개 / 전골,만원-2만원,2,,37.49343,127.0154303
182,청솔게르마늄감자탕,서울특별시 서초구 서초중앙로20길 7 금옥빌딩,탕 / 찌개 / 전골,만원-2만원,1,,37.4922662,127.0144968
183,우밀가안동국시,서울특별시 서초구 반포대로30길 6 1F,국수 / 면 요리,만원-2만원,2,,37.4913574,127.0089361
184,담뿍화로된장찌개,서울특별시 서초구 서초대로74길 51 롯데골드로즈,한정식 / 백반 / 정통 한식,만원-2만원,1,,37.4930301,127.0283916
185,담,서울특별시 서초구 남부순환로 2406 예술의전당 서예박물관 1F,한정식 / 백반 / 정통 한식,만원-2만원,1,,37.4786094,127.0113069
186,영동소금구이,서울특별시 서초구 남부순환로347길 59 서일빌딩 1F,고기 요리,만원-2만원,2,,37.4869241,127.0307503
187,영양센타,서울특별시 서초구 명달로 130,탕 / 찌개 / 전골,만원-2만원,2,,37.4888882,127.0048312
188,도구수산,서울특별시 서초구 강남대로47길 30 1F,해산물 요리,만원-2만원,1,,37.4885317,127.0300002
189,서리풀식당,서울특별시 서초구 서초대로50길 39 1F,고기 요리,만원-2만원,1,,37.4915298,127.0134989
190,오장동면옥,서울특별시 서초구 서초중앙로22길 87,고기 요리,만원-2만원,1,,37.494231,127.018671
191,바른식시골보쌈&감자옹심이,서울특별시 서초구 서초대로52길 17,고기 요리,만원-2만원,3,,37.4930044,127.0147438
192,치킨처럼,서울특별시 서초구 남부순환로 2579 1F,닭 / 오리 요리,만원-2만원,1,,37.4845928,127.0326959
193,제주은희네해장국,서울특별시 서초구 반포대로12길 14 성암빌딩 1F,탕 / 찌개 / 전골,만원-2만원,1,,37.4846843,127.012163
194,봉추찜닭,서울특별시 서초구 반포대로28길 91 대진빌딩,닭 / 오리 요리,만원-2만원,3,,37.4921834,127.0132182
195,몬쿠,서울특별시 서초구 서초중앙로 83 서운빌딩,닭 / 오리 요리,만원-2만원,2,,37.4891005,127.0142182
196,오징어나라,서울특별시 서초구 반포대로14길 42 오영빌딩,해산물 요리,만원-2만원,1,,37.4858085,127.0134317
197,우리바다생태찌개,서울특별시 서초구 반포대로24길 82 에벤에셀빌딩,해산물 요리,만원-2만원,1,,37.4887058,127.0133721
198,시래기본가,서울특별시 서초구 서초중앙로24길 27 B104호,한정식 / 백반 / 정통 한식,만원-2만원,1,,37.4954141,127.0164028
199,명랑회관,서울특별시 서초구 서초대로50길 40 자연빌딩 1F,고기 요리,만원-2만원,1,,37.4914244,127.0130661
200,양은주전자,서울특별시 서초구 서초대로50길 40,한정식 / 백반 / 정통 한식,만원-2만원,4,,37.4914244,127.0130661
201,연안식당,서울특별시 서초구 서초대로42길 26,해산물 요리,만원-2만원,4,,37.4907328,127.008812
202,왕삼돈,서울특별시 서초구 남부순환로 2583 서희타워,고기 요리,만원-2만원,2,,37.4846908,127.032941
203,동해수산,서울특별시 서초구 서초대로52길 17 B1,해산물 요리,만원-2만원,2,,37.4930044,127.0147438
204,우밀면옥,서울특별시 서초구 법원로2길 15 104호,국수 / 면 요리,만원-2만원,2,,37.4941498,127.0123834
205,살롱주막집,서울특별시 서초구 강남대로53길 7 2F,고기 요리,만원-2만원,2,,37.4942496,127.0282277
206,서울갈빗살,서울특별시 서초구 서초대로50길 66 성은빌딩 2F,고기 요리,만원-2만원,2,,37.4903522,127.0133934
207,신선옥,서울특별시 서초구 서초대로45길 9 우송빌딩,탕 / 찌개 / 전골,만원-2만원,2,,37.4930155,127.0090702
208,미양마늘보쌈집,서울특별시 서초구 서초중앙로 26 래미안서초유니빌,고기 요리,만원-2만원,1,,37.4847886,127.0168446
209,원조서초껍데기,서울특별시 서초구 청계산로 197,고기 요리,만원-2만원,1,,37.4473672,127.0553225
210,보돌미역,서울특별시 서초구 서초대로53길 15 정원빌딩 B1,한정식 / 백반 / 정통 한식,만원-2만원,1,,37.4954949,127.0146297
211,하남돼지집,서울특별시 서초구 서초대로46길 99 현빌딩,고기 요리,만원-2만원,2,,37.4901348,127.0134732
212,치킨24,서울특별시 서초구 서초대로50길 66 성은빌딩 1F,닭 / 오리 요리,만원-2만원,2,,37.4903522,127.0133934
213,본죽앤비빔밥카페,서울특별시 서초구 반포대로30길 53,기타 한식,만원-2만원,2,,37.4924097,127.0113897
214,어부참치,서울특별시 서초구 강남대로37길 56-4 시온빌딩,해산물 요리,만원-2만원,2,,37.4847998,127.0304668
215,애향,서울특별시 서초구 서초대로58길 13,해산물 요리,만원-2만원,1,,37.4942365,127.0180252
216,등촌샤브칼국수,서울특별시 서초구 반포대로28길 28,탕 / 찌개 / 전골,만원-2만원,1,,37.4906863,127.0101379
217,계약소,서울특별시 서초구 강남대로37길 26  1F,닭 / 오리 요리,만원-2만원,4,,37.4849509,127.0311084
218,본죽,서울특별시 서초구 서초중앙로24길 27 G5센트럴프라자,기타 한식,만원-2만원,3,,37.4954141,127.0164028
219,흑돼지삼백식당,서울특별시 서초구 효령로55길 27 로젠빌 2F,고기 요리,만원-2만원,2,,37.4859772,127.0140966
220,새마을식당,서울특별시 서초구 효령로55길 19 제일빌딩,고기 요리,만원-2만원,1,,37.48562,127.014159
221,이조왕족발,서울특별시 서초구 효령로40길 7-3,고기 요리,만원-2만원,1,,37.4825748,127.0060286
222,껄떡돼지,서울특별시 서초구 강남대로37길 51 요한빌딩,고기 요리,만원-2만원,2,,37.4845595,127.0307187
223,사람사는고깃집김일도,서울특별시 서초구 남부순환로347길 23,고기 요리,만원-2만원,1,,37.4853728,127.0313335
224,서청미역,서울특별시 서초구 서초대로40길 41,한정식 / 백반 / 정통 한식,만원-2만원,2,,37.4897988,127.0080011
225,가마로강정,서울특별시 서초구 사임당로12길 16 창인빌딩 1F,닭 / 오리 요리,만원-2만원,1,,37.4882286,127.0168702
226,도야꽃집,서울특별시 서초구 서초대로50길 79,고기 요리,만원-2만원,1,,37.4897057,127.0138859
227,지호한방삼계탕,서울특별시 서초구 효령로 242,탕 / 찌개 / 전골,만원-2만원,5,,37.4836285,127.010585
228,깐부치킨,서울특별시 서초구 서초대로51길 14 JH엘로펌애비뉴빌딩,닭 / 오리 요리,만원-2만원,1,,37.4950564,127.0144556
229,이고집쭈꾸미,서울특별시 서초구 서초대로50길 105 삼신빌딩,해산물 요리,만원-2만원,2,,37.4885935,127.0140577
230,그냥찌개집,서울특별시 서초구 반포대로26길 75,탕 / 찌개 / 전골,만원-2만원,3,,37.4916306,127.0130475
231,이모네춘천닭갈비닭도리탕,서울특별시 서초구 서초중앙로20길 38,닭 / 오리 요리,만원-2만원,1,,37.49223200000001,127.0162274
232,혜림,서울특별시 서초구 서초대로 255 고덕빌딩,탕 / 찌개 / 전골,만원-2만원,2,,37.4927388,127.0097463
233,찜통,서울특별시 서초구 효령로 276,고기 요리,만원-2만원,0,,37.4843464,127.0144414
234,예술상회,서울특별시 서초구 반포대로10길 45 1F,한정식 / 백반 / 정통 한식,만원-2만원,2,,37.4841341,127.0142622
235,진배족발,서울특별시 서초구 사임당로 39 2F,고기 요리,만원-2만원,2,,37.4883829,127.0140865
236,제줏간,서울특별시 서초구 반포대로 45 ,고기 요리,만원-2만원,2,,37.48450010000001,127.0108302
237,종로계림닭도리탕원조,서울특별시 서초구 반포대로30길 55 1F,닭 / 오리 요리,만원-2만원,2,,37.4924595,127.011536
238,북새통,서울특별시 서초구 서초대로54길 27 B1,한정식 / 백반 / 정통 한식,만원-2만원,1,,37.4930009,127.0162682
239,7프로칠백식당,서울특별시 서초구 강남대로47길 17,고기 요리,만원-2만원,1,,37.4885387,127.030743
240,옛날농장,서울특별시 서초구 서초대로42길 12,고기 요리,만원-2만원,1,,37.4913655,127.0085074
241,산해별미곤드레밥,서울특별시 서초구 서초중앙로26길 8 ,한정식 / 백반 / 정통 한식,만원-2만원,1,,37.4954172,127.0140653
242,전문가,서울특별시 서초구 반포대로12길 30  1F,고기 요리,만원-2만원,1,,37.48478679999999,127.0128979
243,봄불고기,서울특별시 서초구 서초중앙로24길 27 G5센트럴프라자,한정식 / 백반 / 정통 한식,만원-2만원,1,,37.4954141,127.0164028
244,멕시카나,서울특별시 서초구 사임당로12길 17 ,닭 / 오리 요리,만원-2만원,2,,37.4881833,127.0171738
245,칠갑청국장,서울특별시 서초구 효령로57길 4,탕 / 찌개 / 전골,만원-2만원,1,,37.4853746,127.0170523
246,한촌설렁탕,서울특별시 서초구 서운로6길 29,탕 / 찌개 / 전골,만원-2만원,1,,37.4857359,127.0310043
247,산호,서울특별시 서초구 반포대로28길 19 정우빌딩,해산물 요리,만원-2만원,1,,37.4907249,127.0094827
248,군자대한곱창,서울특별시 서초구 서초대로50길 76,고기 요리,만원-2만원,1,,37.489774,127.013539
249,서초대한곱창,서울특별시 서초구 효령로 261,고기 요리,만원-2만원,1,,37.4845147,127.01269
250,다미선,서울특별시 서초구 서초대로42길 27,한정식 / 백반 / 정통 한식,만원-2만원,1,,37.4908379,127.009203
251,수하동,서울특별시 서초구 법원로2길 6 1F,탕 / 찌개 / 전골,만원-2만원,1,,37.4935231,127.0116871
252,굴뚝집,서울특별시 서초구 효령로53길 23,고기 요리,만원-2만원,1,,37.4856583,127.0134597
253,평안도순대국감자탕,서울특별시 서초구 법원로2길 14,탕 / 찌개 / 전골,만원-2만원,1,,37.4938438,127.0125321
254,부엌익스프레스,서울특별시 서초구 서초중앙로 18  B1 주방7호,기타 한식,만원-2만원,1,,37.4840138,127.0173415
255,조선화로집,서울특별시 서초구 사임당로 27 1F,고기 요리,만원-2만원,2,,37.488067,127.0131679
256,옹아리벌교꼬막,서울특별시 서초구 남부순환로347길 23 1F,해산물 요리,만원-2만원,1,,37.4853728,127.0313335
257,삼계탕마을,서울특별시 서초구 효령로 316,탕 / 찌개 / 전골,만원-2만원,2,,37.485339,127.0188292
258,논골집,서울특별시 서초구 서초중앙로 66 서초빌딩,고기 요리,만원-2만원,1,,37.4876864,127.0150636
259,전사랑,서울특별시 서초구 남부순환로347길 41,한정식 / 백반 / 정통 한식,만원-2만원,1,,37.48603620000001,127.0311417
260,모범떡볶이1976,서울특별시 서초구 강남대로37길 26 산동빌딩 1F,기타 한식,만원-2만원,2,,37.4849509,127.0311084
261,호남집,서울특별시 서초구 효령로 257 대영빌딩 1F,탕 / 찌개 / 전골,만원-2만원,1,,37.484442,127.0122884
262,서초예술가,서울특별시 서초구 서초중앙로22길 25 서초리시온상가 202호,퓨전 한식,만원-2만원,1,,37.49343,127.0154303
263,대찬횟집,서울특별시 서초구 반포대로30길 72,해산물 요리,만원-2만원,1,,37.492489,127.0124686
264,태백집,서울특별시 서초구 서초대로50길 19 이레오피스텔 1F,고기 요리,만원-2만원,1,,37.4923657,127.0131328
265,문경메밀,서울특별시 서초구 서초대로 272 1F,국수 / 면 요리,만원-2만원,1,,37.4926751,127.0115637
266,서초목살,서울특별시 서초구 강남대로43길 15,고기 요리,만원-2만원,1,,37.4873285,127.0315016
267,강릉엄지네꼬막집,서울특별시 서초구 반포대로28길 51 정연빌딩 2F,해산물 요리,만원-2만원,1,,37.4914144,127.011223
268,내가대한의고기다,서울특별시 서초구 서초대로42길 41  1F,고기 요리,만원-2만원,1,,37.4902836,127.0093969
269,정원,서울특별시 서초구 서초대로46길 19-17 2F,탕 / 찌개 / 전골,만원-2만원,1,,37.4917983,127.01102
270,양재골,서울특별시 서초구 강남대로37길 54  B1,한정식 / 백반 / 정통 한식,만원-2만원,1,,37.4848276,127.0305626
271,담양죽순추어탕,서울특별시 서초구 서초대로40길 54 ,탕 / 찌개 / 전골,만원-2만원,1,,37.4892032,127.0078892
272,페리카나,서울특별시 서초구 서초대로60길 25 ,닭 / 오리 요리,만원-2만원,1,,37.4938922,127.0185658
273,BBQ치킨,서울특별시 서초구 반포대로28길 70,닭 / 오리 요리,만원-2만원,1,,37.4915408,127.0122221
274,원조부안집,서울특별시 서초구 반포대로28길 76-5  1F,고기 요리,만원-2만원,1,,37.491626,127.0127129
275,60계치킨,서울특별시 서초구 서초중앙로 188 아크로비스타상가 B1 302-2호,닭 / 오리 요리,만원-2만원,1,,37.4981551,127.0131528
276,굽네치킨,서울특별시 서초구 사임당로 105,닭 / 오리 요리,만원-2만원,1,,37.4905065,127.0212256
277,착한코다리,서울특별시 서초구 서초대로52길 22,해산물 요리,만원-2만원,1,,37.4927275,127.0143833
278,서초집,서울특별시 서초구 서초대로51길 29 헤라피스 1F,고기 요리,만원-2만원,2,,37.4963048,127.0136419
279,큰집포항물회,서울특별시 서초구 서초대로48길 32 현정빌딩 B1,해산물 요리,만원-2만원,1,,37.4913779,127.0116906
280,본죽,서울특별시 서초구 효령로 303,기타 한식,만원-2만원,1,,37.4854454,127.017325
281,입장회관,서울특별시 서초구 강남대로43길 11 소망빌딩,고기 요리,만원-2만원,1,,37.4873666,127.0316413
282,최가네,서울특별시 서초구 반포대로12길 10,고기 요리,만원-2만원,1,,37.484596,127.0119607
283,꺼멍돈,서울특별시 서초구 반포대로12길 7,고기 요리,만원-2만원,1,,37.4848177,127.0116401
284,강남명전,서울특별시 서초구 강남대로65길 12 1F,한정식 / 백반 / 정통 한식,2만원-3만원,14,4.3,37.5004766,127.02471
285,삼호복집,서울특별시 서초구 강남대로51길 5 기우빌딩,해산물 요리,2만원-3만원,7,4.2,37.4911148,127.0298594
286,인기명,서울특별시 서초구 서초대로53길 10 1F,해산물 요리,2만원-3만원,10,3.7,37.4951902,127.0152658
287,교대갈비집,서울특별시 서초구 반포대로28길 91 2F,고기 요리,2만원-3만원,10,3.6,37.492158,127.0131887
288,교대곱창,서울특별시 서초구 서초중앙로 79 서궁빌딩,고기 요리,2만원-3만원,9,3.2,37.4888227,127.0142182
289,영덕집,서울특별시 서초구 강남대로43길 8-3,해산물 요리,2만원-3만원,1,,37.4878369,127.0316284
290,광양참숯불고기,서울특별시 서초구 효령로 412 대호빌딩,고기 요리,2만원-3만원,3,,37.4884064,127.0289668
291,육갑식당,서울특별시 서초구 강남대로47길 20,고기 요리,2만원-3만원,4,,37.4886696,127.0305502
292,교대수산,서울특별시 서초구 사임당로 85 1F,해산물 요리,2만원-3만원,6,,37.489847,127.0190507
293,이심전심 언양불고기,서울특별시 서초구 서초중앙로22길 18 금혜빌딩,고기 요리,2만원-3만원,6,,37.4930722,127.0150235
294,돼지연구소,서울특별시 서초구 강남대로45길 24,고기 요리,2만원-3만원,8,,37.4879937,127.0305375
295,진대감,서울특별시 서초구 서초대로78길 50 우영빌딩,고기 요리,2만원-3만원,5,,37.4933158,127.0286265
296,진대감,서울특별시 서초구 서초대로50길 62-9 한림빌딩,고기 요리,2만원-3만원,6,,37.4903227,127.0130975
297,부일갈비,서울특별시 서초구 서초중앙로2길 42,고기 요리,2만원-3만원,3,,37.4838639,127.0196908
298,일점사,서울특별시 서초구 반포대로22길 94,고기 요리,2만원-3만원,9,,37.4911611,127.0132629
299,제주도그릴특상,서울특별시 서초구 반포대로30길 9 1F,고기 요리,2만원-3만원,3,,37.491643,127.0090375
300,울돌목가는길,서울특별시 서초구 서초대로40길 41 일홍빌딩,한정식 / 백반 / 정통 한식,2만원-3만원,1,,37.4897988,127.0080011
301,영변,서울특별시 서초구 반포대로23길 26 영변빌딩,해산물 요리,2만원-3만원,1,,37.4889337,127.0074411
302,한여사간장게장,서울특별시 서초구 서초대로48길 65,한정식 / 백반 / 정통 한식,2만원-3만원,3,,37.4900279,127.0126457
303,서초생곱창,서울특별시 서초구 서초대로54길 11,고기 요리,2만원-3만원,5,,37.4935889,127.0160027
304,회뜨는사나이,서울특별시 서초구 서초대로46길 106 남일빌딩,해산물 요리,2만원-3만원,3,,37.4899663,127.0137943
305,미각,서울특별시 서초구 반포대로28길 8 일홍빌딩,고기 요리,2만원-3만원,1,,37.4902669,127.0090798
306,일점사수제돼지갈비,서울특별시 서초구 반포대로22길 91 영진빌딩,고기 요리,2만원-3만원,1,,37.49129990000001,127.0131604
307,영덕집,서울특별시 서초구 법원로2길 7-4 동용빌딩,해산물 요리,2만원-3만원,3,,37.4939887,127.011635
308,풍년서서갈비,서울특별시 서초구 서초대로50길 84-3 선우빌딩,고기 요리,2만원-3만원,1,,37.4893227,127.0135793
309,금수복국,서울특별시 서초구 서초중앙로24길 22,해산물 요리,2만원-3만원,2,,37.494679,127.0159805
310,목포집 유달산,서울특별시 서초구 서초대로48길 44 1F,해산물 요리,2만원-3만원,1,,37.4908357,127.0119521
311,일품진진수라,서울특별시 서초구 서초대로 254 오퓨런스빌딩 B2,한정식 / 백반 / 정통 한식,2만원-3만원,1,,37.4919821,127.0096086
312,교대 고메정식당,서울특별시 서초구 서초중앙로22길 42 동진빌딩 1F,고기 요리,2만원-3만원,1,,37.4931863,127.0163506
313,청기와타운,서울특별시 서초구 서초대로48길 33 1F,고기 요리,2만원-3만원,1,,37.4913609,127.0120469
314,잠수부네 해산물실내포차,서울특별시 서초구 서초대로53길 7 효성빌딩 B1,해산물 요리,2만원-3만원,2,,37.4950037,127.0150432
315,소나기,서울특별시 서초구 효령로68길 104 1F,고기 요리,2만원-3만원,2,,37.48530239999999,127.0192039
316,소문난숯불꼼장어쭈꾸미,서울특별시 서초구 반포대로28길 51,해산물 요리,2만원-3만원,1,,37.4914144,127.011223
317,우들목,서울특별시 서초구 강남대로51길 1 511타워 B1,고기 요리,2만원-3만원,2,,37.4912672,127.0302999
318,어곽전,서울특별시 서초구 서초대로48길 13,해산물 요리,2만원-3만원,1,,37.4921798,127.0114888
319,나오리장작구이,서울특별시 서초구 남부순환로 2385,닭 / 오리 요리,2만원-3만원,1,,37.4801513,127.0114472
320,억불산생고기소랑돼지랑,서울특별시 서초구 남부순환로347길 64 영동빌딩,고기 요리,2만원-3만원,1,,37.4872001,127.0308972
321,선선어가,서울특별시 서초구 반포대로19길 9-7 1F,해산물 요리,2만원-3만원,1,,37.4868804,127.0089726
322,감동곱창,서울특별시 서초구 남부순환로347길 59,고기 요리,2만원-3만원,1,,37.4869241,127.0307503
323,남강메기,서울특별시 서초구 효령로 428,해산물 요리,2만원-3만원,3,,37.4889046,127.0306399
324,부산복집,서울특별시 서초구 반포대로20길 10,해산물 요리,2만원-3만원,1,,37.4875073,127.0105632
325,여의도생고기,서울특별시 서초구 신흥말길 27-9,고기 요리,2만원-3만원,1,,37.4581883,127.0825228
326,가진항,서울특별시 서초구 서초대로50길 93,해산물 요리,2만원-3만원,1,,37.4890284,127.013914
327,서초해물찜칼국수,서울특별시 서초구 효령로55길 28 지파이브센트럴프라자 B1,해산물 요리,2만원-3만원,2,,37.4860875,127.0144728
328,제주성산포바당,서울특별시 서초구 반포대로26길 70,해산물 요리,4만원 이상,5,4.3,37.491331,127.0128898
329,자인뭉티기,서울특별시 서초구 강남대로37길 24-7 호원빌딩,고기 요리,3만원-4만원,8,4.3,37.4851568,127.0321332
330,우면산버드나무집,서울특별시 서초구 남부순환로 2461,고기 요리,4만원 이상,10,4.1,37.4828641,127.0195241
331,우진가,서울특별시 서초구 법원로4길 32 부민빌딩,고기 요리,3만원-4만원,12,3.7,37.4946194,127.0122958
332,서초대가,서울특별시 서초구 서초대로 269 부림빌딩 1F,고기 요리,4만원 이상,9,3.7,37.4932552,127.0112145
333,크래버대게나라,서울특별시 서초구 남부순환로339길 72,해산물 요리,4만원 이상,5,,37.486172,127.0214925
334,서초장어타운,서울특별시 서초구 반포대로28길 77 큰대문집,해산물 요리,3만원-4만원,7,,37.4911643,127.010897
335,함평원,서울특별시 서초구 서초대로 287 석정빌딩 B1,고기 요리,3만원-4만원,8,,37.4856837,126.9873598
336,채미가,서울특별시 서초구 법원로2길 15,한정식 / 백반 / 정통 한식,4만원 이상,2,,37.4941498,127.0123834
337,차돌소풍,서울특별시 서초구 강남대로47길 30,고기 요리,4만원 이상,4,,37.4885317,127.0300002
338,한우만,서울특별시 서초구 효령로 216 한국음식업중앙회서초구,고기 요리,3만원-4만원,6,,37.4831262,127.0078451
339,우시야,서울특별시 서초구 서초중앙로26길 18,고기 요리,3만원-4만원,4,,37.495708,127.0153359
340,오발탄,서울특별시 서초구 반포대로 154,고기 요리,3만원-4만원,7,,37.4935737,127.007189
341,해담채,서울특별시 서초구 서초중앙로5길 10-8 우성쁘띠오피스텔 B1,한정식 / 백반 / 정통 한식,3만원-4만원,3,,37.4857953,127.0151349
342,서라벌한정식,서울특별시 서초구 법원로3길 6-9,한정식 / 백반 / 정통 한식,3만원-4만원,2,,37.4941807,127.0091928
343,어다리횟집,서울특별시 서초구 서초대로 280 태양빌딩,해산물 요리,4만원 이상,1,,37.4929205,127.0123577
344,감선호취,서울특별시 서초구 강남대로53길 11  103호,한정식 / 백반 / 정통 한식,3만원-4만원,2,,37.4939235,127.0278995
345,송학횟집,서울특별시 서초구 서초중앙로28길 2 승원빌딩,해산물 요리,4만원 이상,2,,37.4965593,127.0135775
346,진상,서울특별시 서초구 효령로77길 30 강남역푸르지오시티 B1,탕 / 찌개 / 전골,3만원-4만원,1,,37.4916322,127.0290102
347,서석대,서울특별시 서초구 서초대로 346,고기 요리,4만원 이상,1,,37.4950571,127.0194077
348,함평한우고깃집,서울특별시 서초구 효령로49길 15  1F,고기 요리,3만원-4만원,1,,37.4845449,127.0101545
349,참배나무골,서울특별시 서초구 법원로2길 15 길도빌딩 B1,닭 / 오리 요리,3만원-4만원,1,,37.4941554,127.0123849
350,훔친대게,서울특별시 서초구 남부순환로347길 19 ,해산물 요리,3만원-4만원,1,,37.4851049,127.0316298
351,신가예촌,서울특별시 서초구 서운로 12-1 예촌,한정식 / 백반 / 정통 한식,3만원-4만원,3,,37.4851648,127.0299329
352,창고43,서울특별시 서초구 서초대로 301,고기 요리,3만원-4만원,2,,37.4942945,127.0144996
353,초원복집,서울특별시 서초구 서초대로46길 16 탑스빌딩,해산물 요리,4만원 이상,1,,37.4916671,127.0098672
354,미우미우,서울특별시 서초구 서초대로 330 영일빌딩 1F,고기 요리,3만원-4만원,2,,37.4945534,127.0175597
355,탐나종합어시장,서울특별시 서초구 서초대로 335 서흥빌딩 1F 다호,해산물 요리,3만원-4만원,1,,37.4952379,127.0180743
356,투뿔나인,서울특별시 서초구 반포대로26길 70 1F,고기 요리,3만원-4만원,1,,37.491331,127.0128898
357,서해수산,서울특별시 서초구 반포대로12길 51,해산물 요리,3만원-4만원,1,,37.485265,127.0140585
358,스스루,서울특별시 서초구 서초대로54길 11,라멘 / 소바 / 우동,만원 미만,36,3.9,37.4935889,127.0160027
359,허수아비돈까스,서울특별시 서초구 반포대로 16,까스 요리,만원 미만,12,3.8,37.4820264,127.012734
360,수타우동겐,서울특별시 서초구 서초대로 327 로뎀빌딩 1F,라멘 / 소바 / 우동,만원 미만,62,3.7,37.4876872,127.0174271
361,코이라멘,서울특별시 서초구 효령로72길 57 E-B103호,라멘 / 소바 / 우동,만원 미만,8,3.6,37.4867542,127.0283802
362,진가와,서울특별시 서초구 서초대로48길 13 소망타워 1F,라멘 / 소바 / 우동,만원 미만,8,3.5,37.4921798,127.0114888
363,카츠공방,서울특별시 서초구 반포대로30길 53 1F,까스 요리,만원 미만,7,3.5,37.4924097,127.0113897
364,미타니야,서울특별시 서초구 서초중앙로24길 27 센트럴플라자 1F,돈부리 / 일본 카레 / 벤토,만원 미만,14,3.3,37.4954141,127.0164028
365,댓짱돈까스,서울특별시 서초구 반포대로15길 13 제이씨빌딩,까스 요리,만원 미만,6,,37.485544,127.0097151
366,미토요,서울특별시 서초구 효령로53길 18 석탑오피스텔 109호,까스 요리,만원 미만,4,,37.4854343,127.0139128
367,유연카레,서울특별시 서초구 반포대로22길 14-4 태성빌딩,돈부리 / 일본 카레 / 벤토,만원 미만,5,,37.4887061,127.0101799
368,우마이돈,서울특별시 서초구 명달로 58,까스 요리,만원 미만,4,,37.4824823,127.0047884
369,함바그카레,서울특별시 서초구 서초대로74길 51 롯데골드로즈 102호,돈부리 / 일본 카레 / 벤토,만원 미만,2,,37.4930301,127.0283916
370,송사부수제쌀고로케,서울특별시 서초구 효령로 292 1F 108호,기타 일식,만원 미만,1,,37.4842039,127.0153987
371,코로돈,서울특별시 서초구 사임당로 105,까스 요리,만원 미만,3,,37.4905065,127.0212256
372,홍대돈부리,서울특별시 서초구 서초대로38길 12 롯데마트 서초점 B1,돈부리 / 일본 카레 / 벤토,만원 미만,3,,37.49062,127.005198
373,혼부리,서울특별시 서초구 서초중앙로22길 108 동원빌딩,퓨전 일식,만원 미만,1,,37.4943405,127.0198106
374,동경규동,서울특별시 서초구 반포대로28길 39 1F,돈부리 / 일본 카레 / 벤토,만원 미만,2,,37.4911487,127.0104869
375,셰프의돈까스,서울특별시 서초구 반포대로14길 71,까스 요리,만원 미만,2,,37.486789,127.0145337
376,프레퍼스 다이어트푸드,서울특별시 서초구 서초중앙로22길 18 106호,돈부리 / 일본 카레 / 벤토,만원 미만,2,,37.4930608,127.0150145
377,나누다키친,서울특별시 서초구 서초대로 250,돈부리 / 일본 카레 / 벤토,만원 미만,1,,37.49186570000001,127.0091612
378,돈천동식당,서울특별시 서초구 서초중앙로20길 29,까스 요리,만원 미만,1,,37.4924403,127.0158108
379,다래야,서울특별시 서초구 서초중앙로20길 29,돈부리 / 일본 카레 / 벤토,만원 미만,1,,37.4924403,127.0158108
380,돈가스본능,서울특별시 서초구 서초대로 240 동일하이빌 18-19호,까스 요리,만원 미만,1,,37.4917662,127.0083636
381,가츠오,서울특별시 서초구 서초중앙로20길 21,까스 요리,만원-2만원,76,4.3,37.4923644,127.0152498
382,훈우영,서울특별시 서초구 반포대로13길 33 101호,정통 일식 / 일반 일식,만원-2만원,6,3.9,37.4844043,127.0090822
383,그림나베,서울특별시 서초구 서초대로51길 14 JH엘로펌애비뉴빌딩 1F,기타 일식,만원-2만원,27,3.7,37.4950564,127.0144556
384,스시환,서울특별시 서초구 서초중앙로 38 정원빌딩 1F,회 / 스시,만원-2만원,14,3.7,37.4866692,127.0165864
385,그림나베,서울특별시 서초구 서초중앙로 42 블루핀타워 112-113호,기타 일식,만원-2만원,29,3.7,37.4857289,127.0160956
386,호랑이초밥,서울특별시 서초구 반포대로26길 64 1F,회 / 스시,만원-2만원,7,3.6,37.4911784,127.0125288
387,미나미,서울특별시 서초구 서초대로58길 31-2,라멘 / 소바 / 우동,만원-2만원,51,3.4,37.493301,127.0181087
388,린참치,서울특별시 서초구 강남대로43길 17 유경빌딩,정통 일식 / 일반 일식,만원-2만원,4,,37.487351,127.0313554
389,동경도,서울특별시 서초구 남부순환로317길 18-5,이자카야 / 오뎅 / 꼬치,만원-2만원,7,,37.4805059,127.0106442
390,미카도스시,서울특별시 서초구 서초중앙로26길 11 청림빌딩,회 / 스시,만원-2만원,4,,37.4957417,127.0145145
391,도라스시,서울특별시 서초구 강남대로39길 6-15 광성빌딩,회 / 스시,만원-2만원,6,,37.4867235,127.0321143
392,진스시,서울특별시 서초구 강남대로43길 22-2,회 / 스시,만원-2만원,2,,37.4874911,127.031106
393,스시나인,서울특별시 서초구 서초대로52길 25 메종스터디빌,회 / 스시,만원-2만원,4,,37.4925815,127.0148093
394,기분좋은날,서울특별시 서초구 서초대로38길 12 서초마제스타시티 1F,회 / 스시,만원-2만원,5,,37.4904845,127.0056469
395,린스시,서울특별시 서초구 반포대로12길 10 송원빌딩,회 / 스시,만원-2만원,3,,37.484596,127.0119607
396,어다미,서울특별시 서초구 서초대로 279,회 / 스시,만원-2만원,2,,37.493443,127.0121235
397,만스시,서울특별시 서초구 남부순환로347길 59 1F,회 / 스시,만원-2만원,2,,37.4869241,127.0307503
398,가츠몽,서울특별시 서초구 반포대로28길 16  태림빌딩,까스 요리,만원-2만원,2,,37.4904316,127.0095363
399,이정석초밥,서울특별시 서초구 사임당로 28 청호나이스,회 / 스시,만원-2만원,1,,37.4877121,127.013176
400,카츠공방,서울특별시 서초구 효령로52길 1 1F,까스 요리,만원-2만원,3,,37.4840878,127.0128166
401,사보텐,서울특별시 서초구 서초중앙로24길 20,까스 요리,만원-2만원,2,,37.4946837,127.0156841
402,뱅스시,서울특별시 서초구 반포대로10길 35 상가동 1F,회 / 스시,만원-2만원,2,,37.4842058,127.0136789
403,초밥집,서울특별시 서초구 효령로 237,회 / 스시,만원-2만원,3,,37.48414229999999,127.0099699
404,아비꼬,서울특별시 서초구 서초대로78길 36 강남지웰타워 101호,돈부리 / 일본 카레 / 벤토,만원-2만원,4,,37.4946662,127.0281488
405,츠바키,서울특별시 서초구 강남대로37길 56-6,이자카야 / 오뎅 / 꼬치,만원-2만원,2,,37.4849851,127.0304271
406,브라더솥밥&후토마키,서울특별시 서초구 효령로77길 14 풍림아이원상가 106호,정통 일식 / 일반 일식,만원-2만원,2,,37.4902875,127.02974
407,엘리스시,서울특별시 서초구 반포대로30길 9 블루힐65 201호,회 / 스시,만원-2만원,1,,37.491643,127.0090375
408,이자카야탄,서울특별시 서초구 사임당로 38 큐브플러스,이자카야 / 오뎅 / 꼬치,만원-2만원,1,,37.4880451,127.0143571
409,김뿌라,서울특별시 서초구 반포대로 98 1F,회 / 스시,만원-2만원,2,,37.4890586,127.0094482
410,미후탐,서울특별시 서초구 서초대로51길 22,까스 요리,만원-2만원,1,,37.4959443,127.0141748
411,행복한스시,서울특별시 서초구 남부순환로 2579,회 / 스시,만원-2만원,1,,37.4845928,127.0326959
412,하레,서울특별시 서초구 서초중앙로28길 16 1F,이자카야 / 오뎅 / 꼬치,2만원-3만원,38,4.4,37.4968516,127.0148086
413,분코,서울특별시 서초구 방배천로4안길 26 2F,이자카야 / 오뎅 / 꼬치,2만원-3만원,8,4.2,37.4792485,126.9834103
414,스시마카세,서울특별시 서초구 서초중앙로 42 블루핀타워,회 / 스시,2만원-3만원,10,3.9,37.4857289,127.0160956
415,오우치,서울특별시 서초구 효령로 266 태원빌딩,기타 일식,2만원-3만원,9,3.5,37.4841364,127.0132434
416,도톤보리,서울특별시 서초구 서초대로50길 67 서울빌딩,이자카야 / 오뎅 / 꼬치,2만원-3만원,9,,37.4902152,127.0137152
417,주호,서울특별시 서초구 반포대로22길 81,이자카야 / 오뎅 / 꼬치,2만원-3만원,2,,37.4909724,127.0126706
418,비스트로어,서울특별시 서초구 반포대로26길 64 고산빌딩,회 / 스시,2만원-3만원,2,,37.4911835,127.0125794
419,유다,서울특별시 서초구 반포대로20길 57,이자카야 / 오뎅 / 꼬치,2만원-3만원,2,,37.4885414,127.0128959
420,류,서울특별시 서초구 서초중앙로8길 12 경서빌딩,이자카야 / 오뎅 / 꼬치,2만원-3만원,1,,37.4865175,127.0162181
421,배들어온집,서울특별시 서초구 서초대로50길 39 2F,정통 일식 / 일반 일식,2만원-3만원,3,,37.4915298,127.0134989
422,나나마구로,서울특별시 서초구 반포대로28길 65-4,회 / 스시,2만원-3만원,2,,37.4917059,127.0119214
423,교대역 타비,서울특별시 서초구 반포대로30길 44-5 파크뷰빌딩 1F,이자카야 / 오뎅 / 꼬치,2만원-3만원,2,,37.4919761,127.0111613
424,신수사,서울특별시 서초구 남부순환로 2575  신방빌딩,회 / 스시,2만원-3만원,1,,37.4845497,127.0321627
425,스시 윤슬,서울특별시 서초구 서초대로 266 B101호,회 / 스시,4만원 이상,15,4.6,37.4925,127.0109881
426,스시야스다,서울특별시 서초구 서초대로58길 18 지에스타워 2F,회 / 스시,4만원 이상,4,4.6,37.49390150000001,127.0177277
427,스시금강,서울특별시 서초구 효령로 307 부속12상가 106호,회 / 스시,4만원 이상,19,4.4,37.4855658,127.0178255
428,스시카이,서울특별시 서초구 반포대로26길 29 원빌딩 1F,회 / 스시,3만원-4만원,18,4.0,37.4906498,127.010731
429,아이스시,서울특별시 서초구 반포대로26길 10 진흥펠리체 1F,회 / 스시,3만원-4만원,22,4.0,37.48999269999999,127.0099469
430,스시소라,서울특별시 서초구 서초대로 254 오퓨런스빌딩 104호,정통 일식 / 일반 일식,4만원 이상,5,4.0,37.4919821,127.0096086
431,스시진수,서울특별시 서초구 서초중앙로24길 27 G5센트럴프라자 104호,정통 일식 / 일반 일식,4만원 이상,22,3.9,37.4954141,127.0164028
432,스시카루,서울특별시 서초구 서초대로 275 중앙빌딩 B1 105호,회 / 스시,4만원 이상,10,3.8,37.4971556,127.0125709
433,슈토3 슌야,서울특별시 서초구 강남대로 261 B1,정통 일식 / 일반 일식,4만원 이상,8,3.8,37.4867681,127.0324948
434,우나유,서울특별시 서초구 서운로11길 35 1F,돈부리 / 일본 카레 / 벤토,3만원-4만원,4,,37.4873454,127.0266459
435,호시노소라,서울특별시 서초구 서초대로 254 오퓨런스빌딩 스시소라 내부 프라이빗 룸 104호,회 / 스시,4만원 이상,4,,37.4919821,127.0096086
436,스시카네,서울특별시 서초구 서초중앙로26길 6 린빌딩 2F,회 / 스시,4만원 이상,5,,37.4953178,127.0139207
437,우야,서울특별시 서초구 서초대로42길 41 2F,정통 일식 / 일반 일식,3만원-4만원,2,,37.4902836,127.0093969
438,스시한,서울특별시 서초구 서초대로51길 11 2F,회 / 스시,4만원 이상,1,,37.4949682,127.0140282
439,한남일류초밥,서울특별시 서초구 서초대로 259 1F,회 / 스시,4만원 이상,4,,37.4927853,127.0099745
440,신태평양,서울특별시 서초구 서초대로 307 장안빌딩,정통 일식 / 일반 일식,4만원 이상,3,,37.4943655,127.015124
441,태평양일식별관,서울특별시 서초구 서초중앙로24길 18,정통 일식 / 일반 일식,4만원 이상,1,,37.4947083,127.0155029
442,스시한손,서울특별시 서초구 반포대로27길 13 107호,회 / 스시,4만원 이상,1,,37.4896804,127.0061333
443,북해도,서울특별시 서초구 서초대로 265 대신빌딩,정통 일식 / 일반 일식,3만원-4만원,1,,37.4930166,127.0106351
444,통영미선,서울특별시 서초구 효령로68길 84 ,정통 일식 / 일반 일식,3만원-4만원,1,,37.48552129999999,127.0202787
445,마구로센,서울특별시 서초구 효령로53길 24,회 / 스시,4만원 이상,1,,37.4857088,127.0139023
446,연화산,서울특별시 서초구 효령로72길 15,정통 중식 / 일반 중식,만원 미만,5,3.9,37.487185,127.0262036
447,마라공방,서울특별시 서초구 반포대로28길 54 1F,기타 중식,만원 미만,7,3.8,37.49123820000001,127.0113813
448,공리,서울특별시 서초구 반포대로7길 7 동양빌딩,정통 중식 / 일반 중식,만원 미만,4,,37.4822803,127.0116362
449,난랑,서울특별시 서초구 서운로 32 우진빌딩,정통 중식 / 일반 중식,만원 미만,3,,37.4869346,127.0291728
450,뽕사부,서울특별시 서초구 서초대로 270,정통 중식 / 일반 중식,만원 미만,4,,37.4925989,127.0113894
451,차이나비스트로,서울특별시 서초구 반포대로3길 20,정통 중식 / 일반 중식,만원 미만,2,,37.4815738,127.0111989
452,리밍,서울특별시 서초구 반포대로22길 100  삼덕빌딩 B1,정통 중식 / 일반 중식,만원 미만,1,,37.4911944,127.0135802
453,스타마라탕,서울특별시 서초구 서초대로46길 109 B1,기타 중식,만원 미만,4,,37.4901956,127.0139575
454,송쉐프,서울특별시 서초구 남부순환로339길 33  1F,정통 중식 / 일반 중식,만원 미만,2,,37.4843826,127.0219353
455,천지궁,서울특별시 서초구 반포대로12길 33 현대오피스텔,정통 중식 / 일반 중식,만원 미만,2,,37.4851745,127.0131415
456,하이난,서울특별시 서초구 서초중앙로24길 12 영생빌딩,정통 중식 / 일반 중식,만원 미만,2,,37.4945443,127.0150235
457,현경,서울특별시 서초구 서초대로51길 20,정통 중식 / 일반 중식,만원 미만,3,,37.4958502,127.0142326
458,강남반점,서울특별시 서초구 서초대로73길 50,정통 중식 / 일반 중식,만원 미만,5,,37.5016485,127.024006
459,샤오짠,서울특별시 서초구 반포대로21길 27 화원그랑빌 아파트상가 108호,기타 중식,만원 미만,4,,37.487322,127.0084511
460,양가식탁,서울특별시 서초구 서초중앙로20길 18 1F,정통 중식 / 일반 중식,만원 미만,2,,37.49216810000001,127.0151517
461,마라청춘마라탕,서울특별시 서초구 반포대로28길 76 2F,기타 중식,만원 미만,3,,37.4916977,127.0124552
462,홍콩반점0410,서울특별시 서초구 반포대로28길 16 태림빌딩,정통 중식 / 일반 중식,만원 미만,1,,37.4904316,127.0095363
463,희래등,서울특별시 서초구 서초대로62길 13,정통 중식 / 일반 중식,만원 미만,1,,37.4947323,127.0195816
464,발재반점,서울특별시 서초구 서초대로38길 12 롯데마트 서초점 B1,정통 중식 / 일반 중식,만원 미만,1,,37.49062,127.005198
465,용봉대반점,서울특별시 서초구 서초대로 331 성보빌딩,정통 중식 / 일반 중식,만원 미만,2,,37.4856837,126.9873598
466,홍콩반점0410,서울특별시 서초구 서초대로54길 32,정통 중식 / 일반 중식,만원 미만,2,,37.4927691,127.0161311
467,취홍,서울특별시 서초구 사임당로 46,정통 중식 / 일반 중식,만원 미만,2,,37.4882513,127.0150595
468,홍콩반점0410,서울특별시 서초구 반포대로 42 서문빌딩,정통 중식 / 일반 중식,만원 미만,1,,37.4844066,127.0116075
469,제레미20,서울특별시 서초구 서초대로38길 12 롯데마트 서초점 B1,딤섬 / 만두,만원 미만,1,,37.49062,127.005198
470,산동,서울특별시 서초구 효령로 214 삼양빌딩,정통 중식 / 일반 중식,만원 미만,3,,37.4831011,127.0076912
471,강릉교동짬뽕,서울특별시 서초구 서초대로54길 24,정통 중식 / 일반 중식,만원 미만,1,,37.4929839,127.0159552
472,만다린,서울특별시 서초구 강남대로51길 5,정통 중식 / 일반 중식,만원 미만,1,,37.4911148,127.0298594
473,이비가짬뽕,서울특별시 서초구 반포대로 38,정통 중식 / 일반 중식,만원 미만,1,,37.4838621,127.0119093
474,최고야 해물짬뽕,서울특별시 서초구 반포대로23길 14 1F,정통 중식 / 일반 중식,만원 미만,1,,37.4890625,127.007977
475,한성양꼬치,서울특별시 서초구 서초대로50길 63 ,기타 중식,만원-2만원,6,4.3,37.4904129,127.013759
476,친친마라탕,서울특별시 서초구 서초중앙로 119 B1,기타 중식,만원-2만원,23,3.7,37.4923958,127.0136153
477,항방양육관,서울특별시 서초구 서초대로50길 93 동명빌딩,기타 중식,만원-2만원,17,3.4,37.4890284,127.013914
478,칸지고고,서울특별시 서초구 서초대로53길 15 정원빌딩 1F,퓨전 중식,만원-2만원,6,,37.4954949,127.0146297
479,쿵푸훠궈,서울특별시 서초구 남부순환로347길 42-4 신화빌딩 2F,기타 중식,만원-2만원,4,,37.4860881,127.0314328
480,마오,서울특별시 서초구 명달로 93,정통 중식 / 일반 중식,만원-2만원,5,,37.4856663,127.0037918
481,불이아,서울특별시 서초구 서초대로52길 7 1F,기타 중식,만원-2만원,4,,37.4934561,127.01467
482,피에프창,서울특별시 서초구 서초대로40길 41 1F,퓨전 중식,만원-2만원,1,,37.4897988,127.0080011
483,한성양꼬치,서울특별시 서초구 반포대로28길 71-18,기타 중식,만원-2만원,2,,37.49203809999999,127.012315
484,만강홍,서울특별시 서초구 서초중앙로22길 46 선인빌딩,정통 중식 / 일반 중식,만원-2만원,3,,37.493252,127.016551
485,해월양꼬치샤브샤브,서울특별시 서초구 효령로 314,기타 중식,만원-2만원,1,,37.4851511,127.0185614
486,송쉐프르쁘띠,서울특별시 서초구 반포대로24길 95,정통 중식 / 일반 중식,만원-2만원,2,,37.4890692,127.0140514
487,램하우스,서울특별시 서초구 법원로2길 15 길도빌딩,기타 중식,2만원-3만원,5,,37.4941554,127.0123849
488,양문,서울특별시 서초구 반포대로28길 70 리유빌딩 2F,기타 중식,2만원-3만원,9,,37.4915408,127.0122221
489,미슌,서울특별시 서초구 서초대로53길 19 1F,정통 중식 / 일반 중식,2만원-3만원,3,,37.4958861,127.0144368
490,리향,서울특별시 서초구 반포대로28길 15 아카디아빌딩,정통 중식 / 일반 중식,2만원-3만원,3,,37.4905627,127.0092598
491,칭진,서울특별시 서초구 반포대로30길 72,정통 중식 / 일반 중식,2만원-3만원,2,,37.492489,127.0124686
492,부라문,서울특별시 서초구 남부순환로325길 9,정통 중식 / 일반 중식,3만원-4만원,5,,37.4816762,127.0145059
493,피제리아호키포키,서울특별시 서초구 반포대로9길 28 1F,기타 양식,만원 미만,45,4.4,37.4813541,127.0122884
494,크라이치즈버거,서울특별시 서초구 강남대로41길 8,브런치 / 버거 / 샌드위치,만원 미만,79,4.3,37.4872318,127.0319054
495,소울버킷,서울특별시 서초구 서초중앙로 75 동궁빌딩 202호,브런치 / 버거 / 샌드위치,만원 미만,11,4.1,37.4884565,127.0142766
496,번패티번,서울특별시 서초구 반포대로27길 21 1F,브런치 / 버거 / 샌드위치,만원 미만,13,4.0,37.4896774,127.0071705
497,바스버거,서울특별시 서초구 서초대로48길 15 서목빌딩 1F,브런치 / 버거 / 샌드위치,만원 미만,6,3.9,37.4920353,127.0115574
498,스윗밸런스,서울특별시 서초구 서초대로 286 1F,기타 양식,만원 미만,5,2.7,37.4931369,127.0130141
499,프롬샐라드,서울특별시 서초구 서초대로40길 77 105호,기타 양식,만원 미만,6,,37.4881301,127.0087548
500,치즈앤도우,서울특별시 서초구 서초대로38길 12 롯데마트 서초점 B1,기타 양식,만원 미만,6,,37.49062,127.005198
501,산도,서울특별시 서초구 서초대로56길 38,브런치 / 버거 / 샌드위치,만원 미만,3,,37.4928231,127.0174263
502,플랫,서울특별시 서초구 서초중앙로22길 22-7,브런치 / 버거 / 샌드위치,만원 미만,3,,37.4928633,127.0153247
503,잭슨피자,서울특별시 서초구 서초대로 350 B1,기타 양식,만원 미만,4,,37.4951551,127.0198169
504,그리너,서울특별시 서초구 반포대로27길 13 105호,기타 양식,만원 미만,3,,37.4896804,127.0061333
505,더브라이언스,서울특별시 서초구 서초중앙로 58 솔로빌  B1,브런치 / 버거 / 샌드위치,만원 미만,5,,37.4872397,127.0151905
506,노브랜드버거,서울특별시 서초구 효령로 292 남부터미널 대합실 119호,브런치 / 버거 / 샌드위치,만원 미만,4,,37.4842039,127.0153987
507,바스버거,서울특별시 서초구 서운로6길 19 1F,브런치 / 버거 / 샌드위치,만원 미만,4,,37.4858536,127.030529
508,서브웨이,서울특별시 서초구 서초중앙로22길 47,브런치 / 버거 / 샌드위치,만원 미만,2,,37.4935692,127.016669
509,어니스트그린,서울특별시 서초구 효령로77길 34 아크로텔강남 B101,브런치 / 버거 / 샌드위치,만원 미만,1,,37.4920099,127.0288299
510,샐미,서울특별시 서초구 서초대로 240 107호,기타 양식,만원 미만,4,,37.4913624,127.008348
511,더스파게티하우스,서울특별시 서초구 서운로6길 21-2,기타 양식,만원 미만,3,,37.4857812,127.0307074
512,파스타전문꾸덕,서울특별시 서초구 반포대로24길 8,기타 양식,만원 미만,3,,37.4893237,127.0095781
513,홍루이젠,서울특별시 서초구 서초대로 310 소망빌딩 1F,브런치 / 버거 / 샌드위치,만원 미만,2,,37.4939332,127.0154957
514,그린위치,서울특별시 서초구 서초대로 287 세계로빌딩 1F,브런치 / 버거 / 샌드위치,만원 미만,3,,37.4858958,127.0138478
515,샐러디,서울특별시 서초구 강남대로 265,기타 양식,만원 미만,3,,37.4870338,127.0323715
516,스파게티스토리,서울특별시 서초구 서초대로54길 37 1F,이탈리안,만원 미만,4,,37.4925423,127.0164857
517,버거킹,서울특별시 서초구 서초대로 283  남촌빌딩,브런치 / 버거 / 샌드위치,만원 미만,3,,37.493644,127.012675
518,버거파이터,서울특별시 서초구 사임당로 58,브런치 / 버거 / 샌드위치,만원 미만,2,,37.4885294,127.016423
519,샐러드박스,서울특별시 서초구 효령로 424,기타 양식,만원 미만,2,,37.4887723,127.0302221
520,샐러디,서울특별시 서초구 서초대로54길 15,기타 양식,만원 미만,1,,37.4934014,127.0161069
521,샐러디,서울특별시 서초구 서초대로 240 동일하이빌 101호,기타 양식,만원 미만,1,,37.4917662,127.0083636
522,펍피맥,서울특별시 서초구 반포대로30길 90 우진빌딩,기타 양식,만원 미만,1,,37.5063481,127.0008579
523,양지수제샌드위치,서울특별시 서초구 강남대로39길 5 109호,브런치 / 버거 / 샌드위치,만원 미만,1,,37.4861825,127.0326188
524,샐러데이즈,서울특별시 서초구 서운로 26-1  101호,기타 양식,만원 미만,1,,37.4863673,127.0295442
525,퀴즈노스,서울특별시 서초구 효령로 276,브런치 / 버거 / 샌드위치,만원 미만,1,,37.4843464,127.0144414
526,큐뮬러스,서울특별시 서초구 강남대로 299 1F,브런치 / 버거 / 샌드위치,만원-2만원,45,4.5,37.4897,127.0309372
527,길버트버거앤프라이즈,서울특별시 서초구 서초대로42길 96,브런치 / 버거 / 샌드위치,만원-2만원,67,4.2,37.4879067,127.0102617
528,다피타,서울특별시 서초구 효령로 202,이탈리안,만원-2만원,30,4.2,37.4828005,127.0064067
529,다피타,서울특별시 서초구 반포대로23길 32 이스타하우스,이탈리안,만원-2만원,13,4.1,37.4889059,127.0070244
530,비노바인,서울특별시 서초구 반포대로23길 6 효진빌딩 B1,이탈리안,만원-2만원,6,3.7,37.4891698,127.0083046
531,이올로화덕피자,서울특별시 서초구 강남대로39길 5 서초동두산위브,이탈리안,만원-2만원,10,3.6,37.4861825,127.0326188
532,갈릭앤페퍼,서울특별시 서초구 서초중앙로20길 40,이탈리안,만원-2만원,12,3.3,37.4922866,127.0164031
533,라칼라스,서울특별시 서초구 반포대로 8 1F,이탈리안,만원-2만원,7,3.1,37.481463,127.0130343
534,톨리브,서울특별시 서초구 서초중앙로24길 9 신우빌딩 1F,이탈리안,만원-2만원,7,,37.4948007,127.0146919
535,연어로만,서울특별시 서초구 반포대로9길 3 삼현빌딩 1F,시푸드 요리,만원-2만원,10,,37.483182,127.0114977
536,파티오42,서울특별시 서초구 반포대로30길 44-5 파크뷰빌딩 2F,이탈리안,만원-2만원,1,,37.4919761,127.0111613
537,레드스톤,서울특별시 서초구 서초중앙로 188 아크로비스타 A동 108호,스테이크 / 바베큐,만원-2만원,5,,37.4981551,127.0131528
538,비스포킷,서울특별시 서초구 효령로 355  KD CENTER 1F,기타 양식,만원-2만원,2,,37.487132,127.0228437
539,미스터피자,서울특별시 서초구 서초대로 316 하림인터내셔날오피스텔,이탈리안,만원-2만원,3,,37.4851239,127.0052814
540,피자헛,서울특별시 서초구 효령로 237  1F,기타 양식,만원-2만원,3,,37.48414229999999,127.0099699
541,미스터고트,서울특별시 서초구 청룡마을길 13,브런치 / 버거 / 샌드위치,만원-2만원,1,,37.4463739,127.0583904
542,지중해포차,서울특별시 서초구 서초대로50길 62-5,퓨전 양식,만원-2만원,1,,37.4903132,127.0132582
543,PANDA샐러드&라이스,서울특별시 서초구 법원로2길 7-4 동용빌딩 B 201-2호,기타 양식,만원-2만원,1,,37.4939677,127.0116247
544,파리크라상,서울특별시 서초구 남부순환로 2406  B1,패밀리 레스토랑,만원-2만원,1,,37.4786094,127.0113069
545,커먼띵스,서울특별시 서초구 남부순환로339길 25 성심빌딩,브런치 / 버거 / 샌드위치,만원-2만원,1,,37.4841309,127.0222303
546,땡스피자,서울특별시 서초구 반포대로21길 17 B1,기타 양식,만원-2만원,1,,37.4879349,127.0085833
547,7번가피자,서울특별시 서초구 사임당로 99  한대빌딩 1F,기타 양식,만원-2만원,1,,37.4903227,127.0205786
548,피자알볼로,서울특별시 서초구 서초대로 306 서초1동우편취급소,기타 양식,만원-2만원,1,,37.4887673,127.0190234
549,파파존스,서울특별시 서초구 효령로 318,기타 양식,만원-2만원,1,,37.4854343,127.0191389
550,파스타마스터,서울특별시 서초구 서초대로54길 27 2F,기타 양식,만원-2만원,1,,37.4930009,127.0162682
551,메종조,서울특별시 서초구 반포대로7길 35 공아트빌딩 1F,프랑스 음식,2만원-3만원,24,4.7,37.4819468,127.010113
552,라포레,서울특별시 서초구 서초중앙로 188 아크로비스타,이탈리안,2만원-3만원,9,4.1,37.4981551,127.0131528
553,비노인빌라,서울특별시 서초구 남부순환로319길 14,이탈리안,2만원-3만원,7,3.2,37.48081,127.0116612
554,요요마의키친,서울특별시 서초구 반포대로 20 정주빌딩,이탈리안,2만원-3만원,10,,37.4824073,127.0126013
555,메를로,서울특별시 서초구 서초대로 356 서초지웰타워,이탈리안,2만원-3만원,4,,37.4954188,127.0201969
556,스모크벙커,서울특별시 서초구 반포대로28길 42 B1,퓨전 양식,2만원-3만원,5,,37.490971,127.0107867
557,스테이크스테이션,서울특별시 서초구 서초대로38길 12 ,스테이크 / 바베큐,2만원-3만원,2,,37.4895766,127.0069383
558,일마레,서울특별시 서초구 서초중앙로 138 B1,이탈리안,2만원-3만원,1,,37.4942069,127.0139398
559,빕스얌딜리버리,서울특별시 서초구 서초대로 350 B1,패밀리 레스토랑,2만원-3만원,1,,37.4951551,127.0198169
560,천년식향,서울특별시 서초구 효령로 316-1 3F,기타 양식,4만원 이상,15,4.4,37.4853814,127.018953
561,디토,서울특별시 서초구 명달로 94 1F,이탈리안,3만원-4만원,8,4.3,37.4856366,127.0043214
562,태번 38,서울특별시 강남구 강남대로 652 신사스퀘어 2F,퓨전 양식,4만원 이상,20,3.8,37.519958,127.0189929
563,카나디안랍스터,서울특별시 서초구 남부순환로 2385 한독모터스,시푸드 요리,4만원 이상,1,,37.4801513,127.0114472
564,라무진,서울특별시 서초구 반포대로22길 77,스테이크 / 바베큐,3만원-4만원,4,,37.4908645,127.0124854
565,타이반쩜,서울특별시 서초구 서초중앙로 125,태국 음식,만원 미만,6,3.6,37.4929717,127.0134121
566,에머이,서울특별시 서초구 서초중앙로 26 102-202호,베트남 음식,만원 미만,19,3.1,37.4846243,127.0169762
567,홍호아,서울특별시 서초구 서초대로 278,베트남 음식,만원 미만,3,,37.4928445,127.0122094
568,반포식스,서울특별시 서초구 서초대로50길 18 유성빌딩 1F,베트남 음식,만원 미만,1,,37.4922404,127.0126969
569,베트남노상식당,서울특별시 서초구 법원로2길 7-4 B2 201호,베트남 음식,만원 미만,3,,37.4939677,127.0116247
570,발리밥집,서울특별시 서초구 서초중앙로 18 ,다국적 아시아 음식,만원 미만,1,,37.4840138,127.0173415
571,홍대쌀국수,서울특별시 서초구 서초대로38길 12 롯데마트 서초점 B1,베트남 음식,만원 미만,2,,37.49062,127.005198
572,오샬커리146,서울특별시 서초구 서초대로 350 클라우드키친 B1 12호,인도 음식,만원 미만,1,,37.4951551,127.0198169
573,쿤쏨차이,서울특별시 서초구 서초대로53길 23,태국 음식,만원-2만원,35,4.1,37.496159,127.0143167
574,몬안베띠,서울특별시 서초구 반포대로10길 11  1F,베트남 음식,만원-2만원,4,3.3,37.4837717,127.0124092
575,레몬그라스타이,서울특별시 서초구 효령로68길 67,태국 음식,만원-2만원,7,,37.4855657,127.0215602
576,살롱드누아,서울특별시 서초구 반포대로23길 13 1F,남미 음식,만원-2만원,3,,37.4888811,127.0080529
577,셰플리키친,서울특별시 서초구 반포대로26길 29 원플러스빌딩 B1,다국적 퓨전,만원-2만원,1,,37.4906498,127.010731
578,포메인,서울특별시 서초구 서초중앙로24길 27 G5센트럴프라자 1F,베트남 음식,만원-2만원,3,,37.4954141,127.0164028
579,포호아,서울특별시 서초구 남부순환로323길 1 예전빌딩,베트남 음식,만원-2만원,7,,37.4810928,127.0134801
580,포메인,서울특별시 서초구 반포대로 104 서일빌딩,베트남 음식,만원-2만원,1,,37.4894311,127.0091707
581,왓어바웃,서울특별시 서초구 서초대로 355 1F 101호,세계음식 기타,만원-2만원,2,,37.4959892,127.0201159
582,바노이,서울특별시 서초구 반포대로 10 신원빌딩 1F,베트남 음식,만원-2만원,3,,37.4880172,127.0099686
583,커리146,서울특별시 서초구 서초대로53길 26 2F,인도 음식,만원-2만원,1,,37.4964452,127.0143774
584,아이언쉐프,서울특별시 서초구 사임당로8길 10 우현빌딩 1F,세계음식 기타,2만원-3만원,2,,37.4880451,127.0153292
585,드마리스다이닝,서울특별시 서초구 서초중앙로 18 B1,뷔페,4만원 이상,2,,37.4840138,127.0173415
586,루엘드파리,서울특별시 서초구 서초중앙로 18 서초쌍용플래티넘 112호,베이커리,만원 미만,137,4.4,37.4840138,127.0173415
587,앙띠크,서울특별시 서초구 서초중앙로20길 14,카페 / 디저트,만원 미만,24,4.4,37.4921383,127.0148298
588,모멍데모시옹,서울특별시 서초구 반포대로3길 31,카페 / 디저트,만원 미만,16,4.4,37.4812044,127.0106644
589,프릳츠,서울특별시 서초구 강남대로37길 24-11 1F,카페 / 디저트,만원 미만,110,4.3,37.4853311,127.0321832
590,레프레미스,서울특별시 서초구 남부순환로337길 36,카페 / 디저트,만원 미만,10,4.3,37.4843123,127.0206269
591,룰커피,서울특별시 서초구 반포대로7길 16 청목빌딩 1F,카페 / 디저트,만원 미만,8,4.3,37.4823872,127.0110615
592,쎄종드파이,서울특별시 서초구 서초대로40길 48-16,카페 / 디저트,만원 미만,6,4.2,37.4893904,127.0068984
593,밀갸또,서울특별시 서초구 서초대로58길 37,카페 / 디저트,만원 미만,74,4.1,37.4931039,127.018143
594,김영모과자점,서울특별시 서초구 효령로 391,베이커리,만원 미만,31,4.1,37.4890172,127.026147
595,고스트요거트,서울특별시 서초구 서초중앙로20길 37,카페 / 디저트,만원 미만,19,4.1,37.4925023,127.016225
596,카페토다,서울특별시 서초구 반포대로14길 26 드림타워 1F,카페 / 디저트,만원 미만,9,4.1,37.4853052,127.0125043
597,공미학,서울특별시 서초구 서초대로48길 101 그룹메가타워 1F,카페 / 디저트,만원 미만,20,4.0,37.4885837,127.0124566
598,쿠오레 에스프레소,서울특별시 서초구 강남대로 275 101호,카페 / 디저트,만원 미만,88,3.9,37.4878685,127.0319729
599,프리퍼커피로스터스,서울특별시 서초구 반포대로5길 4,카페 / 디저트,만원 미만,35,3.9,37.4820379,127.0114166
600,장티크,서울특별시 서초구 서초대로64길 50 아남아파트,카페 / 디저트,만원 미만,8,3.9,37.4930744,127.02088
601,엔조이더커피,서울특별시 서초구 효령로 221 1F,카페 / 디저트,만원 미만,19,3.9,37.4837022,127.0083079
602,마담버터플라이,서울특별시 서초구 서초중앙로 48 한솔빌딩,카페 / 디저트,만원 미만,18,3.9,37.4861842,127.0158014
603,초초베이크숍,서울특별시 서초구 남부순환로 2419 1F,카페 / 디저트,만원 미만,11,3.9,37.4814785,127.0150003
604,쌍쎄흐,서울특별시 서초구 반포대로22길 17,카페 / 디저트,만원 미만,6,3.9,37.4889827,127.0101695
605,카몽,서울특별시 서초구 서초대로42길 17 서초지웰타워,카페 / 디저트,만원 미만,7,3.8,37.4954188,127.0201969
606,고품격커피공장,서울특별시 서초구 명달로20길 61 1F,카페 / 디저트,만원 미만,9,3.8,37.4865317,127.0075796
607,플레인,서울특별시 서초구 반포대로23길 6 효진빌딩 1F,카페 / 디저트,만원 미만,11,3.7,37.4891698,127.0083046
608,카페로비,서울특별시 서초구 반포대로20길 53 1F,카페 / 디저트,만원 미만,15,3.6,37.4885203,127.0127436
609,테라로사,서울특별시 서초구 남부순환로 2406 예술의전당,카페 / 디저트,만원 미만,28,3.6,37.4786094,127.0113069
610,카페온화,서울특별시 서초구 반포대로 105 1F,카페 / 디저트,만원 미만,9,3.6,37.4894348,127.0084244
611,몬틸나잇,서울특별시 서초구 서초중앙로18길 23 1F,카페 / 디저트,만원 미만,22,3.5,37.4915002,127.0155653
612,어반아이트,서울특별시 서초구 서초대로 261,카페 / 디저트,만원 미만,20,3.5,37.4928767,127.0102413
613,파리서티세븐,서울특별시 서초구 강남대로37길 12-7 1F,카페 / 디저트,만원 미만,1,,37.4851821,127.0324791
614,티팔레트,서울특별시 서초구 반포대로22길 29 1F,카페 / 디저트,만원 미만,3,,37.4894399,127.010428
615,더브레드블루,서울특별시 서초구 서초중앙로8길 17 1F,베이커리,만원 미만,5,,37.4867508,127.0163265
616,바오밥나무,서울특별시 서초구 서초대로60길 25,카페 / 디저트,만원 미만,2,,37.4938922,127.0185658
617,아티제,서울특별시 서초구 서초대로64길 76-21 삼성레포츠센타,카페 / 디저트,만원 미만,5,,37.4915783,127.0215284
618,삼순이호두파이전문점,서울특별시 서초구 서초중앙로 224,카페 / 디저트,만원 미만,4,,37.5017333,127.013169
619,도담떡집,서울특별시 서초구 효령로61길 14-13,카페 / 디저트,만원 미만,2,,37.4869135,127.0196329
620,퀴베롱 마카롱,서울특별시 서초구 반포대로1길 8 성호빌딩,카페 / 디저트,만원 미만,6,,37.4812243,127.0120752
621,프랑세즈과자점,서울특별시 서초구 서초중앙로24길 43 유원서초아파트상가,베이커리,만원 미만,9,,37.4962524,127.0182815
622,크리스피파이,서울특별시 서초구 효령로 258 시트러스 빌딩,카페 / 디저트,만원 미만,2,,37.4839522,127.0124475
623,카페라리,서울특별시 서초구 서초중앙로2길 37,카페 / 디저트,만원 미만,7,,37.4841396,127.0193639
624,아디스아바바,서울특별시 서초구 서초중앙로22길 67 JD빌딩,카페 / 디저트,만원 미만,6,,37.4938853,127.0175153
625,오병호 베이커리 카페,서울특별시 서초구 서초중앙로 51 서초신성미소시티,카페 / 디저트,만원 미만,3,,37.4862819,127.0149848
626,카페 모멘텀,서울특별시 서초구 서초대로54길 46,카페 / 디저트,만원 미만,3,,37.4921571,127.0165417
627,에슬로우시그니처,서울특별시 서초구 반포대로28길 33 1F,카페 / 디저트,만원 미만,1,,37.4911176,127.0102069
628,폴바셋,서울특별시 서초구 서초대로 287,카페 / 디저트,만원 미만,7,,37.493748,127.0129337
629,어스마카롱,서울특별시 서초구 서초중앙로 151 1F,카페 / 디저트,만원 미만,5,,37.4951359,127.0128578
630,트로이,서울특별시 서초구 남부순환로317길 65 1F,베이커리,만원 미만,3,,37.4824442,127.0103304
631,설빙,서울특별시 서초구 서초대로54길 24,카페 / 디저트,만원 미만,4,,37.4929839,127.0159552
632,타뮤즈,서울특별시 서초구 반포대로20길 7-4 DC빌딩,카페 / 디저트,만원 미만,2,,37.4877703,127.0103313
633,홍차카페티안,서울특별시 서초구 서리풀길 21 1F,카페 / 디저트,만원 미만,1,,37.4881253,127.0203905
634,메종드꼼빠뇽,서울특별시 서초구 서초대로41길 19 1F,베이커리,만원 미만,3,,37.493572,127.0074084
635,어니스크,서울특별시 서초구 서초대로53길 24 지앤지빌딩 1F,베이커리,만원 미만,3,,37.4958517,127.0146955
636,헤비커피드링커,서울특별시 서초구 서초대로38길 12 롯데마트 서초점 1F,카페 / 디저트,만원 미만,4,,37.49062,127.005198
637,스타벅스,서울특별시 서초구 반포대로 89,카페 / 디저트,만원 미만,3,,37.488095,127.0090855
638,Sso Ok,서울특별시 서초구 사임당로8길 13 1F,베이커리,만원 미만,5,,37.4878705,127.015639
639,홍종흔베이커리,서울특별시 서초구 효령로 229,베이커리,만원 미만,3,,37.483834,127.0090909
640,커피온리,서울특별시 서초구 반포대로 42 서문빌딩,카페 / 디저트,만원 미만,1,,37.4844066,127.0116075
641,카페누투,서울특별시 서초구 사임당로19길 28-3 1F,카페 / 디저트,만원 미만,3,,37.4911208,127.0191324
642,파리바게트,서울특별시 서초구 서초대로40길 50 ,베이커리,만원 미만,2,,37.4893562,127.0078634
643,카멜롯,서울특별시 서초구 효령로72길 37 정현빌딩,카페 / 디저트,만원 미만,1,,37.4867954,127.0273559
644,카페프레싱,서울특별시 서초구 반포대로14길 30,카페 / 디저트,만원 미만,1,,37.4853795,127.0127702
645,더벤티,서울특별시 서초구 서초중앙로22길 25 서초리시온 1F,카페 / 디저트,만원 미만,2,,37.49343,127.0154303
646,오리츠커피,서울특별시 서초구 서초중앙로22길 62 1F,카페 / 디저트,만원 미만,2,,37.4935613,127.0174494
647,해머스미스커피,서울특별시 서초구 서초대로51길 11 ,카페 / 디저트,만원 미만,2,,37.4949682,127.0140282
648,커피롱블랙,서울특별시 서초구 사임당로 39,카페 / 디저트,만원 미만,1,,37.4883829,127.0140865
649,더파우치,서울특별시 서초구 서초대로54길 29 2F,카페 / 디저트,만원 미만,1,,37.4929183,127.0163032
650,밀리멧베이커리,서울특별시 서초구 효령로68길 32 101호,카페 / 디저트,만원 미만,1,,37.4860305,127.0227969
651,파리크라상,서울특별시 서초구 서초중앙로24길 27 G5센트럴프라자,베이커리,만원 미만,1,,37.4954141,127.0164028
652,레어마카롱,서울특별시 서초구 반포대로24길 47 1F,카페 / 디저트,만원 미만,4,,37.4891017,127.0115803
653,밀앤빈,서울특별시 서초구 반포대로23길 14 서초동매강빌딩,카페 / 디저트,만원 미만,2,,37.4891004,127.0079966
654,리플렉트커피로스터스,서울특별시 서초구 효령로72길 57 E동 101호,카페 / 디저트,만원 미만,4,,37.4867542,127.0283802
655,스탠드바이8591,서울특별시 서초구 서초대로 323 1F 4호,카페 / 디저트,만원 미만,2,,37.4948426,127.0167959
656,미니말레 커피뢰스터,서울특별시 서초구 서초대로51길 15  1F,카페 / 디저트,만원 미만,2,,37.4952423,127.0140551
657,Le temps raffine,서울특별시 서초구 반포대로9길 70  1F,카페 / 디저트,만원 미만,2,,37.48291880000001,127.007944
658,오도레,서울특별시 서초구 사임당로 21 기하빌딩,카페 / 디저트,만원 미만,1,,37.4878971,127.01246
659,그릿918베이커리카페,서울특별시 서초구 법원로2길 24,베이커리,만원 미만,4,,37.4940983,127.0132299
660,베스킨라빈스CAFE31,서울특별시 서초구 강남대로 331 광일빌딩 1F,카페 / 디저트,만원 미만,1,,37.4925811,127.0295735
661,카페무가공,서울특별시 서초구 효령로 423 3F,카페 / 디저트,만원 미만,1,,37.4830824,127.0065118
662,카페서리풀,서울특별시 서초구 반포대로28길 39 선우빌딩 1F,카페 / 디저트,만원 미만,1,,37.4911487,127.0104869
663,ttt coffee,서울특별시 서초구 효령로 275,카페 / 디저트,만원 미만,3,,37.4849435,127.0141927
664,데카치노,서울특별시 서초구 서운로 26,카페 / 디저트,만원 미만,1,,37.4862775,127.029473
665,챱챱케이크,서울특별시 서초구 서초중앙로22길 45,카페 / 디저트,만원 미만,2,,37.4934953,127.0164438
666,바나프레소,서울특별시 서초구 효령로57길 1,카페 / 디저트,만원 미만,2,,37.4852812,127.0168625
667,라일락다방,서울특별시 서초구 사임당로 19 신호빌딩,카페 / 디저트,만원 미만,2,,37.4878506,127.0123017
668,카페뭉,서울특별시 서초구 강남대로 273 송남빌딩 B1,카페 / 디저트,만원 미만,1,,37.48748990000001,127.0319387
669,빽다방,서울특별시 서초구 서초중앙로22길 25 서초리시온,카페 / 디저트,만원 미만,1,,37.49343,127.0154303
670,밀히,서울특별시 서초구 서초중앙로22길 108 1F,카페 / 디저트,만원 미만,1,,37.4943405,127.0198106
671,레트로카페트레이더,서울특별시 서초구 효령로 316-1,카페 / 디저트,만원 미만,1,,37.4853814,127.018953
672,로지커피,서울특별시 서초구 서초대로58길 5,카페 / 디저트,만원 미만,1,,37.4944613,127.0178707
673,카페3,서울특별시 서초구 남부순환로 2583 서희타워 1F,카페 / 디저트,만원 미만,1,,37.4846908,127.032941
674,가배금,서울특별시 서초구 서초대로60길 9-4,카페 / 디저트,만원 미만,2,,37.4943901,127.0182946
675,커피애비뉴펍,서울특별시 서초구 반포대로26길 58 1F,카페 / 디저트,만원 미만,1,,37.4910903,127.012332
676,스타벅스,서울특별시 서초구 반포대로 118 우림빌딩,카페 / 디저트,만원 미만,3,,37.4906229,127.0085975
677,웨인스베이글스,서울특별시 서초구 효령로77길 34  115호,카페 / 디저트,만원 미만,3,,37.49193289999999,127.0288672
678,커피앤와플,서울특별시 서초구 사임당로17길 68,카페 / 디저트,만원 미만,2,,37.4918895,127.0169805
679,스템커피,서울특별시 서초구 서초중앙로24길 41,카페 / 디저트,만원 미만,2,,37.4955697,127.0177748
680,이하나커피,서울특별시 서초구 서초중앙로 110 롯데캐슬메디치 1F,카페 / 디저트,만원 미만,2,,37.4915769,127.0144946
681,올모스트데어,서울특별시 서초구 효령로72길 34 ,카페 / 디저트,만원 미만,2,,37.486706,127.0270217
682,잇츠커피로스터스,서울특별시 서초구 반포대로30길 12-3,카페 / 디저트,만원 미만,1,,37.4915272,127.0094167
683,스위트807,서울특별시 서초구 남부순환로 2406  예술의전당 비타민스테이션,카페 / 디저트,만원 미만,2,,37.4786094,127.0113069
684,콩마켓,서울특별시 서초구 서초대로38길 12 롯데마트 서초점 1F,카페 / 디저트,만원 미만,3,,37.49062,127.005198
685,오봉빠리,서울특별시 서초구 효령로 263 1F,베이커리,만원 미만,3,,37.4845498,127.012901
686,엘브로커피,서울특별시 서초구 서초대로46길 93,카페 / 디저트,만원 미만,1,,37.4901076,127.0131298
687,한스,서울특별시 서초구 서초대로64길 55 준원빌딩,카페 / 디저트,만원 미만,1,,37.4932295,127.0215519
688,텐퍼센트커피,서울특별시 서초구 반포대로28길 20 ,카페 / 디저트,만원 미만,2,,37.4904471,127.0097657
689,커피빛다,서울특별시 서초구 서초중앙로20길 29,카페 / 디저트,만원 미만,1,,37.4924403,127.0158108
690,카페수프레모,서울특별시 서초구 서초대로60길 9-22 1F 101호,카페 / 디저트,만원 미만,1,,37.4944962,127.0187015
691,Morrow,서울특별시 서초구 서초대로 253,카페 / 디저트,만원 미만,1,,37.4926165,127.0094068
692,아워헤르츠,서울특별시 서초구 서초대로58길 36 1F,카페 / 디저트,만원 미만,1,,37.4858797,126.9889187
693,스페이스엘,서울특별시 서초구 효령로68길 104,카페 / 디저트,만원 미만,1,,37.48530239999999,127.0192039
694,로이드페스츄리,서울특별시 서초구 남부순환로 2433-7 1F,베이커리,만원 미만,1,,37.4821786,127.0161817
695,배스킨라빈스,서울특별시 서초구 서초대로 331 성보빌딩,카페 / 디저트,만원 미만,3,,37.4856837,126.9873598
696,베이커스테일,서울특별시 서초구 서초대로54길 9-14 재경빌딩,베이커리,만원 미만,1,,37.4938142,127.0165437
697,더카페신방,서울특별시 서초구 남부순환로 2575 1F,카페 / 디저트,만원 미만,3,,37.4845497,127.0321627
698,앤티앤스프레즐,서울특별시 서초구 효령로 292 남부터미널 107호,카페 / 디저트,만원 미만,2,,37.4842039,127.0153987
699,스타벅스,서울특별시 서초구 서초중앙로 26 래미안서초유니빌,카페 / 디저트,만원 미만,3,,37.4847886,127.0168446
700,할리스커피,서울특별시 서초구 반포대로30길 81 1F,카페 / 디저트,만원 미만,2,,37.4831709,127.0122203
701,아가젤라또,서울특별시 서초구 서초중앙로 110 103호,카페 / 디저트,만원 미만,2,,37.4915769,127.0144946
702,사랑하는카페,서울특별시 서초구 사임당로 102-5 신우빌딩,카페 / 디저트,만원 미만,1,,37.4900556,127.0212824
703,커피만,서울특별시 서초구 서초대로 302 101호,카페 / 디저트,만원 미만,1,,37.4936806,127.0146829
704,설빙,서울특별시 서초구 서운로6길 17,카페 / 디저트,만원 미만,2,,37.4859356,127.0304137
705,아펜즈커피,서울특별시 서초구 서초중앙로 119  1-2F,카페 / 디저트,만원 미만,1,,37.4923958,127.0136153
706,더엘씨,서울특별시 서초구 서초대로48길 20  1F,카페 / 디저트,만원 미만,1,,37.4918887,127.0113671
707,카페뽀글,서울특별시 서초구 서초대로58길 18 서초지에스타워 102호,카페 / 디저트,만원 미만,1,,37.49390150000001,127.0177277
708,투썸플레이스,서울특별시 서초구 반포대로 34 로얄빌딩,카페 / 디저트,만원 미만,2,,37.4992379,127.0021911
709,젬인브라운,서울특별시 서초구 남부순환로325길 17 신빌딩,카페 / 디저트,만원 미만,1,,37.4819452,127.0145623
710,수프레모커피공방,서울특별시 서초구 서초대로58길 40,카페 / 디저트,만원 미만,2,,37.4929885,127.017916
711,breezy coffee,서울특별시 서초구 서초중앙로 72 영빌딩 1F,카페 / 디저트,만원 미만,2,,37.4881006,127.0149404
712,빈스팩토리,서울특별시 서초구 강남대로39길 26-1 거원빌딩,카페 / 디저트,만원 미만,1,,37.4858206,127.0315584
713,엘리스파이,서울특별시 서초구 서초중앙로22길 25 리시온상가 112호,베이커리,만원 미만,1,,37.49343,127.0154303
714,보고타카페,서울특별시 서초구 효령로40길 11,카페 / 디저트,만원 미만,1,,37.4824043,127.0060049
715,카페자스,서울특별시 서초구 서초대로46길 20,카페 / 디저트,만원 미만,1,,37.4915483,127.0099977
716,너의요구,서울특별시 서초구 사임당로17길 123 1F,카페 / 디저트,만원 미만,1,,37.4935992,127.0193035
717,올리브그린,서울특별시 서초구 반포대로14길 29  109타워 1F,카페 / 디저트,만원 미만,1,,37.4858529,127.0132563
718,오월오일,서울특별시 서초구 강남대로37길 12-3 ,카페 / 디저트,만원 미만,1,,37.4849943,127.0325448
719,페이토커피,서울특별시 서초구 강남대로 259 ,카페 / 디저트,만원 미만,1,,37.4864854,127.0326319
720,쁠랑,서울특별시 서초구 반포대로22길 100 삼덕빌딩 1F,카페 / 디저트,만원 미만,1,,37.4911944,127.0135802
721,커피빈,서울특별시 서초구 서초중앙로24길 27 G5센트럴프라자,카페 / 디저트,만원 미만,1,,37.4954141,127.0164028
722,쥬씨,서울특별시 서초구 서초대로 240 서초동 동일하이빌,카페 / 디저트,만원 미만,1,,37.4917662,127.0083636
723,소딜리셔스,서울특별시 서초구 남부순환로317길 31 1F,카페 / 디저트,만원 미만,1,,37.4809168,127.0104217
724,바른빵집,서울특별시 서초구 서초대로41길 16,베이커리,만원 미만,1,,37.49338170000001,127.0077674
725,101커피컨테이너,서울특별시 서초구 법원로3길 26 한림빌딩,카페 / 디저트,만원 미만,1,,37.4930409,127.0076948
726,커피빈,서울특별시 서초구 서초중앙로 118 카이스시스템빌딩 1F,카페 / 디저트,만원 미만,1,,37.4924047,127.0141317
727,스타벅스,서울특별시 서초구 남부순환로 2557,카페 / 디저트,만원 미만,1,,37.4844008,127.0300468
728,페이드커피바,서울특별시 서초구 반포대로12길 49,카페 / 디저트,만원 미만,1,,37.4852561,127.0139681
729,아니타 케이크앤스위츠,서울특별시 서초구 사임당로1길 58,카페 / 디저트,만원 미만,1,,37.4896955,127.0123391
730,카페 베이텔,서울특별시 서초구 서초대로40길 77 2F 203호,카페 / 디저트,만원 미만,1,,37.4881301,127.0087548
731,해머스미스커피,서울특별시 서초구 서운로 6 102호,카페 / 디저트,만원 미만,1,,37.4846743,127.0298918
732,웨일즈커피,서울특별시 서초구 법원로1길 1,카페 / 디저트,만원 미만,1,,37.4931985,127.0103638
733,깡철이,서울특별시 서초구 서초중앙로 49  104호,카페 / 디저트,만원 미만,1,,37.486127,127.0151033
734,구디스,서울특별시 서초구 남부순환로347길 21-17 1F,카페 / 디저트,만원 미만,1,,37.4850628,127.0307789
735,더페트리코,서울특별시 서초구 강남대로39길 15-10  1F,카페 / 디저트,만원 미만,1,,37.48549630000001,127.0326628
736,돼지와플,서울특별시 서초구 남부순환로347길 48-7,카페 / 디저트,만원 미만,1,,37.4866172,127.0314554
737,배스킨라빈스,서울특별시 서초구 반포대로10길 35 ,카페 / 디저트,만원 미만,1,,37.4842058,127.0136789
738,카페마차,서울특별시 서초구 서초중앙로 69 B1,카페 / 디저트,만원 미만,1,,37.4878098,127.0142975
739,투썸플레이스,서울특별시 서초구 반포대로18길 36 서초센트럴아이파크 1F,카페 / 디저트,만원 미만,1,,37.4869397,127.0111616
740,공차,서울특별시 서초구 사임당로 174 강남미래타워 105호,카페 / 디저트,만원 미만,1,,37.4922948,127.0286611
741,카페 도로,서울특별시 서초구 서운로11길 35 서흥빌딩,카페 / 디저트,만원 미만,1,,37.4873454,127.0266459
742,만랩커피,서울특별시 서초구 서초대로52길 38,카페 / 디저트,만원 미만,1,,37.4925095,127.0147303
743,공차,서울특별시 서초구 서초중앙로 125 로이어즈타워,카페 / 디저트,만원 미만,1,,37.4929717,127.0134121
744,단석가찰보리빵,서울특별시 서초구 서초대로46길 3,카페 / 디저트,만원 미만,1,,37.4922303,127.009983
745,그래도사랑해,서울특별시 서초구 남부순환로347길 24,베이커리,만원 미만,1,,37.4854841,127.0317278
746,모차르트 502,서울특별시 서초구 남부순환로 2406 국립국악원,카페 / 디저트,만원-2만원,28,3.4,37.4786094,127.0113069
747,10월19일,서울특별시 서초구 반포대로3길 31 101호,카페 / 디저트,2만원-3만원,18,4.3,37.4812044,127.0106644
748,공간21,서울특별시 서초구 서초대로46길 42,카페 / 디저트,2만원-3만원,13,4.1,37.4906081,127.0104884
749,실버라이닝케이크,서울특별시 서초구 효령로 423  204호,카페 / 디저트,4만원 이상,1,,37.4830824,127.0065118
750,오늘와인한잔,서울특별시 서초구 반포대로26길 75,칵테일 / 와인,만원 미만,3,,37.4916306,127.0130475
751,브롱스,서울특별시 서초구 반포대로26길 75 B1,치킨 / 호프 / 펍,만원 미만,4,,37.4916306,127.0130475
752,비베레,서울특별시 서초구 강남대로39길 6-7 1F,치킨 / 호프 / 펍,만원 미만,1,,37.4865723,127.0323571
753,달과 6펜스,서울특별시 서초구 반포대로22길 79-5,칵테일 / 와인,만원 미만,2,,37.4909864,127.0124069
754,곰포차,서울특별시 서초구 효령로52길 8,전통 주점 / 포차,만원-2만원,42,4.1,37.4838349,127.0126447
755,라임,서울특별시 서초구 강남대로37길 12-11 2F,칵테일 / 와인,만원-2만원,10,3.8,37.4853067,127.0323938
756,김봉남포장마차,서울특별시 서초구 반포대로12길 26,전통 주점 / 포차,만원-2만원,8,3.8,37.4847512,127.0127378
757,오늘와인한잔,서울특별시 서초구 반포대로 38 와라빌딩,칵테일 / 와인,만원-2만원,25,3.6,37.4838621,127.0119093
758,5의 의미,서울특별시 서초구 효령로67길 71-11,일반 주점,만원-2만원,4,,37.489788,127.0222629
759,생활맥주,서울특별시 서초구 효령로55길 15 벨타워비지니스텔 104호,치킨 / 호프 / 펍,만원-2만원,2,,37.4854898,127.0142738
760,느린마을양조장,서울특별시 서초구 반포대로28길 56-3 한라빌딩 2F,전통 주점 / 포차,만원-2만원,2,,37.4913044,127.0115422
761,진오돌뼈,서울특별시 서초구 효령로53길 67 홍정빌딩,전통 주점 / 포차,만원-2만원,2,,37.4875811,127.0127062
762,막걸리이야기,서울특별시 서초구 반포대로28길 21-12 1F,전통 주점 / 포차,만원-2만원,1,,37.4911564,127.0095788
763,생생포차,서울특별시 서초구 반포대로8길 11-10 7F,전통 주점 / 포차,만원-2만원,1,,37.4836528,127.0126346
764,바비밥,서울특별시 서초구 서초중앙로22길 25 서초리시온,칵테일 / 와인,만원-2만원,2,,37.49343,127.0154303
765,언더그라운드,서울특별시 서초구 강남대로53길 11 B1,치킨 / 호프 / 펍,만원-2만원,2,,37.4939235,127.0278995
766,2F,서울특별시 서초구 강남대로 261 파리바게트건물 2F,칵테일 / 와인,만원-2만원,1,,37.4868431,127.0325347
767,소공연펍,서울특별시 서초구 반포대로28길 77,치킨 / 호프 / 펍,만원-2만원,1,,37.4911643,127.010897
768,을지로골뱅이치킨,서울특별시 서초구 반포대로27길 13 109호,치킨 / 호프 / 펍,만원-2만원,2,,37.4896804,127.0061333
769,스탑오버,서울특별시 서초구 강남대로55길 9-11,치킨 / 호프 / 펍,만원-2만원,1,,37.4947021,127.0279176
770,오늘와인한잔,서울특별시 서초구 서초중앙로 15 현대슈퍼빌 상가동 1F,칵테일 / 와인,만원-2만원,1,,37.4830516,127.0161646
771,김봉남포장마차,서울특별시 서초구 서초중앙로24길 15,전통 주점 / 포차,만원-2만원,1,,37.4948916,127.0151148
772,삼풍치킨,서울특별시 서초구 서초중앙로24길 18,치킨 / 호프 / 펍,만원-2만원,1,,37.4947083,127.0155029
773,대가포차,서울특별시 서초구 반포대로10길 11,일반 주점,만원-2만원,1,,37.4837717,127.0124092
774,서초동사람들,서울특별시 서초구 반포대로28길 65-16,치킨 / 호프 / 펍,만원-2만원,2,,37.4922687,127.011664
775,조가홍닭,서울특별시 서초구 효령로55길 22 그린빌오피스텔,치킨 / 호프 / 펍,만원-2만원,2,,37.4857601,127.0141757
776,705사케집,서울특별시 서초구 사임당로 26 신영빌딩 1F,일반 주점,만원-2만원,1,,37.4884062,127.0168013
777,오늘와인한잔,서울특별시 서초구 서초중앙로24길 18,칵테일 / 와인,만원-2만원,2,,37.4947083,127.0155029
778,그라츠,서울특별시 서초구 서초중앙로 156,칵테일 / 와인,2만원-3만원,2,,37.4956018,127.0135087
779,바코트룸,서울특별시 서초구 반포대로28길 56-3 B1,칵테일 / 와인,2만원-3만원,3,,37.4913044,127.0115422
780,라메종뒤땅,서울특별시 서초구 서초대로51길 26 람코교대빌딩 1F,칵테일 / 와인,2만원-3만원,4,,37.49565339999999,127.0140481
781,크래프트 리퍼블릭,서울특별시 서초구 사임당로 17 1F,치킨 / 호프 / 펍,2만원-3만원,2,,37.4877438,127.012012
782,우리집,서울특별시 서초구 반포대로14길 71 엘지에클라트 102호,일반 주점,2만원-3만원,1,,37.4868462,127.0145085
783,W23,서울특별시 서초구 효령로 331,칵테일 / 와인,2만원-3만원,2,,37.4863197,127.0203937
784,베비토레,서울특별시 서초구 동광로4길 5,칵테일 / 와인,2만원-3만원,2,,37.4905577,126.9847949
785,빗소리,서울특별시 서초구 효령로 423 2F 201호,칵테일 / 와인,2만원-3만원,1,,37.4830824,127.0065118
786,디바야누스,서울특별시 서초구 서초대로54길 9-8,칵테일 / 와인,2만원-3만원,1,,37.4936217,127.0161549
787,비밥,서울특별시 서초구 서초중앙로22길 25 2F,칵테일 / 와인,2만원-3만원,1,,37.49343,127.0154303
788,락희옥,서울특별시 서초구 반포대로30길 63,일반 주점,3만원-4만원,4,,37.4926184,127.0119976
789,가르고뜨,서울특별시 서초구 효령로77길 34 아크로텔 116호,칵테일 / 와인,3만원-4만원,7,,37.4920099,127.0288299
790,립프린츠,서울특별시 서초구 반포대로13길 32 1F,칵테일 / 와인,3만원-4만원,2,,37.4845368,127.0092964
