,가게이름,가게 주소,음식 종류,가격 범위,리뷰개수,평점
0,일흥콩나물국밥,서울특별시 성북구 고려대로5길 77,탕 / 찌개 / 전골,만원 미만,9,4.4
1,고른햇살,서울특별시 성북구 개운사길 27,기타 한식,만원 미만,25,4.3
2,성북동누룽지백숙,서울특별시 성북구 성북로31길 9,국수 / 면 요리,만원 미만,10,4.3
3,참나무닭나라,서울특별시 성북구 동소문로8길 12,닭 / 오리 요리,만원 미만,14,4.3
4,수아당,서울특별시 성북구 동소문로20가길 33 1F,기타 한식,만원 미만,10,4.2
5,팔백집,서울특별시 성북구 보문로30길 46,고기 요리,만원 미만,5,4.1
6,동우설렁탕,서울특별시 성북구 개운사길 45,탕 / 찌개 / 전골,만원 미만,10,4.1
7,이공김밥,서울특별시 성북구 안암로 61-6,기타 한식,만원 미만,18,4.1
8,국시집,서울특별시 성북구 창경궁로43길 9,국수 / 면 요리,만원 미만,10,4.0
9,봉화묵집,서울특별시 성북구 아리랑로19길 46-2,한정식 / 백반 / 정통 한식,만원 미만,15,4.0
10,호랑이김밥,서울특별시 성북구 성북로 18,기타 한식,만원 미만,5,4.0
11,돈암순대,서울특별시 성북구 동소문로18길 12-3,탕 / 찌개 / 전골,만원 미만,14,3.9
12,제순식당,서울특별시 성북구 동소문로20다길 30-9,한정식 / 백반 / 정통 한식,만원 미만,35,3.7
13,성북동돼지갈비집,서울특별시 성북구 성북로 115,고기 요리,만원 미만,17,3.7
14,태조감자국,서울특별시 성북구 보문로34길 43 세학빌딩,탕 / 찌개 / 전골,만원 미만,25,3.7
15,오박사네왕돈가스,서울특별시 성북구 혜화로 80,기타 한식,만원 미만,20,3.6
16,구포국수,서울특별시 성북구 성북로 52-1,국수 / 면 요리,만원 미만,10,3.6
17,돈까스하우스,서울특별시 성북구 고려대로27길 15 2F,기타 한식,만원 미만,15,3.6
18,석관시장떡볶이,서울특별시 성북구 돌곶이로18길 27-9,기타 한식,만원 미만,5,3.6
19,서울쌈냉면,서울특별시 성북구 개운사길 21-4,국수 / 면 요리,만원 미만,16,3.6
20,유자유김치떡볶이,서울특별시 성북구 인촌로24길 47,기타 한식,만원 미만,45,3.5
21,삼통치킨,서울특별시 성북구 인촌로24길 60,닭 / 오리 요리,만원 미만,28,3.5
22,치즈를사랑한찜닭,서울특별시 성북구 개운사길 21-3 2F,닭 / 오리 요리,만원 미만,8,3.5
23,금왕돈까스,서울특별시 성북구 성북로 138,기타 한식,만원 미만,5,3.4
24,쌍다리돼지불백,서울특별시 성북구 성북로23길 4,한정식 / 백반 / 정통 한식,만원 미만,10,3.3
25,추억의 옛날떡볶이,서울특별시 성북구 동소문로22길 39-5,기타 한식,만원 미만,10,3.3
26,온달왕돈까스,서울특별시 성북구 동소문로20가길 4,기타 한식,만원 미만,5,3.1
27,손가네,서울특별시 성북구 성북로15길 8,탕 / 찌개 / 전골,만원 미만,7,
28,고대맛집ㅋㅋ,서울특별시 성북구 안암로9가길 80-17,기타 한식,만원 미만,9,
29,안동할매청국장,서울특별시 성북구 성북로5길 9-3,탕 / 찌개 / 전골,만원 미만,1,
30,우리밀국시,서울특별시 성북구 혜화로 84-2,국수 / 면 요리,만원 미만,7,
31,서울돈까스,서울특별시 성북구 창경궁로35다길 140,기타 한식,만원 미만,7,
32,소담식당,서울특별시 성북구 인촌로24길 3-44,한정식 / 백반 / 정통 한식,만원 미만,6,
33,할매닭갈비곱창,서울특별시 성북구 동소문로20길 37-10,닭 / 오리 요리,만원 미만,4,
34,덕써니,서울특별시 성북구 돌곶이로14길 6-1,기타 한식,만원 미만,5,
35,장수식당,서울특별시 성북구 정릉로26길 55,한정식 / 백반 / 정통 한식,만원 미만,4,
36,아미가,서울특별시 성북구 북악산로29길 9,한정식 / 백반 / 정통 한식,만원 미만,9,
37,정키친프로젝트,서울특별시 성북구 동소문로24길 46 1F,퓨전 한식,만원 미만,9,
38,장수감자탕,서울특별시 성북구 도봉로3길 9-10,탕 / 찌개 / 전골,만원 미만,7,
39,솔샘길기사식당,서울특별시 성북구 보국문로 101,한정식 / 백반 / 정통 한식,만원 미만,5,
40,밀양손칼국수,서울특별시 성북구 동소문로26길 13,국수 / 면 요리,만원 미만,5,
41,마전터,서울특별시 성북구 혜화로 82-2,한정식 / 백반 / 정통 한식,만원 미만,4,
42,성북설렁탕,서울특별시 성북구 성북로 147,탕 / 찌개 / 전골,만원 미만,1,
43,싸움의고수,서울특별시 성북구 인촌로24가길 1,고기 요리,만원 미만,9,
44,떡뽀이,서울특별시 성북구 개운사길 22-6,기타 한식,만원 미만,10,
45,이상조전통만두국,서울특별시 성북구 인촌로8길 67,한정식 / 백반 / 정통 한식,만원 미만,5,
46,김만희분식,서울특별시 성북구 오패산로4길 37,기타 한식,만원 미만,9,
47,버들국수,서울특별시 성북구 화랑로40길 39,국수 / 면 요리,만원 미만,5,
48,바르다김선생,서울특별시 성북구 성북로 11,기타 한식,만원 미만,1,
49,미향,서울특별시 성북구 동소문로23길 20,한정식 / 백반 / 정통 한식,만원 미만,3,
50,돈암동찌개,서울특별시 성북구 동소문로20나길 34,탕 / 찌개 / 전골,만원 미만,3,
51,공식당,서울특별시 성북구 종암로21길 81-4,탕 / 찌개 / 전골,만원 미만,2,
52,990한줄애김밥,서울특별시 성북구 아리랑로 23 1F,기타 한식,만원 미만,1,
53,토로생선구이,서울특별시 성북구 고려대로28길 14-1,한정식 / 백반 / 정통 한식,만원-2만원,11,4.4
54,성북동집,서울특별시 성북구 성북로24길 4,국수 / 면 요리,만원-2만원,25,4.3
55,달밝은집,서울특별시 성북구 정릉로6길 35 ,고기 요리,만원-2만원,7,4.3
56,성북동면옥집,서울특별시 성북구 대사관로 40,국수 / 면 요리,만원-2만원,46,4.2
57,한상차림밥상,서울특별시 성북구 고려대로8길 35 1F,한정식 / 백반 / 정통 한식,만원-2만원,20,4.2
58,제주고깃집,서울특별시 성북구 안암로 69-1,고기 요리,만원-2만원,5,4.2
59,동선식당,서울특별시 성북구 보문로30라길 9,고기 요리,만원-2만원,9,4.2
60,김통,서울특별시 성북구 동소문로23길 12,고기 요리,만원-2만원,26,4.1
61,모소리,서울특별시 성북구 삼양로 13,고기 요리,만원-2만원,11,4.1
62,청수장,서울특별시 성북구 정릉로 237-2,고기 요리,만원-2만원,12,4.0
63,할매숯불닭갈비,서울특별시 성북구 동소문로20길 37-5,닭 / 오리 요리,만원-2만원,15,4.0
64,안암아줌마치킨,서울특별시 성북구 고려대로24길 37,닭 / 오리 요리,만원-2만원,5,4.0
65,선동보리밥,서울특별시 성북구 성북로 134-4,한정식 / 백반 / 정통 한식,만원-2만원,5,3.9
66,천막집,서울특별시 성북구 보문로30길 31 1F,고기 요리,만원-2만원,5,3.8
67,하단,서울특별시 성북구 성북로6길 14,탕 / 찌개 / 전골,만원-2만원,20,3.7
68,창신동매운족발,서울특별시 성북구 한천로78길 57,고기 요리,만원-2만원,17,3.7
69,등촌샤브칼국수,서울특별시 성북구 개운사길 11,탕 / 찌개 / 전골,만원-2만원,10,3.3
70,쭈꾸미달인,서울특별시 성북구 동소문로20나길 40,해산물 요리,만원-2만원,7,
71,밥짓고티우림,서울특별시 성북구 성북로2길 15,한정식 / 백반 / 정통 한식,만원-2만원,9,
72,정가네지짐이,서울특별시 성북구 아리랑로19길 20,한정식 / 백반 / 정통 한식,만원-2만원,7,
73,종로곱창철판닭갈비,서울특별시 성북구 동소문로6길 8,고기 요리,만원-2만원,3,
74,마실참숯불생고기집,서울특별시 성북구 종암로38길 41-2,고기 요리,만원-2만원,6,
75,백두한우곱창,서울특별시 성북구 보문로 55,탕 / 찌개 / 전골,만원-2만원,7,
76,꾸이꾸이멱살,서울특별시 성북구 동소문로22길 25-3 1F,고기 요리,만원-2만원,3,
77,화야,서울특별시 성북구 종암로28길 7,고기 요리,만원-2만원,4,
78,구백집,서울특별시 성북구 삼선교로16길 22,닭 / 오리 요리,만원-2만원,2,
79,오징어한마리매운떡볶이,서울특별시 성북구 화랑로13길 28,기타 한식,만원-2만원,4,
80,성북동소곱창,서울특별시 성북구 성북로 57-1,고기 요리,만원-2만원,2,
81,인생전집,서울특별시 성북구 보문로38길 11 돈암동일하이빌 1F 113호,한정식 / 백반 / 정통 한식,만원-2만원,3,
82,봉추찜닭,서울특별시 성북구 인촌로24길 3-3,닭 / 오리 요리,만원-2만원,2,
83,영자네곱창,서울특별시 성북구 장위로 40 ,고기 요리,만원-2만원,1,
84,불타는소금구이,서울특별시 성북구 보문로30길 43-3,고기 요리,만원-2만원,3,
85,돈가래,서울특별시 성북구 성북로2길 56,고기 요리,만원-2만원,6,
86,두메산골쌈밥,서울특별시 성북구 화랑로 119-9,한정식 / 백반 / 정통 한식,만원-2만원,3,
87,팔백집,서울특별시 성북구 고려대로27길 3,고기 요리,만원-2만원,6,
88,이향,서울특별시 성북구 성북로26길 13,한정식 / 백반 / 정통 한식,만원-2만원,6,
89,잭아저씨족발&보쌈,서울특별시 성북구 동소문로22길 57-3,고기 요리,만원-2만원,4,
90,원진노기순청국장,서울특별시 성북구 안암로9가길 94 1F,고기 요리,만원-2만원,1,
91,한마리채 서서갈비,서울특별시 성북구 동소문로20길 37,고기 요리,만원-2만원,4,
92,청년고기장수,서울특별시 성북구 화랑로13길 8 2F,고기 요리,만원-2만원,2,
93,우리맛곱창,서울특별시 성북구 보국문로11길 21-4,고기 요리,만원-2만원,2,
94,무한리필고기굼터,서울특별시 성북구 보국문로11가길 1,고기 요리,만원-2만원,1,
95,김과장고깃집,서울특별시 성북구 한천로78길 46,고기 요리,만원-2만원,1,
96,노랑통닭,서울특별시 성북구 인촌로26길 12,닭 / 오리 요리,만원-2만원,3,
97,뚜레곱창,서울특별시 성북구 동소문로20길 28-4,고기 요리,만원-2만원,2,
98,돼야지,서울특별시 성북구 인촌로24가길 12,고기 요리,만원-2만원,2,
99,왕십리불난막창,서울특별시 성북구 삼선교로2길 11,고기 요리,만원-2만원,1,
100,나의장어,서울특별시 성북구 삼선교로24길 18 1F,해산물 요리,만원-2만원,1,
101,신의한수 매운갈비찜,서울특별시 성북구 동소문로20나길 26-1,고기 요리,만원-2만원,1,
102,동소문집,서울특별시 성북구 동소문로22길 64,고기 요리,만원-2만원,1,
103,돈암집,서울특별시 성북구 동소문로20길 37-18,고기 요리,만원-2만원,1,
104,고품콩,서울특별시 성북구 안암로 87-5,고기 요리,만원-2만원,5,
105,오빠곱창,서울특별시 성북구 동소문로22길 29-4,고기 요리,만원-2만원,2,
106,걸작떡볶이치킨,서울특별시 성북구 화랑로5길 91,기타 한식,만원-2만원,2,
107,옛골,서울특별시 성북구 동소문로22길 60,고기 요리,만원-2만원,1,
108,형제곱창,서울특별시 성북구 정릉로36길 7-1,고기 요리,만원-2만원,1,
109,전곱,서울특별시 성북구 동소문로2길 63,고기 요리,만원-2만원,1,
110,원조닭한마리,서울특별시 성북구 개운사길 22-3 2F,닭 / 오리 요리,만원-2만원,13,
111,원조한방삼계탕,서울특별시 성북구 인촌로1길 92,탕 / 찌개 / 전골,만원-2만원,4,
112,전주완산골,서울특별시 성북구 고려대로 84,한정식 / 백반 / 정통 한식,만원-2만원,2,
113,일번지정육식당,서울특별시 성북구 화랑로 254 대성프라자 1F,고기 요리,만원-2만원,2,
114,금테두른구공탄,서울특별시 성북구 월곡로5길 63,고기 요리,만원-2만원,2,
115,대마족발,서울특별시 성북구 동소문로22길 72,고기 요리,만원-2만원,2,
116,적벽가,서울특별시 성북구 동소문로17길 29,한정식 / 백반 / 정통 한식,만원-2만원,1,
117,우가네황칠맛나,서울특별시 성북구 화랑로15길 12,고기 요리,만원-2만원,1,
118,황해옥감자탕,서울특별시 성북구 보문로40길 23,탕 / 찌개 / 전골,만원-2만원,1,
119,동원생돼지연탄구이,서울특별시 성북구 화랑로9길 42 1F,고기 요리,만원-2만원,1,
120,영석이네,서울특별시 성북구 보문로38길 43,고기 요리,만원-2만원,1,
121,바람난오리궁뎅이,서울특별시 성북구 보국문로29길 15,닭 / 오리 요리,2만원-3만원,10,4.3
122,갈비명가이상,서울특별시 성북구 정릉로 364,고기 요리,2만원-3만원,8,3.5
123,성북동디너쑈,서울특별시 성북구 창경궁로43길 6,퓨전 한식,2만원-3만원,15,3.3
124,자작나무,서울특별시 성북구 정릉로10길 107 1-2F,고기 요리,2만원-3만원,2,
125,남해바다마차,서울특별시 성북구 한천로78길 71,해산물 요리,2만원-3만원,4,
126,소한마리정육식당,서울특별시 성북구 정릉로 165,고기 요리,2만원-3만원,2,
127,오백집모자족발,서울특별시 성북구 동소문로20길 20,고기 요리,2만원-3만원,11,
128,정릉회관,서울특별시 성북구 솔샘로12길 1 1F,고기 요리,2만원-3만원,2,
129,큰대문집,서울특별시 성북구 종암로14길 6-21,고기 요리,2만원-3만원,5,
130,머구리,서울특별시 성북구 한천로78길 47,해산물 요리,2만원-3만원,2,
131,유성집,서울특별시 성북구 안암로 117,고기 요리,2만원-3만원,3,
132,정통집,서울특별시 성북구 동소문로20길 29-20,고기 요리,2만원-3만원,2,
133,이가네정육식당,서울특별시 성북구 숭인로 66-1,고기 요리,2만원-3만원,2,
134,이차돌,서울특별시 성북구 돌곶이로 62 1F,고기 요리,2만원-3만원,2,
135,모심,서울특별시 성북구 개운사길 8 3F,한정식 / 백반 / 정통 한식,2만원-3만원,4,
136,한상,서울특별시 성북구 화랑로 248 장위뉴타워 13F,한정식 / 백반 / 정통 한식,2만원-3만원,2,
137,어리랑,서울특별시 성북구 삼선교로23길 3,해산물 요리,2만원-3만원,1,
138,두리만횟집,서울특별시 성북구 보국문로11길 24,해산물 요리,2만원-3만원,1,
139,제주고깃집,서울특별시 성북구 보문로 144 1F,고기 요리,2만원-3만원,1,
140,담박닭한마리,서울특별시 성북구 돌곶이로 213 ,닭 / 오리 요리,2만원-3만원,1,
141,장원산꽃게,서울특별시 성북구 오패산로 13,해산물 요리,2만원-3만원,3,
142,민물장어셀프구이,서울특별시 성북구 오패산로10길 30 102호,해산물 요리,2만원-3만원,2,
143,토담능이백숙,서울특별시 성북구 돌곶이로 60,닭 / 오리 요리,2만원-3만원,2,
144,성한가든,서울특별시 성북구 삼선교로 40,고기 요리,2만원-3만원,1,
145,다돈참숯화로구이,서울특별시 성북구 안암로 65,고기 요리,2만원-3만원,1,
146,광동수산조개구이,서울특별시 성북구 회기로 3,해산물 요리,2만원-3만원,3,
147,만복식당,서울특별시 성북구 개운사길 34,고기 요리,2만원-3만원,3,
148,최고의집칼국수,서울특별시 성북구 성북로14길 4 종암빌딩 2F,국수 / 면 요리,2만원-3만원,1,
149,군산아구찜,서울특별시 성북구 돌곶이로 164,해산물 요리,2만원-3만원,1,
150,손가네민물장어,서울특별시 성북구 삼양로 26,해산물 요리,2만원-3만원,1,
151,생조개구이,서울특별시 성북구 동소문로23길 23,해산물 요리,2만원-3만원,1,
152,유래,서울특별시 성북구 보국문로11길 8,해산물 요리,2만원-3만원,1,
153,응담말,서울특별시 성북구 동소문로20나길 39,고기 요리,2만원-3만원,1,
154,조개까는총각네,서울특별시 성북구 보문로38길 25,해산물 요리,2만원-3만원,1,
155,종암참숯장어구이,서울특별시 성북구 종암로 63,해산물 요리,2만원-3만원,1,
156,대파곱창,서울특별시 성북구 보문로38길 37,고기 요리,2만원-3만원,1,
157,영자네곱창,서울특별시 성북구 화랑로25길 15,고기 요리,2만원-3만원,1,
158,서리재,서울특별시 성북구 동소문로 315 현대백화점 미아점 9F,고기 요리,2만원-3만원,1,
159,숙수도가,서울특별시 성북구 동소문로17길 28,고기 요리,3만원-4만원,3,
160,국화정원,서울특별시 성북구 성북로 154,한정식 / 백반 / 정통 한식,4만원 이상,4,
161,태성식당,서울특별시 성북구 화랑로33길 38,고기 요리,3만원-4만원,7,
162,삼청각,서울특별시 성북구 대사관로 3,한정식 / 백반 / 정통 한식,4만원 이상,5,
163,오리사냥,서울특별시 성북구 북악산로 813,닭 / 오리 요리,3만원-4만원,1,
164,갈비명가이상,서울특별시 성북구 정릉로 395,고기 요리,3만원-4만원,7,
165,능이회관,서울특별시 성북구 한천로 578,닭 / 오리 요리,4만원 이상,1,
166,장위동유성집,서울특별시 성북구 화랑로37길 32,고기 요리,3만원-4만원,3,
167,셀프장어세상,서울특별시 성북구 정릉로 240,해산물 요리,4만원 이상,1,
168,삼홍,서울특별시 성북구 삼선교로 75,고기 요리,3만원-4만원,1,
169,한우누렁소,서울특별시 성북구 동소문로20가길 46,고기 요리,3만원-4만원,1,
170,카레,서울특별시 성북구 성북로 62-1,돈부리 / 일본 카레 / 벤토,만원 미만,50,4.6
171,야마토텐동,서울특별시 성북구 고려대로28길 2,돈부리 / 일본 카레 / 벤토,만원 미만,33,4.0
172,소담,서울특별시 성북구 지봉로24길 31,라멘 / 소바 / 우동,만원 미만,9,3.6
173,쿠이도라쿠라멘,서울특별시 성북구 안암로 103,라멘 / 소바 / 우동,만원 미만,29,3.4
174,도쿄커틀릿,서울특별시 성북구 동소문로22길 57-1,까스 요리,만원 미만,16,3.4
175,백소정,서울특별시 성북구 개운사길 30 2F,정통 일식 / 일반 일식,만원 미만,13,3.3
176,미아리우동집,서울특별시 성북구 종암로 178,라멘 / 소바 / 우동,만원 미만,6,3.3
177,나카노라멘,서울특별시 성북구 동소문로24길 27,라멘 / 소바 / 우동,만원 미만,10,3.2
178,상미규카츠,서울특별시 성북구 동소문로20길 39,정통 일식 / 일반 일식,만원 미만,12,3.1
179,토라돈부리,서울특별시 성북구 동소문로22길 33-1,돈부리 / 일본 카레 / 벤토,만원 미만,10,
180,긴자료코,서울특별시 성북구 보문로34가길 5,까스 요리,만원 미만,3,
181,이공탄,서울특별시 성북구 안암로 73-5,까스 요리,만원 미만,3,
182,스타동,서울특별시 성북구 삼선교로16길 40,돈부리 / 일본 카레 / 벤토,만원 미만,3,
183,멘부리,서울특별시 성북구 개운사길 22-4,라멘 / 소바 / 우동,만원 미만,3,
184,가야가야,서울특별시 성북구 동소문로22길 57-10,라멘 / 소바 / 우동,만원 미만,3,
185,치치,서울특별시 성북구 동소문로20길 37-12,퓨전 일식,만원 미만,2,
186,윤휘식당,서울특별시 성북구 보문로34길 70,정통 일식 / 일반 일식,만원-2만원,5,3.6
187,김태완의 초밥좋은날,서울특별시 성북구 동소문로20길 32,회 / 스시,만원-2만원,20,3.5
188,동경산책,서울특별시 성북구 보문로34길 45,회 / 스시,만원-2만원,5,3.2
189,사보텐,서울특별시 성북구 동소문로 315 현대백화점 미아점 9F,까스 요리,만원-2만원,4,
190,사보텐,서울특별시 성북구 인촌로24길 48 1F,정통 일식 / 일반 일식,만원-2만원,4,
191,혼술주점 혜화동,서울특별시 성북구 보문로30라길 5-2,이자카야 / 오뎅 / 꼬치,만원-2만원,2,
192,스시토로,서울특별시 성북구 개운사길 19,회 / 스시,만원-2만원,8,
193,정릉긴타로,서울특별시 성북구 솔샘로4길 38-22,이자카야 / 오뎅 / 꼬치,만원-2만원,2,
194,사카모리,서울특별시 성북구 아리랑로4길 15,이자카야 / 오뎅 / 꼬치,만원-2만원,3,
195,오성초밥,서울특별시 성북구 화랑로 261,회 / 스시,만원-2만원,1,
196,스시현,서울특별시 성북구 오패산로4길 32 은혜타워,회 / 스시,만원-2만원,3,
197,오월키친,서울특별시 성북구 고려대로 35 1F,이자카야 / 오뎅 / 꼬치,만원-2만원,2,
198,식샤,서울특별시 성북구 성북로5길 15 1F,정통 일식 / 일반 일식,만원-2만원,5,
199,스시로,서울특별시 성북구 동소문로 315 현대백화점 미아점 9F,회 / 스시,만원-2만원,2,
200,돈카와치,서울특별시 성북구 보문로34길 95,까스 요리,만원-2만원,3,
201,스시히카리,서울특별시 성북구 정릉로 255-4,회 / 스시,만원-2만원,2,
202,스시와다,서울특별시 성북구 보문로 128,회 / 스시,만원-2만원,4,
203,보문7,서울특별시 성북구 보문로 38 세진빌딩 1F,이자카야 / 오뎅 / 꼬치,만원-2만원,2,
204,와우철판,서울특별시 성북구 동소문로 315 현대백화점 미아점 9F,철판 요리,만원-2만원,1,
205,최우수,서울특별시 성북구 동소문로2길 55,기타 일식,만원-2만원,1,
206,강동수 초밥,서울특별시 성북구 솔샘로4길 12-1,회 / 스시,만원-2만원,2,
207,석이네스시초밥집,서울특별시 성북구 고려대로28길 7-6,회 / 스시,만원-2만원,3,
208,모노스시,서울특별시 성북구 안암로9가길 76 ,회 / 스시,만원-2만원,1,
209,미우,서울특별시 성북구 인촌로7길 84-9,기타 일식,만원-2만원,1,
210,정담초밥,서울특별시 성북구 삼양로 62 1F,회 / 스시,만원-2만원,1,
211,동's 꼬지,서울특별시 성북구 안암로 103 1F,이자카야 / 오뎅 / 꼬치,만원-2만원,1,
212,스시빈,서울특별시 성북구 화랑로 105,회 / 스시,만원-2만원,2,
213,정담초밥,서울특별시 성북구 장월로 144 1F,회 / 스시,만원-2만원,3,
214,홍연집,서울특별시 성북구 삼선교로 44,회 / 스시,만원-2만원,1,
215,시올돈,서울특별시 성북구 성북로5길 20 1F,까스 요리,만원-2만원,1,
216,주락,서울특별시 성북구 정릉로10길 62,이자카야 / 오뎅 / 꼬치,만원-2만원,1,
217,미소초밥,서울특별시 성북구 개운사길 19 1F,회 / 스시,만원-2만원,1,
218,스시진,서울특별시 성북구 동소문로20가길 54,회 / 스시,만원-2만원,1,
219,The 카우보이,서울특별시 성북구 인촌로26길 55,기타 일식,만원-2만원,2,
220,무사,서울특별시 성북구 인촌로26길 42-2,이자카야 / 오뎅 / 꼬치,만원-2만원,1,
221,스시와사비,서울특별시 성북구 오패산로3길 17 동신상가 1F,회 / 스시,만원-2만원,1,
222,스시진,서울특별시 성북구 안암로 69-1,회 / 스시,만원-2만원,1,
223,The 카우보이,서울특별시 성북구 인촌로26길 55,기타 일식,만원-2만원,2,
224,무사,서울특별시 성북구 인촌로26길 42-2,이자카야 / 오뎅 / 꼬치,만원-2만원,1,
225,스시와사비,서울특별시 성북구 오패산로3길 17 동신상가 1F,회 / 스시,만원-2만원,1,
226,무모한초밥,서울특별시 성북구 동소문로20다길 2 1F 2호,회 / 스시,만원-2만원,1,
227,우정초밥,서울특별시 성북구 종암로3길 31 1F,회 / 스시,2만원-3만원,10,4.4
228,스시산,서울특별시 성북구 성북로 19,회 / 스시,2만원-3만원,10,3.2
229,쿠마,서울특별시 성북구 고려대로26길 9,이자카야 / 오뎅 / 꼬치,2만원-3만원,3,
230,아도겐,서울특별시 성북구 화랑로42길 50,이자카야 / 오뎅 / 꼬치,2만원-3만원,2,
231,정릉맨숀,서울특별시 성북구 솔샘로 10-7 1F,이자카야 / 오뎅 / 꼬치,2만원-3만원,1,
232,서민스시,서울특별시 성북구 화랑로25길 20,회 / 스시,2만원-3만원,2,
233,스시만,서울특별시 성북구 종암로19길 17,회 / 스시,2만원-3만원,1,
234,일락,서울특별시 성북구 성북로 73,이자카야 / 오뎅 / 꼬치,2만원-3만원,1,
235,스시바,서울특별시 성북구 인촌로28길 16,회 / 스시,2만원-3만원,3,
236,곤조,서울특별시 성북구 동소문로20길 29-11 1F,이자카야 / 오뎅 / 꼬치,2만원-3만원,1,
237,다노신,서울특별시 성북구 보문로30라길 5-2,기타 일식,2만원-3만원,1,
238,스시 오오시마 (휴업중),서울특별시 성북구 성북로 74,회 / 스시,4만원 이상,10,4.3
239,스시다온,서울특별시 성북구 한천로80길 51 2F,회 / 스시,3만원-4만원,10,4.2
240,비양도,서울특별시 성북구 성북로 158,정통 일식 / 일반 일식,4만원 이상,1,
241,선우초밥,서울특별시 성북구 동소문로 53 2F,정통 일식 / 일반 일식,4만원 이상,2,
242,마구로산,서울특별시 성북구 성북로 5-1 산빌딩 B1,회 / 스시,3만원-4만원,1,
243,공푸,서울특별시 성북구 삼선교로24길 29,정통 중식 / 일반 중식,만원 미만,5,4.5
244,영순관,서울특별시 성북구 지봉로24길 19,정통 중식 / 일반 중식,만원 미만,9,4.3
245,임금님자장면,서울특별시 성북구 보국문로 91,정통 중식 / 일반 중식,만원 미만,11,4.2
246,안동반점,서울특별시 성북구 고려대로1길 35-1,정통 중식 / 일반 중식,만원 미만,25,4.1
247,라라면가,서울특별시 성북구 동소문로22길 57-25,기타 중식,만원 미만,42,4.0
248,안선생주가,서울특별시 성북구 동소문로20다길 14 2F,정통 중식 / 일반 중식,만원 미만,18,3.9
249,사랑마라탕,서울특별시 성북구 개운사길 21-3,기타 중식,만원 미만,20,3.9
250,언니네반점,서울특별시 성북구 인촌로27길 42,정통 중식 / 일반 중식,만원 미만,17,3.8
251,송림원,서울특별시 성북구 동소문로 25-2,정통 중식 / 일반 중식,만원 미만,10,3.7
252,가부,서울특별시 성북구 보문로 182 1F,정통 중식 / 일반 중식,만원 미만,13,3.6
253,옛날중국집,서울특별시 성북구 성북로8길 8,정통 중식 / 일반 중식,만원 미만,17,3.4
254,보배반점,서울특별시 성북구 보문로34길 39 백옥빌딩,정통 중식 / 일반 중식,만원 미만,6,
255,신진원,서울특별시 성북구 지봉로20길 43,정통 중식 / 일반 중식,만원 미만,2,
256,니뽕내뽕,서울특별시 성북구 동소문로20길 37-19 2F,퓨전 중식,만원 미만,4,
257,일미옥,서울특별시 성북구 개운사길 22-6 B1,정통 중식 / 일반 중식,만원 미만,13,
258,짬뽕지존,서울특별시 성북구 동소문로20길 40 1F,정통 중식 / 일반 중식,만원 미만,1,
259,불맛나는직화짬뽕전문점,서울특별시 성북구 돌곶이로 105,정통 중식 / 일반 중식,만원 미만,2,
260,왕쓰브,서울특별시 성북구 삼선교로24길 38,정통 중식 / 일반 중식,만원 미만,3,
261,공자의식탁,서울특별시 성북구 길음로13길 22 두산위브아파트,정통 중식 / 일반 중식,만원 미만,2,
262,애정마라샹궈,서울특별시 성북구 동소문로24길 23 2F,정통 중식 / 일반 중식,만원-2만원,45,4.3
263,백두산양꼬치구이,서울특별시 성북구 동소문로20다길 24,기타 중식,만원-2만원,15,4.0
264,북경양꼬치,서울특별시 성북구 인촌로24길 3-36 1F,기타 중식,만원-2만원,16,3.9
265,애정훠궈,서울특별시 성북구 동소문로20나길 32 2F,기타 중식,만원-2만원,7,3.7
266,동북참숯양꼬치,서울특별시 성북구 종암로24길 35 종암2차 SK View 상가 103-104호,기타 중식,만원-2만원,2,
267,하오마라,서울특별시 성북구 고려대로27길 24-2 2F,기타 중식,만원-2만원,2,
268,초림정,서울특별시 성북구 동소문로 181 성북성심빌딩,정통 중식 / 일반 중식,만원-2만원,2,
269,멘보샤,서울특별시 성북구 화랑로32길 41 1F,기타 중식,만원-2만원,1,
270,백두산양꼬치구이,서울특별시 성북구 동소문로20다길 24,기타 중식,만원-2만원,15,4.0
271,북경양꼬치,서울특별시 성북구 인촌로24길 3-36 1F,기타 중식,만원-2만원,16,3.9
272,애정훠궈,서울특별시 성북구 동소문로20나길 32 2F,기타 중식,만원-2만원,7,3.7
273,한성대 양꼬치,서울특별시 성북구 동소문로6길 14-31,기타 중식,만원-2만원,3,
274,동북참숯양꼬치,서울특별시 성북구 종암로24길 35 종암2차 SK View 상가 103-104호,기타 중식,만원-2만원,2,
275,미엔아이,서울특별시 성북구 동소문로 315 현대백화점 미아점 9F,기타 중식,만원-2만원,3,
276,하오마라,서울특별시 성북구 고려대로27길 24-2 2F,기타 중식,만원-2만원,2,
277,초림정,서울특별시 성북구 동소문로 181 성북성심빌딩,정통 중식 / 일반 중식,만원-2만원,2,
278,탕화쿵푸마라탕,서울특별시 성북구 고려대로27길 24-2 2F,기타 중식,만원-2만원,1,
279,멘보샤,서울특별시 성북구 화랑로32길 41 1F,기타 중식,만원-2만원,1,
280,호우양꼬치,서울특별시 성북구 동소문로20다길 11,기타 중식,만원-2만원,1,
281,버거파크,서울특별시 성북구 동소문로22길 56-1,브런치 / 버거 / 샌드위치,만원 미만,25,4.1
282,너의냠냠버거,서울특별시 성북구 성북로7길 4,브런치 / 버거 / 샌드위치,만원 미만,28,4.0
283,샐러드프린세스,서울특별시 성북구 화랑로13길 42,기타 양식,만원 미만,23,4.0
284,어흥식당,서울특별시 성북구 고려대로27길 40,스테이크 / 바베큐,만원 미만,10,4.0
285,히포크라테스 스프,서울특별시 성북구 고려대로28길 12-3,브런치 / 버거 / 샌드위치,만원 미만,30,3.9
286,살살솔트앤샐러드,서울특별시 성북구 성북로6길 20 1F,기타 양식,만원 미만,16,3.9
287,프로마치,서울특별시 성북구 인촌로24가길 13,브런치 / 버거 / 샌드위치,만원 미만,20,3.8
288,투고샐러드,서울특별시 성북구 보문로30나길 36,기타 양식,만원 미만,15,3.7
289,마몽함박,서울특별시 성북구 보국문로 92 1F,스테이크 / 바베큐,만원 미만,5,3.7
290,정상호프,서울특별시 성북구 개운사길 2,기타 양식,만원 미만,28,3.7
291,핸썸베이글,서울특별시 성북구 개운사1길 23,기타 양식,만원 미만,10,3.7
292,영철버거,서울특별시 성북구 안암로9가길 100,브런치 / 버거 / 샌드위치,만원 미만,6,3.7
293,마이란,서울특별시 성북구 동소문로22길 33-9 1F,퓨전 양식,만원 미만,8,3.6
294,이웃집라자냐,서울특별시 성북구 오패산로 23,이탈리안,만원 미만,6,3.5
295,이름없는파스타,서울특별시 성북구 동소문로20다길 33,기타 양식,만원 미만,5,3.2
296,샐러데이,서울특별시 성북구 개운사길 45,기타 양식,만원 미만,13,
297,버거스타,서울특별시 성북구 숭인로16길 3,브런치 / 버거 / 샌드위치,만원 미만,2,
298,어펄슨,서울특별시 성북구 개운사길 2 B1,기타 양식,만원 미만,7,
299,성북동테이블,서울특별시 성북구 성북로8길 11,기타 양식,만원 미만,3,
300,아케미,서울특별시 성북구 삼양로8길 5,기타 양식,만원 미만,1,
301,투고샐러드,서울특별시 성북구 인촌로28길 5,기타 양식,만원 미만,6,
302,조아버거,서울특별시 성북구 오패산로4길 58,브런치 / 버거 / 샌드위치,만원 미만,1,
303,궤도에오르다,서울특별시 성북구 보문로34길 72-4,브런치 / 버거 / 샌드위치,만원 미만,2,
304,리얼파스타,서울특별시 성북구 동소문로20다길 15,기타 양식,만원 미만,1,
305,sisisi샐러드,서울특별시 성북구 동소문로6길 4-19 1F,기타 양식,만원 미만,2,
306,호파스타,서울특별시 성북구 동소문로22길 57-12 1F,기타 양식,만원 미만,2,
307,미태리,서울특별시 성북구 길음로13길 22 상가동 B1 217호,이탈리안,만원 미만,1,
308,포크에돌돌,서울특별시 성북구 동소문로22길 47 B1,기타 양식,만원 미만,1,
309,서브웨이,서울특별시 성북구 동소문로 10,브런치 / 버거 / 샌드위치,만원 미만,1,
310,살롱15,서울특별시 성북구 화랑로30길 26,시푸드 요리,만원 미만,1,
311,치폴레옹,서울특별시 성북구 고려대로24길 45 2F,스테이크 / 바베큐,만원 미만,3,
312,dips,서울특별시 성북구 종암로 167 동일하이빌뉴시티상가,브런치 / 버거 / 샌드위치,만원 미만,2,
313,샐러드온,서울특별시 성북구 삼선교로10길 8,기타 양식,만원 미만,2,
314,리틀마나님,서울특별시 성북구 종암로22길 41 1F,기타 양식,만원 미만,1,
315,디어원밀,서울특별시 성북구 보문로 184-6  1F,브런치 / 버거 / 샌드위치,만원 미만,1,
316,노브랜드버거,서울특별시 성북구 고려대로24길 51,브런치 / 버거 / 샌드위치,만원 미만,1,
317,프랭크버거,서울특별시 성북구 길음로7길 6 1F,브런치 / 버거 / 샌드위치,만원 미만,1,
318,플레어비,서울특별시 성북구 길음로 33 길음뉴타운 8단지상가 B동 09호,브런치 / 버거 / 샌드위치,만원 미만,1,
319,요녀석,서울특별시 성북구 삼선교로24길 41 1F,기타 양식,만원 미만,1,
320,날쌘카페,서울특별시 성북구 화랑로32길 21,브런치 / 버거 / 샌드위치,만원 미만,1,
321,퍽앤어니언,서울특별시 성북구 고려대로28길 17-3  101호,브런치 / 버거 / 샌드위치,만원 미만,1,
322,샐러비샐러드,서울특별시 성북구 성북로2길 20 1F,기타 양식,만원 미만,1,
323,KFC,서울특별시 성북구 동소문로20나길 18,기타 양식,만원 미만,1,
324,모짜,서울특별시 성북구 성북로 102,이탈리안,만원-2만원,41,4.4
325,옥돌,서울특별시 성북구 동소문로17길 11,이탈리안,만원-2만원,4,4.4
326,쓰리로보스,서울특별시 성북구 동소문로20다길 25,퓨전 양식,만원-2만원,29,3.7
327,성북동 이안,서울특별시 성북구 성북로5길 29-19 1F,이탈리안,만원-2만원,6,3.7
328,문화식당,서울특별시 성북구 혜화로 88 2F,퓨전 양식,만원-2만원,10,3.7
329,소테,서울특별시 성북구 보문로30길 77,이탈리안,만원-2만원,11,3.6
330,모이리타,서울특별시 성북구 인촌로24길 20 2F,이탈리안,만원-2만원,18,3.6
331,매스플레이트,서울특별시 성북구 개운사길 18 2F,이탈리안,만원-2만원,15,3.5
332,갱상도갱양식,서울특별시 성북구 보문로34길 68-6,스테이크 / 바베큐,만원-2만원,15,3.4
333,마이셰프,서울특별시 성북구 인촌로24가길 14-1,기타 양식,만원-2만원,12,3.4
334,벤베누토,서울특별시 성북구 동소문로20나길 39,이탈리안,만원-2만원,6,
335,목바,서울특별시 성북구 동소문로6길 4-3,스테이크 / 바베큐,만원-2만원,7,
336,파스타펍,서울특별시 성북구 솔샘로6길 62,이탈리안,만원-2만원,5,
337,예술미각,서울특별시 성북구 삼선교로24길 38 B1,브런치 / 버거 / 샌드위치,만원-2만원,4,
338,구름파스타,서울특별시 성북구 보국문로20길 18 대선빌딩,기타 양식,만원-2만원,5,
339,화덕과베토벤,서울특별시 성북구 장월로1길 65,이탈리안,만원-2만원,5,
340,팬쿡,서울특별시 성북구 동소문로24길 37 2F,이탈리안,만원-2만원,8,
341,언앨리셰프,서울특별시 성북구 동소문로24가길 21 B1,이탈리안,만원-2만원,3,
342,테리키친,서울특별시 성북구 보문로39길 4,이탈리안,만원-2만원,3,
343,파세로,서울특별시 성북구 동소문로23길 8-15,이탈리안,만원-2만원,2,
344,라체나1907,서울특별시 성북구 한천로80길 63 1F,이탈리안,만원-2만원,3,
345,호랑이술상,서울특별시 성북구 고려대로26길 55 2F,퓨전 양식,만원-2만원,2,
346,아삐에디,서울특별시 성북구 보문로34길 7-4,이탈리안,만원-2만원,1,
347,부부셰프,서울특별시 성북구 성북로2길 21,이탈리안,만원-2만원,1,
348,성북동함박스테이크,서울특별시 성북구 성북로 132-1,스테이크 / 바베큐,만원-2만원,1,
349,Wnch,서울특별시 성북구 고려대로7길 48  1F,퓨전 양식,만원-2만원,1,
350,Asap Pizza,서울특별시 성북구 동소문로20다길 34 B1,기타 양식,만원-2만원,1,
351,쌀루떼 비건스토어,서울특별시 성북구 장월로23길 47-3 ,브런치 / 버거 / 샌드위치,만원-2만원,1,
352,쿠쿠치치,서울특별시 성북구 삼선교로10길 15,퓨전 양식,만원-2만원,1,
353,라메사,서울특별시 성북구 길음로15가길 3,이탈리안,만원-2만원,1,
354,서오릉피자,서울특별시 성북구 아리랑로 89 ,기타 양식,만원-2만원,1,
355,핏짜피자,서울특별시 성북구 화랑로11길 31 2F,퓨전 양식,만원-2만원,1,
356,이태리맨션,서울특별시 성북구 동소문로26마길 2-8 1F,이탈리안,만원-2만원,2,
357,까사디바포,서울특별시 성북구 보문로34길 80 2F,이탈리안,만원-2만원,1,
358,샐러몬 샐러드,서울특별시 성북구 돌곶이로22나길 28,기타 양식,만원-2만원,1,
359,미스터피자,서울특별시 성북구 인촌로24길 58-5,기타 양식,만원-2만원,1,
360,동선물망초,서울특별시 성북구 보문로30라길 5-2 B1,퓨전 양식,만원-2만원,1,
361,오스테리아치티,서울특별시 성북구 성북로5길 12 101호,이탈리안,2만원-3만원,10,4.2
362,포도집,서울특별시 성북구 정릉로32길 4 1F,이탈리안,2만원-3만원,12,3.8
363,무르무르드구스토,서울특별시 성북구 고려대로 102-2 4F,이탈리안,2만원-3만원,15,3.4
364,이태리총각,서울특별시 성북구 고려대로5길 85,이탈리안,2만원-3만원,11,
365,비너발트,서울특별시 성북구 월곡로 112,기타 양식,2만원-3만원,5,
366,두에꼬제,서울특별시 성북구 성북로19길 9,이탈리안,2만원-3만원,1,
367,오스테리아치티,서울특별시 성북구 성북로5길 12 101호,이탈리안,2만원-3만원,10,4.2
368,포도집,서울특별시 성북구 정릉로32길 4 1F,이탈리안,2만원-3만원,12,3.8
369,이태리총각,서울특별시 성북구 고려대로5길 85,이탈리안,2만원-3만원,11,
370,비너발트,서울특별시 성북구 월곡로 112,기타 양식,2만원-3만원,5,
371,두에꼬제,서울특별시 성북구 성북로19길 9,이탈리안,2만원-3만원,1,
372,매드포갈릭,서울특별시 성북구 동소문로 315 현대백화점 미아점 9F,이탈리안,2만원-3만원,3,
373,HESTORY,서울특별시 성북구 고려대로5길 89 2F,스테이크 / 바베큐,2만원-3만원,2,
374,꽌부이,서울특별시 성북구 인촌로27길 28,베트남 음식,만원 미만,10,3.8
375,라이라이라이,서울특별시 성북구 보문로34길 76,베트남 음식,만원 미만,10,3.7
376,베나레스,서울특별시 성북구 인촌로24길 27,인도 음식,만원 미만,20,3.4
377,포앤시드니,서울특별시 성북구 보문로34길 77 201호,베트남 음식,만원 미만,6,
378,누들아한타이,서울특별시 성북구 화랑로13길 10,베트남 음식,만원 미만,9,
379,프릭타이,서울특별시 성북구 회기로 7,태국 음식,만원 미만,3,
380,트라타,서울특별시 성북구 인촌로28길 14,남미 음식,만원 미만,4,
381,리틀방콕,서울특별시 성북구 길음로 33 길음뉴타운 상가 B동 228호,태국 음식,만원 미만,1,
382,포썸,서울특별시 성북구 동소문로 125,베트남 음식,만원 미만,2,
383,미스사이공,서울특별시 성북구 동소문로20가길 14,베트남 음식,만원 미만,4,
384,포몬스,서울특별시 성북구 인촌로24길 9,베트남 음식,만원 미만,2,
385,72420,서울특별시 성북구 동소문로24길 13 1F,베트남 음식,만원 미만,2,
386,밀플랜비,서울특별시 성북구 개운사길 52 1F,남미 음식,만원 미만,1,
387,슬로우캘리,서울특별시 성북구 동소문로 9-2  1F,세계음식 기타,만원 미만,1,
388,아시안콘티낸탈쿠진,서울특별시 성북구 고려대로24길 56 B1,인도 음식,만원 미만,1,
389,베트남쌀국수,서울특별시 성북구 월곡로5길 80,베트남 음식,만원 미만,1,
390,굿포유쌀국수,서울특별시 성북구 종암로25길 8,베트남 음식,만원 미만,1,
391,베트남노상식당,서울특별시 성북구 고려대로26길 42-1  1F,베트남 음식,만원 미만,1,
392,아얌,서울특별시 성북구 삼선교로 20-1,다국적 아시아 음식,만원 미만,1,
393,동방,서울특별시 성북구 보문로30라길 20  1F,베트남 음식,만원 미만,1,
394,도이칠란드 박,서울특별시 성북구 솔샘로6길 30-15 1F,세계음식 기타,만원-2만원,20,4.6
395,오샬,서울특별시 성북구 인촌로24길 6 문원빌딩 3F,인도 음식,만원-2만원,30,4.1
396,퍼틴,서울특별시 성북구 동소문로 315 현대백화점 미아점 9F,베트남 음식,만원-2만원,5,3.7
397,조비스그릴,서울특별시 성북구 성북로 110,다국적 아시아 음식,만원-2만원,7,3.6
398,봉파레트,서울특별시 성북구 성북로 57-1,세계음식 기타,만원-2만원,10,
399,뽀르께노 스페니쉬비스트로,서울특별시 성북구 동소문로6길 4-21 1F,세계음식 기타,만원-2만원,2,
400,비나레스토랑,서울특별시 성북구 고려대로24길 3-42,인도 음식,만원-2만원,3,
401,근처식당,서울특별시 성북구 회기로3길 2,다국적 아시아 음식,만원-2만원,6,
402,카오산,서울특별시 성북구 삼선교로23길 7,태국 음식,만원-2만원,1,
403,엉터리생고기,서울특별시 성북구 동소문로20나길 48,뷔페,만원-2만원,1,
404,베누스타76,서울특별시 성북구 도봉로 1,뷔페,3만원-4만원,1,
405,밀곳간,서울특별시 성북구 성북로18길 19,베이커리,만원 미만,9,4.3
406,동병상련,서울특별시 성북구 정릉로10길 42-6,카페 / 디저트,만원 미만,7,4.2
407,일상,서울특별시 성북구 성북로 106,카페 / 디저트,만원 미만,22,4.1
408,샤뽀블랑,서울특별시 성북구 성북로 60,베이커리,만원 미만,15,4.1
409,디프커피,서울특별시 성북구 동소문로26가길 56,카페 / 디저트,만원 미만,7,4.1
410,와플앨리,서울특별시 성북구 인촌로28길 21 1F,카페 / 디저트,만원 미만,15,4.1
411,디어브레드,서울특별시 성북구 개운사1길 29,베이커리,만원 미만,30,4.0
412,루틴,서울특별시 성북구 보문로34가길 6 1F,카페 / 디저트,만원 미만,13,4.0
413,오버스토리,서울특별시 성북구 선잠로2다길 13-13 B1,카페 / 디저트,만원 미만,5,4.0
414,모던양갱집,서울특별시 성북구 보국문로16길 72,카페 / 디저트,만원 미만,5,4.0
415,바스크,서울특별시 성북구 삼양로9길 10-2,카페 / 디저트,만원 미만,9,4.0
416,그릭데이,서울특별시 성북구 고려대로24길 45 1F,카페 / 디저트,만원 미만,7,4.0
417,블랑제메종북악,서울특별시 성북구 성북로 156,카페 / 디저트,만원 미만,10,3.9
418,해로커피,서울특별시 성북구 성북로 19-3,카페 / 디저트,만원 미만,5,3.9
419,제뉴어리피크닉,서울특별시 성북구 창경궁로43길 26,카페 / 디저트,만원 미만,14,3.9
420,모블러,서울특별시 성북구 동소문로26다길 26 1F,카페 / 디저트,만원 미만,18,3.9
421,리이케,서울특별시 성북구 보문로34가길 24,카페 / 디저트,만원 미만,15,3.9
422,카페그레도,서울특별시 성북구 화랑로 304 1F,카페 / 디저트,만원 미만,10,3.9
423,죠셉의커피나무,서울특별시 성북구 성북로31길 65,카페 / 디저트,만원 미만,10,3.9
424,우주제빵소,서울특별시 성북구 성북로28길 13,베이커리,만원 미만,6,3.9
425,더홈서울,서울특별시 성북구 인촌로1길 87,카페 / 디저트,만원 미만,10,3.9
426,유목커피바,서울특별시 성북구 동소문로24길 47 2F,카페 / 디저트,만원 미만,6,3.9
427,달콤한위로,서울특별시 성북구 창경궁로43길 24,카페 / 디저트,만원 미만,7,3.9
428,와플앨리,서울특별시 성북구 보문로34길 68-3,카페 / 디저트,만원 미만,16,3.9
429,캘린더커피스탠드,서울특별시 성북구 고려대로 40 1F,카페 / 디저트,만원 미만,8,3.9
430,슬로우브레드파파,서울특별시 성북구 보문로30나길 29,카페 / 디저트,만원 미만,12,3.9
431,그릭데이,서울특별시 성북구 보문로34길 66,카페 / 디저트,만원 미만,9,3.9
432,로스디아스,서울특별시 성북구 동소문로22길 67 2F,카페 / 디저트,만원 미만,28,3.8
433,메종드루즈,서울특별시 성북구 보문로34길 68-5 1F,카페 / 디저트,만원 미만,15,3.8
434,커피명가,서울특별시 성북구 안암로5길 40,카페 / 디저트,만원 미만,12,3.8
435,폴드커피,서울특별시 성북구 종암로 214-3,카페 / 디저트,만원 미만,9,3.8
436,카페58.4,서울특별시 성북구 성북로16길 4-13,카페 / 디저트,만원 미만,9,3.8
437,58도씨,서울특별시 성북구 인촌로26길 42-2,카페 / 디저트,만원 미만,21,3.8
438,본크레페,서울특별시 성북구 동소문로20다길 30,카페 / 디저트,만원 미만,14,3.8
439,황준호베이커리,서울특별시 성북구 고려대로 86,베이커리,만원 미만,10,3.8
440,알렉스더커피,서울특별시 성북구 성북로28길 9,카페 / 디저트,만원 미만,25,3.7
441,나폴레옹과자점,서울특별시 성북구 성북로 7,베이커리,만원 미만,56,3.7
442,카페 원오프,서울특별시 성북구 동소문로22길 57-4 2F,카페 / 디저트,만원 미만,10,3.7
443,비나케이크,서울특별시 성북구 보문로30길 12 101호,카페 / 디저트,만원-2만원,5,4.1
444,수연산방,서울특별시 성북구 성북로26길 8,카페 / 디저트,만원-2만원,35,3.7
445,제이스케이크,서울특별시 성북구 성북로31길 85-5 1F,카페 / 디저트,만원-2만원,8,
446,도쿄빙수,서울특별시 성북구 동소문로20다길 26 1F,카페 / 디저트,만원-2만원,1,
447,라운지32,서울특별시 성북구 화랑로32길 163-1,카페 / 디저트,만원-2만원,1,
448,아모르파티,서울특별시 성북구 월곡로18길 7,카페 / 디저트,만원-2만원,1,
449,누브티스,서울특별시 성북구 선잠로 42,카페 / 디저트,2만원-3만원,5,
450,춘자,서울특별시 성북구 인촌로26길 42-2,일반 주점,만원 미만,5,3.9
451,청춘예찬,서울특별시 성북구 동소문로20길 29-14,치킨 / 호프 / 펍,만원 미만,10,
452,포테이토101,서울특별시 성북구 동소문로22길 39-5,치킨 / 호프 / 펍,만원 미만,9,
453,오늘와인한잔,서울특별시 성북구 보문로34길 56,칵테일 / 와인,만원 미만,5,
454,박군포차,서울특별시 성북구 인촌로26길 34,전통 주점 / 포차,만원 미만,8,
455,뉴욕야시장,서울특별시 성북구 고려대로24길 11,치킨 / 호프 / 펍,만원 미만,2,
456,거품,서울특별시 성북구 개운사길 12 B1,칵테일 / 와인,만원 미만,1,
457,가운뎃집,서울특별시 성북구 동소문로6길 20-23,치킨 / 호프 / 펍,만원 미만,1,
458,골목집,서울특별시 성북구 고려대로 93,전통 주점 / 포차,만원 미만,3,
459,동네요리사,서울특별시 성북구 화랑로15길 28,일반 주점,만원 미만,2,
460,천원의행복,서울특별시 성북구 보국문로11길 13,일반 주점,만원 미만,1,
461,노가리생맥주,서울특별시 성북구 동소문로24길 13 103호,치킨 / 호프 / 펍,만원 미만,1,
462,찬수씨 싼술을 부탁해,서울특별시 성북구 인촌로24길 48,일반 주점,만원 미만,1,
463,"늘,안암",서울특별시 성북구 고려대로24가길 13-2 1F,칵테일 / 와인,만원-2만원,4,
464,비스트로홈,서울특별시 성북구 동소문로22길 25,일반 주점,만원-2만원,3,
465,지금보고싶다,서울특별시 성북구 고려대로26길 42-2 2F,일반 주점,만원-2만원,2,
466,대한맥주집,서울특별시 성북구 동소문로24길 49,치킨 / 호프 / 펍,만원-2만원,4,
467,쵸이양식,서울특별시 성북구 동소문로20나길 24 2F,치킨 / 호프 / 펍,만원-2만원,3,
468,쿠바,서울특별시 성북구 성북로7길 36,치킨 / 호프 / 펍,만원-2만원,3,
469,공간 뒷동산,서울특별시 성북구 삼선교로2길 3,전통 주점 / 포차,만원-2만원,3,
470,다락,서울특별시 성북구 고려대로 95,일반 주점,만원-2만원,2,
471,생활맥주,서울특별시 성북구 보문로30길 43-5,치킨 / 호프 / 펍,만원-2만원,4,
472,노가리슈퍼,서울특별시 성북구 보문로32길 29,치킨 / 호프 / 펍,만원-2만원,4,
473,아지트안암,서울특별시 성북구 고려대로24길 48 B1,칵테일 / 와인,만원-2만원,2,
474,추랑,서울특별시 성북구 보문로36길 20 1F,전통 주점 / 포차,만원-2만원,2,
475,골목집포장마차,서울특별시 성북구 보문로13나길 29,전통 주점 / 포차,만원-2만원,3,
476,탭하우스F64,서울특별시 성북구 성북로 19-1,치킨 / 호프 / 펍,만원-2만원,2,
477,에스키모,서울특별시 성북구 회기로 5,치킨 / 호프 / 펍,만원-2만원,1,
478,나그네파전,서울특별시 성북구 고려대로28길 7-4,전통 주점 / 포차,만원-2만원,3,
479,땡전집,서울특별시 성북구 인촌로24길 24,전통 주점 / 포차,만원-2만원,4,
480,주유소2,서울특별시 성북구 인촌로27길 19,치킨 / 호프 / 펍,만원-2만원,9,
481,성북동막걸리,서울특별시 성북구 동소문로2길 25,전통 주점 / 포차,만원-2만원,2,
482,밤을잊은그대에게,서울특별시 성북구 오패산로4길 74-3,일반 주점,만원-2만원,1,
483,테이블담소,서울특별시 성북구 보문로34길 68-4,칵테일 / 와인,만원-2만원,7,
484,선화슈퍼,서울특별시 성북구 보문로30라길 16,일반 주점,만원-2만원,5,
485,하이로,서울특별시 성북구 보문로30길 35,일반 주점,만원-2만원,4,
486,비스트로이쩜이오,서울특별시 성북구 동소문로22길 57-4,칵테일 / 와인,만원-2만원,1,
487,연리지,서울특별시 성북구 동소문로20다길 11 산정빌딩 2F,일반 주점,만원-2만원,2,
488,버블,서울특별시 성북구 고려대로 103,일반 주점,만원-2만원,8,
489,째즈스토리,서울특별시 성북구 혜화로 88,칵테일 / 와인,만원-2만원,2,
490,코젤다크하우스,서울특별시 성북구 동소문로20길 37-14,치킨 / 호프 / 펍,만원-2만원,1,
491,펍피맥,서울특별시 성북구 한천로78길 43,치킨 / 호프 / 펍,만원-2만원,1,
492,이모네포차,서울특별시 성북구 동소문로 225-3,전통 주점 / 포차,만원-2만원,2,
493,버킷리스트,서울특별시 성북구 동소문로20길 29-5,칵테일 / 와인,만원-2만원,4,
494,홈타운숯불바베큐치킨,서울특별시 성북구 서경로 92,치킨 / 호프 / 펍,만원-2만원,3,
495,별난주점,서울특별시 성북구 인촌로24길 5,치킨 / 호프 / 펍,만원-2만원,4,
496,시작이밤이다,서울특별시 성북구 고려대로 114 1F,일반 주점,만원-2만원,2,
497,토크쇼,서울특별시 성북구 보국문로18길 6,일반 주점,만원-2만원,2,
498,56번가,서울특별시 성북구 고려대로26길 25 1F,일반 주점,만원-2만원,2,
499,달빛자전거,서울특별시 성북구 보문로32길 49,치킨 / 호프 / 펍,만원-2만원,2,
500,반듯한잔,서울특별시 성북구 동소문로22길 80,일반 주점,만원-2만원,1,
501,열린마당,서울특별시 성북구 동소문로2길 27,전통 주점 / 포차,만원-2만원,1,
502,코너바리,서울특별시 성북구 창경궁로 325,치킨 / 호프 / 펍,만원-2만원,1,
503,비하인드,서울특별시 성북구 동소문로6길 16-4,일반 주점,만원-2만원,1,
504,고대인이 애정하는 막걸리,서울특별시 성북구 고려대로26길 14 ,전통 주점 / 포차,만원-2만원,1,
505,두루두루,서울특별시 성북구 종암로3길 18,일반 주점,만원-2만원,1,
506,팔레트,서울특별시 성북구 고려대로26길 42-4 1F,칵테일 / 와인,만원-2만원,1,
507,역전할머니맥주,서울특별시 성북구 고려대로24길 14,치킨 / 호프 / 펍,만원-2만원,1,
508,수라간이야기,서울특별시 성북구 동소문로20다길 4,전통 주점 / 포차,만원-2만원,1,
509,세븐나잇치킨,서울특별시 성북구 화랑로32나길 5,치킨 / 호프 / 펍,만원-2만원,1,
510,멘보샤,서울특별시 성북구 월곡로 59 ,일반 주점,만원-2만원,1,
511,누나네,서울특별시 성북구 돌곶이로26길 14,전통 주점 / 포차,만원-2만원,1,
512,안암주점,서울특별시 성북구 고려대로24길 11 B1,일반 주점,만원-2만원,1,
513,역전할머니맥주,서울특별시 성북구 동소문로20길 37-24,치킨 / 호프 / 펍,만원-2만원,2,
514,만복치킨1810,서울특별시 성북구 고려대로24길 16,일반 주점,만원-2만원,1,
515,바테일러,서울특별시 성북구 아리랑로2길 23,칵테일 / 와인,2만원-3만원,9,4.1
516,로맨틱식탁,서울특별시 성북구 보문로34길 45,일반 주점,2만원-3만원,16,3.5
517,도시포차,서울특별시 성북구 동소문로20길 37-6 1F,전통 주점 / 포차,2만원-3만원,3,
518,지하서재,서울특별시 성북구 보국문로18길 34,치킨 / 호프 / 펍,2만원-3만원,2,
519,봄의정원,서울특별시 성북구 동소문로20길 29-5 B1,칵테일 / 와인,2만원-3만원,2,
520,블루페퍼,서울특별시 성북구 동소문로22길 33-7,칵테일 / 와인,2만원-3만원,2,
521,이모네포차,서울특별시 성북구 종암로36나길 13,전통 주점 / 포차,3만원-4만원,1,
