,가게이름,가게 주소,음식 종류,가격 범위,리뷰개수,평점
0,고삼이,서울특별시 서대문구 연세로7안길 38,한정식 / 백반 / 정통 한식,만원 미만,88,4.3
1,영미김밥,서울특별시 서대문구 신촌역로 21 1F,기타 한식,만원 미만,38,4.3
2,심플리키친,서울특별시 서대문구 이화여대5길 35 107호,기타 한식,만원 미만,25,4.3
3,북성해장국,서울특별시 서대문구 신촌로35길 7,탕 / 찌개 / 전골,만원 미만,5,4.3
4,아콘스톨,서울특별시 서대문구 신촌역로 17 110호,기타 한식,만원 미만,11,4.3
5,이세계는놀이터예요,서울특별시 서대문구 이화여대길 88-15 1F 2호,퓨전 한식,만원 미만,8,4.2
6,가미분식,서울특별시 서대문구 이화여대8길 2,기타 한식,만원 미만,26,4.1
7,대명꼬기,서울특별시 서대문구 명물길 27-15,고기 요리,만원 미만,6,4.1
8,조선의육개장,서울특별시 서대문구 연세로5나길 20,탕 / 찌개 / 전골,만원 미만,83,4.0
9,삭,서울특별시 서대문구 이화여대3길 12,기타 한식,만원 미만,93,4.0
10,오리지날분식,서울특별시 서대문구 이화여대길 88-9,기타 한식,만원 미만,9,4.0
11,만냥하우스,서울특별시 서대문구 성산로 402-1,기타 한식,만원 미만,11,4.0
12,신촌오빠네옛날떡볶이,서울특별시 서대문구 연세로5다길 22-7,기타 한식,만원 미만,8,4.0
13,또보겠지떡볶이집,서울특별시 서대문구 연세로4길 19,기타 한식,만원 미만,79,3.9
14,신촌귀일만두,서울특별시 마포구 신촌로 108,한정식 / 백반 / 정통 한식,만원 미만,8,3.9
15,연희김밥,서울특별시 서대문구 신촌로 61-1 화현빌딩,기타 한식,만원 미만,6,3.9
16,빠빠빠치킨,서울특별시 서대문구 연세로11길 19,닭 / 오리 요리,만원 미만,16,3.8
17,청년국수,서울특별시 서대문구 연세로12길 23,국수 / 면 요리,만원 미만,38,3.7
18,소녀방앗간,서울특별시 서대문구 이화여대길 52-39,한정식 / 백반 / 정통 한식,만원 미만,29,3.7
19,치즈를사랑한찜닭,서울특별시 서대문구 연세로 29,닭 / 오리 요리,만원 미만,23,3.7
20,카우떡볶이,서울특별시 서대문구 이화여대길 88-21,기타 한식,만원 미만,16,3.7
21,유자유김치떡볶이,서울특별시 서대문구 연세로11길 22,기타 한식,만원 미만,19,3.7
22,공릉닭한마리,서울특별시 서대문구 연세로2길 77,닭 / 오리 요리,만원 미만,10,3.7
23,육산,서울특별시 서대문구 이화여대길 42,퓨전 한식,만원 미만,7,3.7
24,어바웃샤브,서울특별시 서대문구 이화여대8길 2,탕 / 찌개 / 전골,만원 미만,11,3.7
25,크리스터치킨,서울특별시 서대문구 연세로11길 30,닭 / 오리 요리,만원 미만,14,3.7
26,신촌 닭한마리 유닭스토리,서울특별시 서대문구 연세로4길 7,닭 / 오리 요리,만원 미만,11,3.7
27,유채우요리사랑,서울특별시 서대문구 연세로 41,한정식 / 백반 / 정통 한식,만원 미만,8,3.7
28,신촌수제비,서울특별시 서대문구 신촌로 87-8,국수 / 면 요리,만원 미만,18,3.6
29,새문순대국,서울특별시 마포구 대흥로 163-1,탕 / 찌개 / 전골,만원 미만,15,3.6
30,김광석신촌칼국수,서울특별시 서대문구 명물길 70 1F,탕 / 찌개 / 전골,만원 미만,9,3.6
31,베지베어,서울특별시 서대문구 신촌역로 25-2 박스퀘어 2F 49호,퓨전 한식,만원 미만,6,3.6
32,도토리칼국수,서울특별시 서대문구 명물길 27-19,국수 / 면 요리,만원 미만,18,3.5
33,맨도롱식당,서울특별시 서대문구 연세로5가길 8-3,국수 / 면 요리,만원 미만,15,3.5
34,설레임삼겹살,서울특별시 서대문구 연세로5가길 31 낙원빌딩 1F,고기 요리,만원 미만,14,3.5
35,형제식당,서울특별시 마포구 신촌로16길 4,기타 한식,만원 미만,8,3.5
36,춘천집닭갈비막국수,서울특별시 서대문구 연세로5가길 1,닭 / 오리 요리,만원 미만,15,3.4
37,엠브로돈까스,서울특별시 서대문구 명물길 26 1F,기타 한식,만원 미만,14,3.4
38,뜸들이다,서울특별시 마포구 백범로 20,기타 한식,만원 미만,16,3.4
39,딸기골분식,서울특별시 서대문구 연대동문길 29,기타 한식,만원 미만,10,3.4
40,화가와요리사,서울특별시 서대문구 성산로 539,기타 한식,만원 미만,16,3.4
41,보승회관,서울특별시 서대문구 연세로5길 26,탕 / 찌개 / 전골,만원 미만,8,3.4
42,돈까스대왕전,서울특별시 서대문구 신촌로 155 해암빌딩 2F,기타 한식,만원 미만,6,3.4
43,디델리,서울특별시 서대문구 이화여대7길 16 2F,기타 한식,만원 미만,10,3.3
44,맛있는순두부&김치찜,서울특별시 서대문구 명물길 36,탕 / 찌개 / 전골,만원 미만,8,3.3
45,독립문설렁탕,서울특별시 서대문구 명물1길 2,탕 / 찌개 / 전골,만원 미만,7,3.3
46,싸움의고수,서울특별시 서대문구 명물길 20 1F,고기 요리,만원 미만,20,3.1
47,꼬꼬아찌숯불치킨,서울특별시 서대문구 연세로9길 16,닭 / 오리 요리,만원 미만,14,2.8
48,신계치,서울특별시 서대문구 명물길 47,기타 한식,만원 미만,13,2.7
49,마포만두,서울특별시 서대문구 신촌로 87-4,한정식 / 백반 / 정통 한식,만원 미만,12,2.7
50,더진국,서울특별시 서대문구 연세로5가길 4,국수 / 면 요리,만원 미만,13,2.7
51,다발김치찌개,서울특별시 서대문구 연세로11길 8 B1,한정식 / 백반 / 정통 한식,만원 미만,4,
52,김종구부산어묵,서울특별시 서대문구 신촌로 187,기타 한식,만원 미만,4,
53,참참참,서울특별시 서대문구 이화여대길 52-31 1F,한정식 / 백반 / 정통 한식,만원 미만,9,
54,따봉이네,서울특별시 서대문구 신촌로 117,기타 한식,만원 미만,8,
55,우리집식당,서울특별시 서대문구 이화여대길 72-6 2F,탕 / 찌개 / 전골,만원 미만,5,
56,예즈지,서울특별시 서대문구 연세로7길 13,닭 / 오리 요리,만원 미만,4,
57,두끼,서울특별시 서대문구 이화여대길 89 2F,기타 한식,만원 미만,3,
58,불밥,서울특별시 서대문구 이화여대8길 11,고기 요리,만원 미만,11,
59,풍국면,서울특별시 서대문구 신촌로 83 현대백화점 신촌점 10F,국수 / 면 요리,만원 미만,5,
60,더도이축산직영점,서울특별시 서대문구 연세로7길 24 1F,고기 요리,만원 미만,4,
61,김삼보김치찌개,서울특별시 서대문구 명물길 62,탕 / 찌개 / 전골,만원 미만,4,
62,맛있는식사,서울특별시 서대문구 이화여대3길 12-6 B1,한정식 / 백반 / 정통 한식,만원 미만,8,
63,청년다방,서울특별시 서대문구 신촌로 139,기타 한식,만원 미만,9,
64,한솔냉면,서울특별시 서대문구 신촌로 83 현대백화점 신촌점 B1,국수 / 면 요리,만원 미만,6,
65,개미집,서울특별시 서대문구 연세로11길 15 1F,해산물 요리,만원 미만,4,
66,백암순대국,서울특별시 서대문구 연세로11길 13,탕 / 찌개 / 전골,만원 미만,7,
67,훼드라,서울특별시 서대문구 연세로5길 32,한정식 / 백반 / 정통 한식,만원 미만,4,
68,신촌설렁탕,서울특별시 서대문구 연세로2길 9,탕 / 찌개 / 전골,만원 미만,1,
69,신촌잔치국수,서울특별시 서대문구 연세로 1,국수 / 면 요리,만원 미만,1,
70,콩불,서울특별시 서대문구 연세로 35,고기 요리,만원 미만,1,
71,호남기사식당,서울특별시 서대문구 북아현로 70,한정식 / 백반 / 정통 한식,만원 미만,1,
72,누들김밥,서울특별시 서대문구 이화여대8길 2,기타 한식,만원 미만,8,
73,장군닭갈비,서울특별시 서대문구 연세로9길 7 2F,닭 / 오리 요리,만원 미만,10,
74,어머니가구워주신생선구이,서울특별시 서대문구 명물길 42,한정식 / 백반 / 정통 한식,만원 미만,3,
75,놀부부대찌개&철판구이,서울특별시 서대문구 연세로 23,탕 / 찌개 / 전골,만원 미만,3,
76,닭발먹은새우,서울특별시 서대문구 연세로5가길 8-3,닭 / 오리 요리,만원 미만,4,
77,바지락수제비칼국수,서울특별시 서대문구 신촌로 87-20,국수 / 면 요리,만원 미만,2,
78,원조감자탕,서울특별시 서대문구 연세로5다길 8,탕 / 찌개 / 전골,만원 미만,3,
79,니뽕내뽕,서울특별시 서대문구 명물길 26 1F,퓨전 한식,만원 미만,7,
80,장군삼겹살,서울특별시 서대문구 연세로9길 22,고기 요리,만원 미만,1,
81,착한순우리,서울특별시 마포구 숭문길 216,한정식 / 백반 / 정통 한식,만원 미만,2,
82,미정국수0410,서울특별시 서대문구 연세로7안길 2 1F,국수 / 면 요리,만원 미만,13,
83,고향,서울특별시 서대문구 연세로7안길 52,고기 요리,만원 미만,7,
84,테라스,서울특별시 서대문구 북아현로 2,기타 한식,만원 미만,5,
85,논지당,서울특별시 서대문구 연세로 42-22,한정식 / 백반 / 정통 한식,만원 미만,9,
86,신참떡볶이,서울특별시 서대문구 이화여대7길 15,기타 한식,만원 미만,4,
87,아리랑컵밥,서울특별시 서대문구 이화여대길 33 B2,기타 한식,만원 미만,7,
88,아웃닭,서울특별시 서대문구 이화여대5길 16,닭 / 오리 요리,만원 미만,8,
89,남도분식,서울특별시 서대문구 신촌로 83,기타 한식,만원 미만,5,
90,모돌이순대국,서울특별시 서대문구 북아현로2안길 8,탕 / 찌개 / 전골,만원 미만,3,
91,미스터빠삭,서울특별시 마포구 백범로 17 1F,퓨전 한식,만원 미만,5,
92,옛집,서울특별시 마포구 신촌로10길 8,탕 / 찌개 / 전골,만원 미만,6,
93,이화안동찜닭,서울특별시 서대문구 이화여대길 43 B1,닭 / 오리 요리,만원 미만,5,
94,수라,서울특별시 서대문구 이화여대2가길 20,한정식 / 백반 / 정통 한식,만원 미만,4,
95,산타비,서울특별시 서대문구 이화여대7길 10,기타 한식,만원 미만,4,
96,동네아저씨,서울특별시 서대문구 연세로7길 27,닭 / 오리 요리,만원 미만,6,
97,육판,서울특별시 서대문구 연세로7길 25 1F,고기 요리,만원 미만,2,
98,중독,서울특별시 서대문구 이화여대길 88-14,기타 한식,만원 미만,4,
99,더연세김치찌개,서울특별시 서대문구 연세로9길 22,탕 / 찌개 / 전골,만원 미만,4,
100,육쌈냉면,서울특별시 서대문구 연세로 19 B1,국수 / 면 요리,만원 미만,3,
101,윤오므라이스,서울특별시 서대문구 연세로7안길 34-4,퓨전 한식,만원 미만,5,
102,로봇김밥,서울특별시 서대문구 신촌로 83 현대백화점 신촌점 B1,기타 한식,만원 미만,3,
103,별당김치찜,서울특별시 서대문구 명물1길 2,한정식 / 백반 / 정통 한식,만원 미만,3,
104,부성감자탕,서울특별시 마포구 대흥로28길 3,탕 / 찌개 / 전골,만원 미만,2,
105,큰맘할매순대국,서울특별시 마포구 대흥로 84,탕 / 찌개 / 전골,만원 미만,1,
106,참이맛감자탕,서울특별시 서대문구 명물길 45-4,탕 / 찌개 / 전골,만원 미만,2,
107,두부의추억151,서울특별시 서대문구 이화여대길 67 2F,한정식 / 백반 / 정통 한식,만원 미만,5,
108,김폴폴,서울특별시 서대문구 이화여대길 52 이화여자대학교 국제교육관,한정식 / 백반 / 정통 한식,만원 미만,3,
109,남도벌교음식점,서울특별시 서대문구 신촌역로 16 신촌가이아,한정식 / 백반 / 정통 한식,만원 미만,3,
110,지지고,서울특별시 서대문구 이화여대길 64,기타 한식,만원 미만,3,
111,김가네김밥,서울특별시 서대문구 연세로 35,기타 한식,만원 미만,1,
112,효자동닭꼬치,서울특별시 서대문구 연세로 4,기타 한식,만원 미만,2,
113,신의주전통찹쌀순대,서울특별시 서대문구 명물길 12-6,탕 / 찌개 / 전골,만원 미만,2,
114,존재의이유,서울특별시 서대문구 성산로 569,한정식 / 백반 / 정통 한식,만원 미만,4,
115,틈새라면,서울특별시 서대문구 연세로4길 6,기타 한식,만원 미만,2,
116,닭꼬치야,서울특별시 서대문구 신촌로11길 12,기타 한식,만원 미만,3,
117,신촌부대찌개,서울특별시 서대문구 신촌로 91,탕 / 찌개 / 전골,만원 미만,4,
118,팔색콩불,서울특별시 서대문구 신촌로 149 신촌자이엘라,고기 요리,만원 미만,3,
119,사장님돈까스,서울특별시 서대문구 이화여대7길 11 1F,기타 한식,만원 미만,3,
120,셰프의국수전,서울특별시 서대문구 연세로2길 17,국수 / 면 요리,만원 미만,1,
121,은희네돈까스,서울특별시 서대문구 연세로2다길 58,기타 한식,만원 미만,1,
122,본도시락,서울특별시 서대문구 명물길 52,기타 한식,만원 미만,1,
123,이가네설렁탕,서울특별시 서대문구 연세로2가길 6,탕 / 찌개 / 전골,만원 미만,1,
124,자연담은화로,서울특별시 서대문구 연세로11길 29,고기 요리,만원 미만,3,
125,동대문엽기떡볶이,서울특별시 서대문구 연세로12길 28,기타 한식,만원 미만,2,
126,청진동해장국,서울특별시 마포구 신촌로 92 신촌카리스빌딩,탕 / 찌개 / 전골,만원 미만,3,
127,수연국수,서울특별시 서대문구 연세로7안길 7,국수 / 면 요리,만원 미만,5,
128,두손왕만두,서울특별시 서대문구 북아현로4길 2,기타 한식,만원 미만,1,
129,지니네컵밥,서울특별시 서대문구 연세로2다길 58,기타 한식,만원 미만,1,
130,대치영지,서울특별시 서대문구 성산로 519,닭 / 오리 요리,만원 미만,1,
131,김밥&라면,서울특별시 서대문구 북아현로 98 ,기타 한식,만원 미만,1,
132,포마토,서울특별시 서대문구 연세로5가길 8-6,기타 한식,만원 미만,1,
133,이나닭강정,서울특별시 서대문구 연세로4길 67,닭 / 오리 요리,만원 미만,3,
134,부자식당,서울특별시 서대문구 연세로7안길 39,한정식 / 백반 / 정통 한식,만원 미만,2,
135,장독대집밥,서울특별시 마포구 백범로1길 78,한정식 / 백반 / 정통 한식,만원 미만,2,
136,달곰삼삼,서울특별시 서대문구 북아현로 61 1F,닭 / 오리 요리,만원 미만,2,
137,남도밥상,서울특별시 서대문구 신촌로 11-5,한정식 / 백반 / 정통 한식,만원 미만,1,
138,신마포갈매기,서울특별시 서대문구 연세로7안길 14,고기 요리,만원 미만,1,
139,걸작떡볶이치킨,서울특별시 서대문구 성산로 406,기타 한식,만원 미만,1,
140,돈가마니,서울특별시 서대문구 연세로7안길 48,고기 요리,만원 미만,1,
141,마포돼지불백,서울특별시 서대문구 연대동문길 27-6,한정식 / 백반 / 정통 한식,만원 미만,1,
142,감나무집,서울특별시 마포구 대흥로8길 25 ,한정식 / 백반 / 정통 한식,만원 미만,1,
143,로봇김밥,서울특별시 서대문구 연세로 50-1 암병원 B1,기타 한식,만원 미만,1,
144,다미손칼국수,서울특별시 서대문구 성산로 537,국수 / 면 요리,만원 미만,3,
145,만나빈,서울특별시 서대문구 성산로 551,한정식 / 백반 / 정통 한식,만원 미만,2,
146,해물떡찜,서울특별시 서대문구 연세로7안길 2,해산물 요리,만원 미만,1,
147,민주네김밥,서울특별시 서대문구 신촌로11길 35,기타 한식,만원 미만,2,
148,면채반,서울특별시 서대문구 신촌로 83 현대백화점 신촌점 B1,국수 / 면 요리,만원 미만,1,
149,구이마을,서울특별시 서대문구 연세로7안길 10,고기 요리,만원 미만,1,
150,장군순두부,서울특별시 서대문구 연세로9길 10-6,탕 / 찌개 / 전골,만원 미만,2,
151,엄마손김밥,서울특별시 서대문구 이화여대5길 16 1F,기타 한식,만원 미만,1,
152,밥이답이다,서울특별시 서대문구 연세로 50 세브란스본관 3F,한정식 / 백반 / 정통 한식,만원 미만,1,
153,범벅치킨,서울특별시 서대문구 연세로7길 40,닭 / 오리 요리,만원 미만,1,
154,미삼식당,서울특별시 서대문구 연세로 4,한정식 / 백반 / 정통 한식,만원 미만,1,
155,떡군이네떡볶이홍대신촌점,서울특별시 서대문구 신촌로1길 9,기타 한식,만원 미만,1,
156,신촌1번지,서울특별시 마포구 신촌로 84,한정식 / 백반 / 정통 한식,만원 미만,1,
157,돌아온의정부부대찌개,서울특별시 서대문구 연세로5가길 8-3,탕 / 찌개 / 전골,만원 미만,3,
158,마포만두,서울특별시 서대문구 신촌로35길 10,기타 한식,만원 미만,3,
159,볶음쌈밥,서울특별시 서대문구 이화여대길 63 B1,한정식 / 백반 / 정통 한식,만원 미만,1,
160,쏙만두,서울특별시 서대문구 이화여대7길 29,기타 한식,만원 미만,1,
161,풍년칼국수,서울특별시 마포구 신촌로12가길 30-4,국수 / 면 요리,만원 미만,1,
162,김밥천국,서울특별시 마포구 고산2길 34-65,기타 한식,만원 미만,1,
163,육쌈냉면,서울특별시 서대문구 이화여대길 76,국수 / 면 요리,만원 미만,1,
164,배떡,서울특별시 서대문구 명물길 76-5,기타 한식,만원 미만,1,
165,이삭토스트,서울특별시 서대문구 신촌로 9,기타 한식,만원 미만,1,
166,별당비빔밥,서울특별시 서대문구 명물1길 2,한정식 / 백반 / 정통 한식,만원 미만,1,
167,죠스떡볶이,서울특별시 마포구 백범로 5 1F,기타 한식,만원 미만,1,
168,신전떡볶이,서울특별시 서대문구 이화여대1길 28,기타 한식,만원 미만,1,
169,돼지야놀자,서울특별시 마포구 백범로1길 8,탕 / 찌개 / 전골,만원 미만,1,
170,새벽별밥,서울특별시 서대문구 이화여대길 88-16,기타 한식,만원 미만,1,
171,용궁설렁탕,서울특별시 마포구 백범로 48,탕 / 찌개 / 전골,만원 미만,1,
172,홍두깨칼국수,서울특별시 마포구 백범로1길 10,국수 / 면 요리,만원 미만,1,
173,백순대본가새맛,서울특별시 서대문구 연세로11길 12 2F,탕 / 찌개 / 전골,만원 미만,1,
174,역전우동0410,서울특별시 서대문구 연세로 6,기타 한식,만원 미만,1,
175,영심이네원조감자탕,서울특별시 서대문구 연세로2길 25 ,탕 / 찌개 / 전골,만원 미만,1,
176,파인돈까스,서울특별시 서대문구 명물길 4  2F,기타 한식,만원 미만,1,
177,꼬망이,서울특별시 서대문구 북아현로 58,기타 한식,만원 미만,1,
178,청경관,서울특별시 서대문구 연세로 50-1,한정식 / 백반 / 정통 한식,만원 미만,1,
179,신촌이게분식,서울특별시 서대문구 신촌로 123,기타 한식,만원 미만,1,
180,인생이막창이네,서울특별시 서대문구 연세로7안길 51 1F,고기 요리,만원-2만원,17,4.4
181,한림돈가,서울특별시 서대문구 연세로7안길 16-4 1F,고기 요리,만원-2만원,90,4.3
182,김광석 신촌칼국수,서울특별시 마포구 신촌로 124,탕 / 찌개 / 전골,만원-2만원,89,4.3
183,고바우집,서울특별시 서대문구 명물1길 22,고기 요리,만원-2만원,10,4.3
184,송아저씨빈대떡,서울특별시 서대문구 연세로7안길 29,한정식 / 백반 / 정통 한식,만원-2만원,11,4.3
185,소신이쏘,서울특별시 서대문구 연세로5가길 19,고기 요리,만원-2만원,144,4.2
186,담산,서울특별시 서대문구 연세로5다길 41,고기 요리,만원-2만원,43,4.2
187,고기창고,서울특별시 서대문구 연세로7길 34-4,고기 요리,만원-2만원,16,4.2
188,대포찜닭,서울특별시 서대문구 연세로11길 28,닭 / 오리 요리,만원-2만원,91,4.1
189,육회본가,서울특별시 서대문구 연세로9길 23,고기 요리,만원-2만원,19,4.1
190,공복식당,서울특별시 서대문구 연세로12길 23 1F,고기 요리,만원-2만원,77,4.0
191,돈불1971,서울특별시 서대문구 연세로5다길 36,고기 요리,만원-2만원,17,4.0
192,통통돼지,서울특별시 서대문구 연세로4길 19,고기 요리,만원-2만원,32,4.0
193,탐복,서울특별시 서대문구 신촌로 83 10F,해산물 요리,만원-2만원,11,3.9
194,도꼭지,서울특별시 마포구 백범로10길 30 1F,한정식 / 백반 / 정통 한식,만원-2만원,25,3.8
195,고냉지,서울특별시 서대문구 연세로2마길 30,한정식 / 백반 / 정통 한식,만원-2만원,46,3.8
196,통큰갈비,서울특별시 서대문구 연세로5다길 40,고기 요리,만원-2만원,35,3.8
197,부추곱창,서울특별시 서대문구 연세로5가길 29 1F,고기 요리,만원-2만원,31,3.8
198,로운샤브샤브&샐러드바,서울특별시 마포구 신촌로 94,탕 / 찌개 / 전골,만원-2만원,16,3.8
199,연탄생고기파는이층집,서울특별시 서대문구 연세로7안길 34-6,고기 요리,만원-2만원,14,3.8
200,초당쌈밥,서울특별시 서대문구 연세로12길 37-4,한정식 / 백반 / 정통 한식,만원-2만원,19,3.8
201,아현닭발,서울특별시 서대문구 신촌로 229,닭 / 오리 요리,만원-2만원,10,3.8
202,홍초불닭,서울특별시 서대문구 연세로7안길 28-3,닭 / 오리 요리,만원-2만원,11,3.8
203,곱창이야기,서울특별시 서대문구 연세로7안길 2,고기 요리,만원-2만원,22,3.7
204,홍미닭발,서울특별시 서대문구 연세로7안길 30,닭 / 오리 요리,만원-2만원,17,3.7
205,고향전주비빔밥,서울특별시 서대문구 신촌로 83 현대백화점 신촌점 식당가 10F,한정식 / 백반 / 정통 한식,만원-2만원,6,3.7
206,연남서식당 (휴업중),서울특별시 마포구 백범로2길 32,고기 요리,만원-2만원,17,3.6
207,쭈꾸미블루스,서울특별시 마포구 백범로1길 21 1F,해산물 요리,만원-2만원,16,3.6
208,전골떡볶이덕미가,서울특별시 서대문구 이화여대길 26 1F,기타 한식,만원-2만원,13,3.5
209,형제갈비,서울특별시 서대문구 명물1길 2,탕 / 찌개 / 전골,만원-2만원,74,3.4
210,오늘통닭,서울특별시 서대문구 연세로11길 8 ,닭 / 오리 요리,만원-2만원,12,3.4
211,대성이네,서울특별시 서대문구 연세로5나길 33,닭 / 오리 요리,만원-2만원,9,3.4
212,진원조닭한마리,서울특별시 서대문구 연세로5가길 18,닭 / 오리 요리,만원-2만원,11,3.4
213,돈이면돼지,서울특별시 서대문구 연세로11길 35,고기 요리,만원-2만원,19,3.4
214,내가찜한닭,서울특별시 서대문구 연세로 24 2F,닭 / 오리 요리,만원-2만원,25,3.2
215,아웃닭,서울특별시 서대문구 연세로4길 19 1F,닭 / 오리 요리,만원-2만원,16,3.1
216,정통집,서울특별시 서대문구 연세로9길 7,고기 요리,만원-2만원,17,3.0
217,야곱의축복,서울특별시 서대문구 연세로7안길 10-7 1F,고기 요리,만원-2만원,1,
218,삼호복집,서울특별시 서대문구 연세로5다길 10,해산물 요리,만원-2만원,5,
219,봉추찜닭,서울특별시 서대문구 이화여대길 20,닭 / 오리 요리,만원-2만원,8,
220,자연솜씨,서울특별시 서대문구 북아현로24길 8 진선미관 1F,한정식 / 백반 / 정통 한식,만원-2만원,3,
221,유텐실,서울특별시 서대문구 연세로5다길 12,한정식 / 백반 / 정통 한식,만원-2만원,3,
222,봉추찜닭,서울특별시 서대문구 명물길 27-23,닭 / 오리 요리,만원-2만원,5,
223,불타는곱창,서울특별시 서대문구 연세로7안길 10-3,고기 요리,만원-2만원,9,
224,품어떡,서울특별시 서대문구 연세로2길 85 1F,기타 한식,만원-2만원,7,
225,김덕후의곱창조,서울특별시 서대문구 연세로7안길 18,고기 요리,만원-2만원,10,
226,소문난집,서울특별시 서대문구 연세로7길 38,고기 요리,만원-2만원,4,
227,소도적,서울특별시 서대문구 연세로12길 18,고기 요리,만원-2만원,7,
228,여수집,서울특별시 마포구 신촌로14길 5 1F,해산물 요리,만원-2만원,3,
229,보쌈별곡,서울특별시 서대문구 연세로5다길 22-3,고기 요리,만원-2만원,5,
230,동학물갈비,서울특별시 서대문구 연세로12길 37-3 1F,고기 요리,만원-2만원,5,
231,쭈꾸미달인,서울특별시 서대문구 연세로11길 32,해산물 요리,만원-2만원,5,
232,채선당,서울특별시 서대문구 연세로 23,탕 / 찌개 / 전골,만원-2만원,8,
233,명물갈비,서울특별시 서대문구 명물길 43-3,고기 요리,만원-2만원,1,
234,신촌서서갈비,서울특별시 마포구 서강로20길 10,고기 요리,만원-2만원,2,
235,군자대한곱창,서울특별시 서대문구 연세로5나길 8 1-2F,고기 요리,만원-2만원,5,
236,도둑고기,서울특별시 서대문구 연세로7길 20,고기 요리,만원-2만원,2,
237,미스터보쌈5379,서울특별시 서대문구 이화여대길 68,고기 요리,만원-2만원,5,
238,쟁반집8292,서울특별시 서대문구 연세로4길 27 1F,고기 요리,만원-2만원,5,
239,구이마을,서울특별시 서대문구 연세로5가길 32,고기 요리,만원-2만원,4,
240,어사출또,서울특별시 서대문구 연세로5가길 21,해산물 요리,만원-2만원,2,
241,대현매운족발,서울특별시 서대문구 연세로2길 93-5,고기 요리,만원-2만원,3,
242,신수로,서울특별시 마포구 토정로17길 11 1F,고기 요리,만원-2만원,4,
243,군삼겹,서울특별시 서대문구 연세로5가길 28,고기 요리,만원-2만원,14,
244,승미곱창,서울특별시 마포구 대흥로30길 18-1 1F,고기 요리,만원-2만원,4,
245,웅이네서서갈비,서울특별시 서대문구 신촌역로 13-1,고기 요리,만원-2만원,4,
246,배프로갈비,서울특별시 마포구 신촌로12가길 17,고기 요리,만원-2만원,3,
247,소왔쏘,서울특별시 서대문구 연세로9길 30,고기 요리,만원-2만원,5,
248,곱창선생,서울특별시 서대문구 연세로5가길 27,고기 요리,만원-2만원,2,
249,교촌치킨,서울특별시 서대문구 명물길 21,닭 / 오리 요리,만원-2만원,4,
250,신촌간이회집,서울특별시 서대문구 신촌로 63,해산물 요리,만원-2만원,4,
251,서강별찜,서울특별시 마포구 독막로26길 6 1F,해산물 요리,만원-2만원,2,
252,아저씨네낙지찜,서울특별시 서대문구 연세로5다길 39,해산물 요리,만원-2만원,4,
253,정정아식당,서울특별시 서대문구 연세로5가길 32,닭 / 오리 요리,만원-2만원,5,
254,한옥숯불돼지갈비,서울특별시 서대문구 명물1길 18,고기 요리,만원-2만원,2,
255,착한돼지,서울특별시 서대문구 명물길 40,고기 요리,만원-2만원,3,
256,신촌해물칼국수,서울특별시 서대문구 신촌로 125 2F,국수 / 면 요리,만원-2만원,3,
257,원조안동찜닭,서울특별시 서대문구 연세로7안길 2,닭 / 오리 요리,만원-2만원,3,
258,청석골감자탕순대국,서울특별시 마포구 백범로 13,탕 / 찌개 / 전골,만원-2만원,6,
259,송,서울특별시 서대문구 신촌로 83 현대백화점 신촌점 식당가 10F,기타 한식,만원-2만원,3,
260,끼로끼로부엉이,서울특별시 마포구 서강로 119 반석빌딩,고기 요리,만원-2만원,3,
261,삼미식당,서울특별시 서대문구 연세로7길 29,고기 요리,만원-2만원,2,
262,동경삼겹살,서울특별시 서대문구 연세로 1,고기 요리,만원-2만원,2,
263,구일당,서울특별시 서대문구 북아현로 71 1F,닭 / 오리 요리,만원-2만원,1,
264,죽미인,서울특별시 마포구 백범로2길 12 1F,기타 한식,만원-2만원,2,
265,예소원,서울특별시 서대문구 성산로 535,고기 요리,만원-2만원,3,
266,영광굴비정식,서울특별시 마포구 대흥로 43,해산물 요리,만원-2만원,2,
267,마포육감식당,서울특별시 마포구 대흥로24길 24,고기 요리,만원-2만원,2,
268,강남불백,서울특별시 서대문구 연세로4길 6,고기 요리,만원-2만원,1,
269,철다리곱창,서울특별시 서대문구 북아현로 46,고기 요리,만원-2만원,1,
270,60계치킨,서울특별시 서대문구 연세로9길 10-5 1-2F,닭 / 오리 요리,만원-2만원,4,
271,본죽앤비빔밥카페,서울특별시 서대문구 연세로 20,기타 한식,만원-2만원,2,
272,옹고집,서울특별시 마포구 고산길 16,고기 요리,만원-2만원,2,
273,곱창먹방,서울특별시 서대문구 이화여대길 64,고기 요리,만원-2만원,2,
274,계백집,서울특별시 서대문구 신촌로 83 현대백화점 신촌점 B1,탕 / 찌개 / 전골,만원-2만원,3,
275,신미불닭발,서울특별시 서대문구 명물길 50-8,닭 / 오리 요리,만원-2만원,5,
276,신촌영양센터,서울특별시 서대문구 연세로4길 34 1F,탕 / 찌개 / 전골,만원-2만원,4,
277,돈노코돈먹기,서울특별시 서대문구 이화여대3길 29 2F,고기 요리,만원-2만원,3,
278,총각수산,서울특별시 마포구 백범로 42 1F,해산물 요리,만원-2만원,1,
279,화로상회,서울특별시 서대문구 명물길 62 1F,고기 요리,만원-2만원,2,
280,압구정샤브샤브,서울특별시 서대문구 연대동문길 26 가든빌딩 4F,탕 / 찌개 / 전골,만원-2만원,9,
281,홍도깨비,서울특별시 서대문구 이화여대1길 42-8,기타 한식,만원-2만원,2,
282,제주돈1848,서울특별시 서대문구 명물길 27-7,고기 요리,만원-2만원,3,
283,마라찜닭,서울특별시 서대문구 연세로7안길 43,닭 / 오리 요리,만원-2만원,3,
284,무교동낙지,서울특별시 서대문구 신촌로 87-4,해산물 요리,만원-2만원,1,
285,연세로갈매기,서울특별시 서대문구 연세로9길 43 1F,고기 요리,만원-2만원,2,
286,명륜진사갈비,서울특별시 서대문구 명물길 63,고기 요리,만원-2만원,1,
287,예가숯불갈비,서울특별시 마포구 마포대로24길 51,고기 요리,만원-2만원,1,
288,한강로칼국수,서울특별시 서대문구 신촌로 83 현대백화점,국수 / 면 요리,만원-2만원,1,
289,새마을식당,서울특별시 서대문구 연세로2길 6,고기 요리,만원-2만원,2,
290,장수보감,서울특별시 마포구 백범로1길 8-7,닭 / 오리 요리,만원-2만원,3,
291,처갓집양념통닭,서울특별시 마포구 숭문길 96,닭 / 오리 요리,만원-2만원,1,
292,주간,서울특별시 서대문구 연세로11길 21 1F,해산물 요리,만원-2만원,1,
293,춘천집닭갈비본사직영철판구이,서울특별시 서대문구 연세로5가길 8,닭 / 오리 요리,만원-2만원,1,
294,뚱보집,서울특별시 서대문구 연세로7길 38 1F,고기 요리,만원-2만원,2,
295,본죽,서울특별시 서대문구 이화여대3길 16,기타 한식,만원-2만원,1,
296,올터쭈꾸미,서울특별시 마포구 신촌로14길 29 극동빌딩 1F,해산물 요리,만원-2만원,1,
297,돈방석,서울특별시 마포구 신촌로20길 9,고기 요리,만원-2만원,1,
298,홍곱창,서울특별시 서대문구 명물길 50-4 1F,고기 요리,만원-2만원,1,
299,강릉엄지네꼬막집,서울특별시 마포구 독막로 273 1F,해산물 요리,만원-2만원,1,
300,정육점 불고기,서울특별시 서대문구 신촌로 83 현대백화점 신촌점 식당가 10F,고기 요리,만원-2만원,2,
301,태백산맥,서울특별시 서대문구 명물길 46-5,고기 요리,만원-2만원,1,
302,굽네치킨,서울특별시 서대문구 연세로 42-32,닭 / 오리 요리,만원-2만원,1,
303,썬더치킨,서울특별시 서대문구 연세로11길 20 1F,닭 / 오리 요리,만원-2만원,1,
304,지리산토속음식,서울특별시 서대문구 연세로5다길 40 1F,고기 요리,만원-2만원,1,
305,본우리반상,서울특별시 서대문구 연세로 50 세브란스암병원 7F,한정식 / 백반 / 정통 한식,만원-2만원,1,
306,장군주먹고기,서울특별시 마포구 백범로1길 4,고기 요리,만원-2만원,1,
307,편장군족발,서울특별시 서대문구 신촌로 83 B1,고기 요리,만원-2만원,1,
308,본죽,서울특별시 서대문구 연대동문길 71,기타 한식,만원-2만원,1,
309,원할머니보쌈족발,서울특별시 서대문구 연세로5가길 14,고기 요리,만원-2만원,2,
310,미락,서울특별시 서대문구 신촌로29길 26,해산물 요리,만원-2만원,1,
311,아현한곱창,서울특별시 서대문구 신촌로 227 1F 3호,고기 요리,만원-2만원,1,
312,치킨마루,서울특별시 서대문구 신촌로37안길 7,닭 / 오리 요리,만원-2만원,1,
313,배바위양곱창,서울특별시 서대문구 연세로7안길 42,고기 요리,2만원-3만원,7,4.0
314,고래고래,서울특별시 서대문구 연세로9길 25,해산물 요리,2만원-3만원,9,3.9
315,신촌황소곱창,서울특별시 서대문구 연세로9길 31,고기 요리,2만원-3만원,80,3.7
316,대구삼겹살,서울특별시 서대문구 명물길 18,고기 요리,2만원-3만원,4,
317,밀리네해물탕,서울특별시 마포구 대흥로30길 18-5,해산물 요리,2만원-3만원,2,
318,제주도로담,서울특별시 서대문구 연세로2마길 14,고기 요리,2만원-3만원,4,
319,진미오향왕족발,서울특별시 서대문구 연세로5나길 18 1F,고기 요리,2만원-3만원,6,
320,운주당,서울특별시 마포구 큰우물로 41,탕 / 찌개 / 전골,2만원-3만원,3,
321,함평면옥,서울특별시 서대문구 성산로 527 하늬솔빌딩A동 2F 2호,국수 / 면 요리,2만원-3만원,8,
322,이차돌,서울특별시 서대문구 연세로7안길 26 1F,고기 요리,2만원-3만원,2,
323,삼진식당,서울특별시 서대문구 성산로 527,해산물 요리,2만원-3만원,5,
324,동해횟집,서울특별시 마포구 백범로 17,해산물 요리,2만원-3만원,2,
325,황소곱집,서울특별시 마포구 토정로17길 11 ,고기 요리,2만원-3만원,1,
326,배달돼지,서울특별시 서대문구 연세로7길 46 1F,고기 요리,2만원-3만원,3,
327,웰빙 1품 구이하우스,서울특별시 서대문구 신촌로11길 6,고기 요리,2만원-3만원,1,
328,국보군산아구찜,서울특별시 마포구 신수로 34-1,해산물 요리,2만원-3만원,1,
329,왕삼촌,서울특별시 서대문구 북아현로 59,고기 요리,2만원-3만원,1,
330,경의선,서울특별시 마포구 신촌로14길 33 1F,고기 요리,2만원-3만원,1,
331,동해해물탕,서울특별시 서대문구 연세로 9-5,해산물 요리,2만원-3만원,1,
332,마미당1948,서울특별시 서대문구 연세로7안길 34-3,닭 / 오리 요리,2만원-3만원,2,
333,벽제갈비,서울특별시 서대문구 명물길 22,고기 요리,4만원 이상,19,4.1
334,죽해수산,서울특별시 서대문구 연세로5길 30,해산물 요리,4만원 이상,9,
335,매일스시횟집,서울특별시 마포구 숭문길 34,해산물 요리,3만원-4만원,5,
336,횡성한우 터,서울특별시 서대문구 명물길 18,고기 요리,3만원-4만원,2,
337,유성한우촌,서울특별시 서대문구 북아현로 68,고기 요리,3만원-4만원,1,
338,한양왕족발,서울특별시 서대문구 연세로7길 16-5,고기 요리,3만원-4만원,3,
339,지오짱생조개구이,서울특별시 서대문구 연세로5가길 15,해산물 요리,3만원-4만원,1,
340,카라멘야,서울특별시 서대문구 연세로7안길 34-1 1F,라멘 / 소바 / 우동,만원 미만,92,4.3
341,진돈부리,서울특별시 서대문구 신촌로 149 신촌자이엘라 B104,돈부리 / 일본 카레 / 벤토,만원 미만,7,4.2
342,부탄츄,서울특별시 서대문구 연세로5길 26-9,라멘 / 소바 / 우동,만원 미만,131,4.0
343,히노키공방,서울특별시 마포구 신촌로14안길 3 1F,정통 일식 / 일반 일식,만원 미만,102,4.0
344,타코몽,서울특별시 서대문구 신촌로 49,철판 요리,만원 미만,41,4.0
345,김씨네붴,서울특별시 마포구 신촌로14안길 11,라멘 / 소바 / 우동,만원 미만,13,4.0
346,가마마루이라멘,서울특별시 서대문구 성산로22길 4,라멘 / 소바 / 우동,만원 미만,102,3.9
347,유야케도쿄,서울특별시 서대문구 이화여대3길 28,까스 요리,만원 미만,35,3.9
348,가츠벤또,서울특별시 마포구 백범로 13,돈부리 / 일본 카레 / 벤토,만원 미만,16,3.8
349,김판석초밥,서울특별시 서대문구 연세로9길 37 102호,회 / 스시,만원 미만,19,3.7
350,모미지식당,서울특별시 서대문구 이화여대5길 15,퓨전 일식,만원 미만,10,3.7
351,꼬숑돈까스,서울특별시 서대문구 명물1길 2,까스 요리,만원 미만,28,3.6
352,낭만식탁,서울특별시 서대문구 이화여대5길 6,정통 일식 / 일반 일식,만원 미만,21,3.6
353,소오밥,서울특별시 서대문구 이화여대길 88-16,정통 일식 / 일반 일식,만원 미만,20,3.6
354,돈부리모노,서울특별시 서대문구 연세로4길 46,돈부리 / 일본 카레 / 벤토,만원 미만,65,3.5
355,라임,서울특별시 서대문구 연세로4길 41 2F,회 / 스시,만원 미만,30,3.5
356,아키,서울특별시 서대문구 성산로 531,정통 일식 / 일반 일식,만원 미만,21,3.5
357,훈카츠,서울특별시 서대문구 신촌역로 15,까스 요리,만원 미만,19,3.5
358,홍대돈부리,서울특별시 서대문구 연세로12길 28,돈부리 / 일본 카레 / 벤토,만원 미만,30,3.4
359,파파노다이닝,서울특별시 서대문구 이화여대길 88-14 1F,정통 일식 / 일반 일식,만원 미만,40,3.3
360,거북이의주방,서울특별시 마포구 백범로1길 8-7,돈부리 / 일본 카레 / 벤토,만원 미만,12,3.3
361,긴자료코,서울특별시 서대문구 이화여대5길 28,정통 일식 / 일반 일식,만원 미만,7,3.3
362,가야가야,서울특별시 서대문구 이화여대5길 7-3,라멘 / 소바 / 우동,만원 미만,31,3.2
363,돈천동식당,서울특별시 서대문구 이화여대길 52-39,기타 일식,만원 미만,13,3.2
364,가문의우동,서울특별시 서대문구 연세로9길 13,라멘 / 소바 / 우동,만원 미만,11,3.2
365,아비꼬,서울특별시 서대문구 명물길 58-8,돈부리 / 일본 카레 / 벤토,만원 미만,15,3.1
366,부엉이돈가스,서울특별시 서대문구 연세로4길 62,까스 요리,만원 미만,18,2.9
367,돈우마미,서울특별시 서대문구 연세로5길 38,돈부리 / 일본 카레 / 벤토,만원 미만,10,2.9
368,홍대개미,서울특별시 서대문구 연세로 18,돈부리 / 일본 카레 / 벤토,만원 미만,18,2.6
369,렌게,서울특별시 마포구 신촌로12길 31 1F,라멘 / 소바 / 우동,만원 미만,3,
370,하루식당,서울특별시 서대문구 연세로2길 90,정통 일식 / 일반 일식,만원 미만,2,
371,겐지야피닉스,서울특별시 서대문구 신촌로 83 현대백화점 신촌점 B1,기타 일식,만원 미만,2,
372,한끼마끼,서울특별시 서대문구 이화여대1길 15,회 / 스시,만원 미만,7,
373,히비야,서울특별시 서대문구 이화여대2가길 24 1F,라멘 / 소바 / 우동,만원 미만,2,
374,야쏘돈코츠라멘,서울특별시 서대문구 명물1길 2,라멘 / 소바 / 우동,만원 미만,7,
375,행복은간장밥,서울특별시 서대문구 연세로12길 32 1F,돈부리 / 일본 카레 / 벤토,만원 미만,5,
376,염인돈라멘,서울특별시 서대문구 연세로2길 89-5 신촌박스스퀘어 1F 20호,라멘 / 소바 / 우동,만원 미만,2,
377,미스터카츠,서울특별시 서대문구 이화여대7길 20-6 2F,까스 요리,만원 미만,4,
378,라멘81번옥,서울특별시 서대문구 신촌역로 16 신촌가이아,라멘 / 소바 / 우동,만원 미만,1,
379,카츠업,서울특별시 서대문구 연세로5길 32,까스 요리,만원 미만,2,
380,이국장,서울특별시 서대문구 연세로4길 36  1F,까스 요리,만원 미만,1,
381,아비꼬,서울특별시 서대문구 이화여대2가길 17,돈부리 / 일본 카레 / 벤토,만원 미만,5,
382,요코야카레하우스,서울특별시 서대문구 연세로5길 32,돈부리 / 일본 카레 / 벤토,만원 미만,2,
383,홋카이도부타동스미레,서울특별시 서대문구 연세로4길 61,돈부리 / 일본 카레 / 벤토,만원-2만원,50,4.5
384,야바이,서울특별시 서대문구 연세로7안길 37,철판 요리,만원-2만원,110,4.1
385,연어초밥,서울특별시 서대문구 연세로2길 94 1F 3호,회 / 스시,만원-2만원,19,4.1
386,키친31,서울특별시 서대문구 연세로4길 61 1F,이자카야 / 오뎅 / 꼬치,만원-2만원,10,4.0
387,여우골초밥,서울특별시 서대문구 연세로5다길 10,회 / 스시,만원-2만원,25,3.9
388,기꾸스시,서울특별시 서대문구 연세로5다길 35,회 / 스시,만원-2만원,68,3.9
389,유소바,서울특별시 서대문구 이화여대2길 4 1F,라멘 / 소바 / 우동,만원-2만원,7,3.9
390,돈카츠윤석,서울특별시 마포구 백범로10길 30,까스 요리,만원-2만원,30,3.8
391,요이스시,서울특별시 서대문구 연세로7안길 17 2F,회 / 스시,만원-2만원,31,3.8
392,후쿠스시,서울특별시 서대문구 이화여대3길 10,회 / 스시,만원-2만원,45,3.7
393,카츠미,서울특별시 서대문구 연세로9길 10-6 2F,정통 일식 / 일반 일식,만원-2만원,25,3.7
394,이츠동,서울특별시 서대문구 신촌로31길 14 1F,돈부리 / 일본 카레 / 벤토,만원-2만원,18,3.7
395,대작,서울특별시 서대문구 명물길 27-13,회 / 스시,만원-2만원,10,3.7
396,미세기,서울특별시 서대문구 성산로22길 4,회 / 스시,만원-2만원,37,3.5
397,하늘초밥,서울특별시 서대문구 이화여대2길 14 1F,회 / 스시,만원-2만원,8,3.5
398,소바연구소,서울특별시 서대문구 명물길 50-9 1F,라멘 / 소바 / 우동,만원-2만원,15,3.4
399,나이스샤워,서울특별시 서대문구 연세로 35,돈부리 / 일본 카레 / 벤토,만원-2만원,10,3.4
400,하나,서울특별시 서대문구 연세로7안길 46 1F,정통 일식 / 일반 일식,만원-2만원,14,3.4
401,옐로우스푼,서울특별시 서대문구 명물길 4,기타 일식,만원-2만원,10,3.2
402,연어상회,서울특별시 서대문구 연세로12길 20,회 / 스시,만원-2만원,24,3.1
403,텐동미세기,서울특별시 서대문구 성산로22길 4,돈부리 / 일본 카레 / 벤토,만원-2만원,15,3.1
404,쿠라,서울특별시 마포구 고산길 13 2F,기타 일식,만원-2만원,4,
405,94단,서울특별시 서대문구 연세로11길 35 1F,이자카야 / 오뎅 / 꼬치,만원-2만원,7,
406,무사시,서울특별시 서대문구 신촌로 125,정통 일식 / 일반 일식,만원-2만원,7,
407,스시가마시,서울특별시 서대문구 신촌역로 17,회 / 스시,만원-2만원,6,
408,안테이쿠,서울특별시 서대문구 연세로11길 22,이자카야 / 오뎅 / 꼬치,만원-2만원,3,
409,쿠마네 꼬치,서울특별시 서대문구 연세로9길 22,이자카야 / 오뎅 / 꼬치,만원-2만원,5,
410,남오토코,서울특별시 서대문구 연세로11길 5 2F,이자카야 / 오뎅 / 꼬치,만원-2만원,4,
411,북아현로69초밥,서울특별시 서대문구 북아현로 69,회 / 스시,만원-2만원,3,
412,본가스시,서울특별시 서대문구 신촌로 83 현대백화점신촌점 B1,회 / 스시,만원-2만원,1,
413,이코노스시,서울특별시 서대문구 신촌역로 14,회 / 스시,만원-2만원,2,
414,타쿠미주방,서울특별시 서대문구 신촌로 83 ,돈부리 / 일본 카레 / 벤토,만원-2만원,2,
415,사케즈키,서울특별시 서대문구 연세로7길 23 2F,이자카야 / 오뎅 / 꼬치,만원-2만원,3,
416,신촌야시장,서울특별시 서대문구 연세로11길 14,퓨전 일식,만원-2만원,4,
417,젊은소나무,서울특별시 서대문구 연세로4길 28,이자카야 / 오뎅 / 꼬치,만원-2만원,4,
418,스시히바리,서울특별시 서대문구 신촌로 227  1F,회 / 스시,만원-2만원,2,
419,제라진,서울특별시 서대문구 연세로 50 연세대학교 SK국제학사 B2,까스 요리,만원-2만원,1,
420,스시아오,서울특별시 서대문구 명물길 36-4 1F,회 / 스시,만원-2만원,1,
421,소우오뎅,서울특별시 서대문구 연세로7안길 10-1,이자카야 / 오뎅 / 꼬치,만원-2만원,2,
422,최완식참치,서울특별시 서대문구 연세로5가길 8,회 / 스시,만원-2만원,1,
423,마이도야,서울특별시 서대문구 신촌로 83 현대백화점 신촌점 식당가 10F,정통 일식 / 일반 일식,만원-2만원,2,
424,이찌방이야기,서울특별시 서대문구 연세로7길 18 1F,이자카야 / 오뎅 / 꼬치,만원-2만원,2,
425,무진,서울특별시 서대문구 연세로9길 8,이자카야 / 오뎅 / 꼬치,만원-2만원,1,
426,갓참치,서울특별시 서대문구 연세로9길 23,회 / 스시,만원-2만원,1,
427,하꾸야,서울특별시 서대문구 연세로9길 16 2F,이자카야 / 오뎅 / 꼬치,2만원-3만원,7,
428,아마이,서울특별시 서대문구 연세로 21 4F,이자카야 / 오뎅 / 꼬치,2만원-3만원,1,
429,이자카야류,"서울특별시 서대문구 연세로5가길 3 3,4F",이자카야 / 오뎅 / 꼬치,2만원-3만원,4,
430,육회지존,서울특별시 서대문구 연세로9길 32,회 / 스시,2만원-3만원,3,
431,스시제트,서울특별시 서대문구 신촌로 83 현대백화점 10F,회 / 스시,2만원-3만원,1,
432,여래여거,서울특별시 서대문구 이화여대길 56-3 1F,회 / 스시,4만원 이상,6,4.4
433,싱싱참치,서울특별시 서대문구 연희로 32 1F,회 / 스시,4만원 이상,2,
434,동강참치,서울특별시 서대문구 연세로2길 87,회 / 스시,3만원-4만원,1,
435,와사비,서울특별시 서대문구 연세로4길 48,회 / 스시,3만원-4만원,1,
436,천진분식,서울특별시 서대문구 이화여대5길 7,기타 중식,만원 미만,30,4.4
437,미스터서왕만두,서울특별시 서대문구 신촌역로 16,딤섬 / 만두,만원 미만,40,4.3
438,화명당마라탕,서울특별시 서대문구 이화여대길 78,기타 중식,만원 미만,20,4.3
439,정육면체,서울특별시 서대문구 연세로5다길 22-8 1F,기타 중식,만원 미만,120,4.1
440,란주탕슉,서울특별시 서대문구 이화여대2가길 18,정통 중식 / 일반 중식,만원 미만,158,4.0
441,탕화쿵부,서울특별시 서대문구 신촌역로 23 2F,기타 중식,만원 미만,70,4.0
442,라장훠궈,서울특별시 서대문구 연세로 37,기타 중식,만원 미만,8,4.0
443,세아마라탕,서울특별시 서대문구 이화여대길 16,기타 중식,만원 미만,7,4.0
444,완차이,서울특별시 서대문구 명물길 50-7,정통 중식 / 일반 중식,만원 미만,20,3.9
445,타이완소야,서울특별시 서대문구 연세로7길 27,정통 중식 / 일반 중식,만원 미만,15,3.9
446,라화쿵푸,서울특별시 서대문구 이화여대7길 7,기타 중식,만원 미만,10,3.9
447,유,서울특별시 서대문구 이화여대길 65-3,정통 중식 / 일반 중식,만원 미만,10,3.7
448,구복,서울특별시 서대문구 연세로4길 26,딤섬 / 만두,만원 미만,62,3.6
449,호탕마라탕,서울특별시 서대문구 연세로7안길 14,기타 중식,만원 미만,42,3.5
450,딤차이,서울특별시 마포구 신촌로 92 신촌카리스빌딩,정통 중식 / 일반 중식,만원 미만,19,3.4
451,복성각,서울특별시 서대문구 명물1길 24,정통 중식 / 일반 중식,만원 미만,46,3.4
452,효동각,서울특별시 서대문구 연대동문길 24,정통 중식 / 일반 중식,만원 미만,15,3.4
453,청화원,서울특별시 서대문구 명물길 10,정통 중식 / 일반 중식,만원 미만,17,3.4
454,라화쿵부,서울특별시 서대문구 연세로11길 8,기타 중식,만원 미만,20,2.6
455,라화쿵부,서울특별시 서대문구 이화여대7길 30,기타 중식,만원 미만,7,
456,무릉도원,서울특별시 서대문구 이화여대2가길 24,정통 중식 / 일반 중식,만원 미만,6,
457,의원상,서울특별시 서대문구 이화여대길 72-5,퓨전 중식,만원 미만,5,
458,사천마라탕,서울특별시 서대문구 연세로11길 5 1F,기타 중식,만원 미만,2,
459,홍리마라탕,서울특별시 서대문구 명물길 20,기타 중식,만원 미만,7,
460,오향미엔,서울특별시 서대문구 연세로7안길 34-4 1F,기타 중식,만원 미만,2,
461,신룽푸마라탕,서울특별시 서대문구 연세로4길 1,기타 중식,만원 미만,8,
462,백년당,서울특별시 서대문구 연세로 27-1  대성빌딩 2F,기타 중식,만원 미만,1,
463,화라라마라탕,서울특별시 서대문구 이화여대길 88-16,정통 중식 / 일반 중식,만원 미만,6,
464,샨샨,서울특별시 마포구 숭문길 43 1F,기타 중식,만원 미만,2,
465,서강우동짜장,서울특별시 마포구 서강로 122,정통 중식 / 일반 중식,만원 미만,1,
466,신촌양꼬치,서울특별시 서대문구 연세로9길 22,기타 중식,만원 미만,7,
467,신쿵푸마라탕,서울특별시 서대문구 이화여대길 84 2F,기타 중식,만원 미만,4,
468,아저씨네도시락,서울특별시 서대문구 성산로 402 B1,기타 중식,만원 미만,1,
469,건륭산시도삭면,서울특별시 서대문구 명물길 33,기타 중식,만원 미만,3,
470,홍콩반점0410,서울특별시 서대문구 명물길 19 2F,정통 중식 / 일반 중식,만원 미만,1,
471,가화반점,서울특별시 서대문구 신촌로 267-2 e편한세상 402동 B1,정통 중식 / 일반 중식,만원 미만,2,
472,천궁전마라탕,서울특별시 서대문구 연세로5가길 3 2F,기타 중식,만원 미만,3,
473,수저가짬뽕,서울특별시 마포구 숭문길 7-1,정통 중식 / 일반 중식,만원 미만,1,
474,도삭면가청화,서울특별시 서대문구 명물길 10 1F,기타 중식,만원 미만,3,
475,만추,서울특별시 서대문구 신촌로 83 현대백화점 신촌점 B1,정통 중식 / 일반 중식,만원 미만,2,
476,3대천왕 복성,서울특별시 서대문구 연세로9길 14 1F,정통 중식 / 일반 중식,만원 미만,1,
477,영화반점,서울특별시 서대문구 북아현로2길 5,정통 중식 / 일반 중식,만원 미만,2,
478,이화성,서울특별시 서대문구 이화여대길 50-8,정통 중식 / 일반 중식,만원 미만,3,
479,연래춘,서울특별시 마포구 신촌로22길 9,정통 중식 / 일반 중식,만원 미만,1,
480,소고산제일루Express,서울특별시 마포구 신촌로12길 37 1F,기타 중식,만원 미만,1,
481,길상양꼬치,서울특별시 서대문구 연세로5가길 17,기타 중식,만원-2만원,42,4.4
482,차이797,서울특별시 서대문구 신촌로 83 현대백화점 신촌점 식당가 10F,정통 중식 / 일반 중식,만원-2만원,7,3.3
483,난향,서울특별시 서대문구 신촌로 67 거촌빌딩,정통 중식 / 일반 중식,만원-2만원,5,
484,신화장,서울특별시 서대문구 이화여대7길 30,정통 중식 / 일반 중식,만원-2만원,2,
485,스타양고기,서울특별시 마포구 신촌로12다길 29 1F,기타 중식,만원-2만원,3,
486,피슈마라홍탕,서울특별시 서대문구 신촌로 73,기타 중식,만원-2만원,7,
487,메이찬,서울특별시 마포구 백범로1길 12 1-2F,기타 중식,만원-2만원,4,
488,경성양꼬치,서울특별시 서대문구 연세로7안길 5,기타 중식,만원-2만원,8,
489,타오마라탕,서울특별시 서대문구 연세로5나길 6  1F,기타 중식,만원-2만원,3,
490,호복,서울특별시 서대문구 명물길 16  1F,딤섬 / 만두,만원-2만원,2,
491,덕승루,서울특별시 마포구 백범로1길 12,기타 중식,만원-2만원,1,
492,산청자매훠궈,서울특별시 서대문구 이화여대1안길 16 1F,기타 중식,만원-2만원,3,
493,신룽푸마라탕,서울특별시 서대문구 이화여대길 48,기타 중식,만원-2만원,2,
494,풍미각,서울특별시 서대문구 명물길 41,기타 중식,만원-2만원,1,
495,명성양꼬치,서울특별시 서대문구 연세로4길 33 1F 101호,기타 중식,만원-2만원,2,
496,가화만사성,서울특별시 서대문구 연세로5가길 1,정통 중식 / 일반 중식,만원-2만원,2,
497,미도 매운향솥,서울특별시 서대문구 연세로11길 24,기타 중식,2만원-3만원,33,4.0
498,스탠바이키친,서울특별시 서대문구 연대동문길 49,브런치 / 버거 / 샌드위치,만원 미만,50,4.5
499,로드샌드위치,서울특별시 서대문구 연대동문길 45,브런치 / 버거 / 샌드위치,만원 미만,74,4.2
500,프레퍼스다이어트푸드,서울특별시 서대문구 명물길 4 1F,기타 양식,만원 미만,9,4.2
501,포케포케,서울특별시 서대문구 이화여대5길 15,기타 양식,만원 미만,9,4.0
502,TMOON,서울특별시 서대문구 성산로22길 36,이탈리안,만원 미만,11,4.0
503,1987피자,서울특별시 서대문구 연세로11길 26 B1,기타 양식,만원 미만,13,3.9
504,더파니니,서울특별시 서대문구 이화여대길 50-10 1F,브런치 / 버거 / 샌드위치,만원 미만,30,3.8
505,빵사이에낀과일,서울특별시 서대문구 이화여대길 57,브런치 / 버거 / 샌드위치,만원 미만,49,3.8
506,폼프리츠,서울특별시 서대문구 연세로11길 21,브런치 / 버거 / 샌드위치,만원 미만,44,3.8
507,서브웨이,서울특별시 서대문구 이화여대7길 30,브런치 / 버거 / 샌드위치,만원 미만,15,3.8
508,포포나무,서울특별시 서대문구 이화여대8길 2 B1,스테이크 / 바베큐,만원 미만,23,3.7
509,샐러디,서울특별시 서대문구 이화여대길 52 ECC B4 404호,기타 양식,만원 미만,14,3.5
510,뉴욕비앤씨,서울특별시 서대문구 연세로12길 39,브런치 / 버거 / 샌드위치,만원 미만,22,3.3
511,고를샘,서울특별시 서대문구 연세로 50 연세대학교 학생회관 1F,퓨전 양식,만원 미만,8,3.3
512,피자몰,서울특별시 마포구 신촌로 94 그랜드마트,기타 양식,만원 미만,7,3.2
513,이름없는파스타,서울특별시 서대문구 이화여대7길 14,기타 양식,만원 미만,9,3.1
514,샐러디,서울특별시 서대문구 연세로 50 B2,기타 양식,만원 미만,15,2.9
515,시그니처랩,서울특별시 서대문구 신촌로 83 현대백화점 신촌점 식당가 10F,이탈리안,만원 미만,11,2.8
516,롤링파스타,서울특별시 서대문구 명물길 10 2F,기타 양식,만원 미만,8,2.4
517,포원제로,서울특별시 서대문구 신촌로 149 자이엘라 104호,브런치 / 버거 / 샌드위치,만원 미만,6,
518,범이네부엌,서울특별시 서대문구 이화여대길 65-3 1F,기타 양식,만원 미만,2,
519,구씨네부엌,서울특별시 서대문구 신촌로 9,이탈리안,만원 미만,7,
520,낮과밤,서울특별시 서대문구 이화여대길 52-35 1F,기타 양식,만원 미만,5,
521,맥도날드,서울특별시 서대문구 연세로 33,브런치 / 버거 / 샌드위치,만원 미만,4,
522,수퍼바이츠,서울특별시 서대문구 신촌로 107,브런치 / 버거 / 샌드위치,만원 미만,3,
523,투고샐러드,서울특별시 서대문구 연세로12길 30,기타 양식,만원 미만,9,
524,피자보이시나,서울특별시 서대문구 명물길 36-7 2F,기타 양식,만원 미만,5,
525,맘스터치,서울특별시 서대문구 명물길 16,브런치 / 버거 / 샌드위치,만원 미만,3,
526,초식곳간,서울특별시 서대문구 이화여대5길 2 1F,기타 양식,만원 미만,4,
527,카페쥬디앤뉴욕핫도그,서울특별시 서대문구 이화여대2길 10,브런치 / 버거 / 샌드위치,만원 미만,2,
528,미드타운피자,서울특별시 마포구 독막로34길 14,기타 양식,만원 미만,2,
529,띵크샐러,서울특별시 마포구 신촌로 170 이대역푸르지오시티,브런치 / 버거 / 샌드위치,만원 미만,4,
530,수퍼파인,서울특별시 서대문구 신촌역로 17  109호,브런치 / 버거 / 샌드위치,만원 미만,1,
531,굴다리쉐프,서울특별시 서대문구 연세로13길 6,브런치 / 버거 / 샌드위치,만원 미만,4,
532,테이블7,서울특별시 마포구 토정로 226 1F,브런치 / 버거 / 샌드위치,만원 미만,3,
533,노브랜드버거,서울특별시 서대문구 신촌로 73 케이스퀘어 101호,브런치 / 버거 / 샌드위치,만원 미만,2,
534,굿바이 슈가베어,서울특별시 서대문구 이화여대길 72-6 ,기타 양식,만원 미만,1,
535,버거킹,서울특별시 서대문구 연세로 25,브런치 / 버거 / 샌드위치,만원 미만,1,
536,버거리,서울특별시 서대문구 신촌로 87-8 1F,브런치 / 버거 / 샌드위치,만원 미만,2,
537,언니네양식당,서울특별시 서대문구 신촌로 185-2 신촌박스퀘어 2F35호,퓨전 양식,만원 미만,1,
538,2046오리엔탈 그릴,서울특별시 서대문구 신촌로 83 B1,퓨전 양식,만원 미만,2,
539,버거엔쉐이크,서울특별시 서대문구 연세로 50-1 연세대 국제2학사 B2,브런치 / 버거 / 샌드위치,만원 미만,1,
540,88 Street pizza & burger,서울특별시 서대문구 연세로11길 32 ,브런치 / 버거 / 샌드위치,만원 미만,1,
541,KFC,서울특별시 서대문구 신촌로 79,브런치 / 버거 / 샌드위치,만원 미만,1,
542,그린파이브,서울특별시 서대문구 신촌로 83 현대백화점 신촌점 B1,기타 양식,만원 미만,1,
543,원썸버거,서울특별시 서대문구 연세로7안길 32 ,브런치 / 버거 / 샌드위치,만원 미만,1,
544,반서울 (휴업중),서울특별시 서대문구 이화여대길 87 2F,이탈리안,만원-2만원,20,4.3
545,라구식당,서울특별시 서대문구 명물1길 28,기타 양식,만원-2만원,30,4.1
546,보울룸,서울특별시 서대문구 연세로 13 현대백화점 유플렉스 11F,기타 양식,만원-2만원,25,4.1
547,소담식당,서울특별시 서대문구 연세로4길 21,이탈리안,만원-2만원,40,4.0
548,고래파스타,서울특별시 서대문구 연세로7안길 10-3 2F,기타 양식,만원-2만원,28,4.0
549,비아37,서울특별시 서대문구 이화여대길 77-1,이탈리안,만원-2만원,28,3.9
550,리틀쿠바,서울특별시 서대문구 연세로 13 현대백화점 신촌점 신관 신촌푸드앨리 11F,퓨전 양식,만원-2만원,31,3.9
551,칼,서울특별시 서대문구 연세로4길 42-3,퓨전 양식,만원-2만원,20,3.9
552,베어스덴 브런치,서울특별시 서대문구 연희로4길 10 1-2F,브런치 / 버거 / 샌드위치,만원-2만원,23,3.7
553,에그앤드스푼레이스,서울특별시 서대문구 이화여대길 26 이화빌딩,이탈리안,만원-2만원,21,3.4
554,닥터로빈,서울특별시 서대문구 이화여대길 52 이화여자대학교,이탈리안,만원-2만원,25,3.4
555,스떼이끄300,서울특별시 서대문구 명물1길 28,스테이크 / 바베큐,만원-2만원,6,3.4
556,미도인,서울특별시 서대문구 명물길 33 2F,스테이크 / 바베큐,만원-2만원,7,3.3
557,제임스시카고피자,서울특별시 서대문구 연세로11길 12 2F,기타 양식,만원-2만원,6,3.0
558,이석덕생면파스타,서울특별시 서대문구 명물길 16 형제갈비 맞은편 2F,이탈리안,만원-2만원,24,2.5
559,낙원스낵,서울특별시 서대문구 연세로5가길 17,기타 양식,만원-2만원,8,
560,박쉡,서울특별시 마포구 신촌로12길 35,이탈리안,만원-2만원,3,
561,서가앤쿡,서울특별시 서대문구 연세로5가길 8-3,퓨전 양식,만원-2만원,11,
562,마녀주방,서울특별시 서대문구 명물길 21 B1,퓨전 양식,만원-2만원,5,
563,꼬뜨 레스토랑,서울특별시 서대문구 성산로 543,이탈리안,만원-2만원,4,
564,비윰,서울특별시 서대문구 북아현로 100,이탈리안,만원-2만원,3,
565,정각,서울특별시 마포구 백범로20길 28 1F,퓨전 양식,만원-2만원,2,
566,파스타리코,서울특별시 서대문구 신촌역로 23 1F,기타 양식,만원-2만원,3,
567,준스그릴,서울특별시 서대문구 연세로 42-34,이탈리안,만원-2만원,2,
568,미정,서울특별시 서대문구 이화여대길 88-12,퓨전 양식,만원-2만원,1,
569,피자조팩토리,서울특별시 서대문구 연세로9길 8 2F,기타 양식,만원-2만원,1,
570,라나이피자,서울특별시 마포구 서강로9길 30,이탈리안,만원-2만원,1,
571,캐나페,서울특별시 마포구 백범로16길 16 2F,브런치 / 버거 / 샌드위치,만원-2만원,1,
572,나무도마 바이 헤이진,서울특별시 서대문구 연세로5나길 37 1F,기타 양식,만원-2만원,1,
573,이빠네마 그릴,서울특별시 서대문구 연세로4길 6 2F,스테이크 / 바베큐,2만원-3만원,15,3.9
574,식탁,서울특별시 서대문구 성산로 527,이탈리안,2만원-3만원,25,3.5
575,블랙스톤,서울특별시 서대문구 명물길 32,스테이크 / 바베큐,2만원-3만원,7,
576,로프트,서울특별시 서대문구 연대동문길 18 6F,패밀리 레스토랑,2만원-3만원,4,
577,미스터피자,서울특별시 서대문구 이화여대8길 10,이탈리안,2만원-3만원,1,
578,현명식탁,서울특별시 서대문구 명물길 32 준성빌딩 5F,이탈리안,2만원-3만원,1,
579,폴베리,서울특별시 서대문구 연세로 13 현대백화점 신촌점 유플렉스 11F,퓨전 양식,2만원-3만원,1,
580,아웃백스테이크하우스,서울특별시 서대문구 연세로12길 33,스테이크 / 바베큐,3만원-4만원,14,3.2
581,다성일식,서울특별시 서대문구 신촌로11길 6,시푸드 요리,4만원 이상,2,
582,맘맘테이블,서울특별시 서대문구 연세로4길 33,베트남 음식,만원 미만,80,4.3
583,까이식당,서울특별시 서대문구 이화여대2가길 24 1층 1F,다국적 아시아 음식,만원 미만,50,4.3
584,타코로코,서울특별시 서대문구 연세로7안길 37,남미 음식,만원 미만,112,4.2
585,63 프로방스,서울특별시 서대문구 이화여대5길 15,베트남 음식,만원 미만,54,4.1
586,쏘이54,서울특별시 서대문구 이화여대3길 12,태국 음식,만원 미만,33,4.0
587,미분당,서울특별시 서대문구 연세로5길 26-7,베트남 음식,만원 미만,44,3.8
588,히우카우,서울특별시 서대문구 연세로4길 61 1F,태국 음식,만원 미만,18,3.7
589,노란집,서울특별시 서대문구 신촌역로 22 1F,세계음식 기타,만원 미만,14,3.4
590,포히엔,서울특별시 서대문구 이화여대3길 2,베트남 음식,만원 미만,6,
591,KD 케밥하우스,서울특별시 마포구 백범로 19,세계음식 기타,만원 미만,4,
592,푸드엠파이어,서울특별시 서대문구 연세로 50-1 세브란스병원 본관 3F,세계음식 기타,만원 미만,4,
593,타코벨,서울특별시 서대문구 연세로 26-1 1F,남미 음식,만원 미만,5,
594,포베이,서울특별시 서대문구 연세로 27 2F,베트남 음식,만원 미만,7,
595,카우키,서울특별시 서대문구 연세로9길 37 1F 103호,베트남 음식,만원 미만,5,
596,전티마이베트남쌀국수,서울특별시 서대문구 이화여대길 59 메르체쇼핑몰 3F,베트남 음식,만원 미만,5,
597,아이포,서울특별시 서대문구 명물길 49,베트남 음식,만원 미만,1,
598,스카이드림푸드,서울특별시 서대문구 이화여대길 70,다국적 아시아 음식,만원 미만,1,
599,리또리또,서울특별시 서대문구 이화여대길 52-33,남미 음식,만원 미만,1,
600,포보,서울특별시 서대문구 신촌로 83,베트남 음식,만원 미만,1,
601,비아 메렝게,서울특별시 서대문구 명물길 27-18 1F,남미 음식,만원-2만원,101,4.5
602,방콕익스프레스,서울특별시 서대문구 연세로2길 90,태국 음식,만원-2만원,143,4.1
603,아건,서울특별시 서대문구 이화여대길 63 2F,인도 음식,만원-2만원,21,4.0
604,죠티레스토랑,서울특별시 마포구 신촌로20길 6,인도 음식,만원-2만원,65,3.9
605,위샐러듀,서울특별시 서대문구 이화여대길 52-31,세계음식 기타,만원-2만원,25,3.7
606,아마,서울특별시 서대문구 연세로7길 24,인도 음식,만원-2만원,16,3.6
607,머노까머나,서울특별시 서대문구 연세로11길 13,인도 음식,만원-2만원,15,3.2
608,이지인디아,서울특별시 서대문구 연세로 20,인도 음식,만원-2만원,12,3.2
609,예티,서울특별시 서대문구 연세로12길 23 2F,인도 음식,만원-2만원,15,
610,하노이의아침,서울특별시 서대문구 연대동문길 45,베트남 음식,만원-2만원,7,
611,캘리인더볼,서울특별시 서대문구 연희로 32-1,남미 음식,만원-2만원,9,
612,잇타이,서울특별시 서대문구 신촌로 83,태국 음식,만원-2만원,1,
613,커리야,서울특별시 서대문구 이화여대길 52-35 2F,인도 음식,만원-2만원,1,
614,포메인,서울특별시 서대문구 연세로 37 2F,베트남 음식,만원-2만원,1,
615,솔리드웍스,서울특별시 서대문구 이화여대길 88-3,카페 / 디저트,만원 미만,30,4.3
616,티앙팡오후의홍차,서울특별시 서대문구 이화여대길 34 2F,카페 / 디저트,만원 미만,105,4.2
617,만동제과,서울특별시 서대문구 연희로 32,베이커리,만원 미만,20,4.2
618,엔타로커피,서울특별시 서대문구 명물길 37,카페 / 디저트,만원 미만,5,4.2
619,야채를담다 ,서울특별시 서대문구 신촌역로 22-5 2F 51호,카페 / 디저트,만원 미만,16,4.1
620,파이홀,서울특별시 서대문구 연세로5나길 20 1F,카페 / 디저트,만원 미만,10,4.0
621,그릭데이,서울특별시 서대문구 신촌역로 22-8 대국빌딩 1F,카페 / 디저트,만원 미만,140,4.0
622,호밀밭,서울특별시 서대문구 신촌역로 43,카페 / 디저트,만원 미만,135,4.0
623,독수리다방,서울특별시 서대문구 연세로 36 독수리빌딩 8F,카페 / 디저트,만원 미만,98,4.0
624,마더린러베이글,서울특별시 서대문구 이화여대5길 5 1F,카페 / 디저트,만원 미만,20,4.0
625,비밀,서울특별시 서대문구 이화여대7길 48,베이커리,만원 미만,59,4.0
626,댓커피로스터스,서울특별시 마포구 백범로1길 60 1F,카페 / 디저트,만원 미만,12,4.0
627,라이프커피컴퍼니,서울특별시 서대문구 이화여대7길 14 1F,카페 / 디저트,만원 미만,23,4.0
628,내사랑,서울특별시 서대문구 이화여대2길 37,카페 / 디저트,만원 미만,13,4.0
629,파티오,서울특별시 서대문구 연세로5다길 28,카페 / 디저트,만원 미만,19,4.0
630,클로리스,서울특별시 서대문구 연세로4길 38,카페 / 디저트,만원 미만,112,3.9
631,와플잇업,서울특별시 서대문구 이화여대3길 42-19,카페 / 디저트,만원 미만,123,3.9
632,헌치브라운,서울특별시 서대문구 명물길 29-8,카페 / 디저트,만원 미만,65,3.9
633,초코블로썸,서울특별시 서대문구 명물길 50-4,카페 / 디저트,만원 미만,78,3.9
634,원즈오운베이커리,서울특별시 서대문구 이화여대길 20,베이커리,만원 미만,11,3.9
635,벨라프라하,서울특별시 서대문구 이화여대길 77,카페 / 디저트,만원 미만,31,3.9
636,벤치 커피 스튜디오,서울특별시 서대문구 연세로2마길 14 2F,카페 / 디저트,만원 미만,11,3.9
637,써밋컬쳐,서울특별시 마포구 신촌로14안길 11,카페 / 디저트,만원 미만,22,3.9
638,파파브레드,서울특별시 서대문구 북아현로2안길 6,베이커리,만원 미만,15,3.9
639,문베어,서울특별시 서대문구 명물길 66 1F,카페 / 디저트,만원 미만,24,3.9
640,원앤온리커피,서울특별시 서대문구 이화여대7길 31-4,카페 / 디저트,만원 미만,13,3.9
641,스튜디오웝,서울특별시 서대문구 성산로 539,카페 / 디저트,만원 미만,10,3.9
642,청키파이,서울특별시 서대문구 신촌역로 25-2 박스퀘어 2F,카페 / 디저트,만원 미만,11,3.9
643,에이테이블,서울특별시 서대문구 북아현로24길 8 1F,카페 / 디저트,만원 미만,14,3.9
644,신촌로스팅라이브러리,서울특별시 서대문구 연세로 13 현대백화점 신촌점 유플렉스 12F,카페 / 디저트,만원 미만,6,3.9
645,카페페라,서울특별시 서대문구 이화여대8길 2,베이커리,만원 미만,77,3.8
646,오르랔베이커리,서울특별시 서대문구 신촌로 241 2F,베이커리,만원 미만,21,3.8
647,마이시크릿메이트샤리마,서울특별시 서대문구 연세로4길 47,카페 / 디저트,만원 미만,12,3.8
648,머스타드,서울특별시 마포구 숭문16길 4,카페 / 디저트,만원 미만,12,3.8
649,유원섬커피,서울특별시 서대문구 연세로 42-24 2F,카페 / 디저트,만원 미만,12,3.8
650,경성팥집옥루몽,서울특별시 서대문구 연대동문길 18,카페 / 디저트,만원 미만,27,3.8
651,카페티아라,서울특별시 서대문구 성산로 553 동문빌딩 2F,카페 / 디저트,만원 미만,11,3.8
652,빅파운드커피,서울특별시 서대문구 이화여대2가길 24,카페 / 디저트,만원 미만,13,3.8
653,봉쥬르마카롱,서울특별시 마포구 광성로 31,카페 / 디저트,만원 미만,8,3.8
654,논탄토,서울특별시 서대문구 신촌로 87-4 ,카페 / 디저트,만원 미만,6,3.8
655,헤비사이드,서울특별시 서대문구 북아현로26길 31-6,카페 / 디저트,만원 미만,5,3.8
656,더브레드블루,서울특별시 마포구 신촌로12다길 3 1F,베이커리,만원 미만,10,3.7
657,카페콩,서울특별시 서대문구 연세로4길 24,카페 / 디저트,만원 미만,11,3.7
658,카페코지,서울특별시 서대문구 이화여대길 88-19,카페 / 디저트,만원 미만,25,3.7
659,에어플레인모드,서울특별시 서대문구 연세로4길 36,카페 / 디저트,만원 미만,10,3.7
660,에이투지카페,서울특별시 서대문구 연세로4길 29,카페 / 디저트,만원 미만,47,3.6
661,베러댄와플,서울특별시 서대문구 이화여대7길 35,카페 / 디저트,만원 미만,42,3.6
662,키친봄날,서울특별시 서대문구 신촌로11길 62,카페 / 디저트,만원 미만,18,3.6
663,셀리스 도넛,서울특별시 서대문구 연세로7안길 1,카페 / 디저트,만원 미만,11,3.6
664,와플덴,서울특별시 서대문구 이화여대길 58,카페 / 디저트,만원 미만,10,3.6
665,플릭온커피,서울특별시 서대문구 연세로4길 40,카페 / 디저트,만원 미만,10,3.6
666,파스텔드나따,서울특별시 서대문구 이화여대8길 2,카페 / 디저트,만원 미만,11,3.6
667,루아르커피바,서울특별시 마포구 독막로34길 32 1F,카페 / 디저트,만원 미만,6,3.6
668,카페카페,서울특별시 서대문구 연세로12길 19,카페 / 디저트,만원 미만,33,3.5
669,미네르바,서울특별시 서대문구 명물길 18 2F,카페 / 디저트,만원 미만,30,3.5
670,밀랑스,서울특별시 마포구 대흥로28길 5,카페 / 디저트,만원 미만,14,3.5
671,고르드,서울특별시 서대문구 명물길 42 우성빌딩,베이커리,만원 미만,79,3.4
672,꽃피다이화다방,서울특별시 서대문구 이화여대길 75 8F,카페 / 디저트,만원 미만,24,3.4
673,라본느타르트,서울특별시 서대문구 성산로 543,카페 / 디저트,만원 미만,15,3.4
674,포티드,서울특별시 서대문구 명물길 36-3 1F,카페 / 디저트,만원 미만,11,3.4
675,앨리스,서울특별시 서대문구 이화여대길 52-31 1F,카페 / 디저트,만원 미만,7,3.4
676,몰리스,서울특별시 서대문구 연세로5다길 22-7,카페 / 디저트,만원 미만,31,3.3
677,이화당제과,서울특별시 서대문구 성산로 521,베이커리,만원 미만,5,3.3
678,위숨,서울특별시 서대문구 연세로9길 34-1,카페 / 디저트,만원 미만,9,3.3
679,나뚜루,서울특별시 서대문구 신촌로 87,카페 / 디저트,만원 미만,13,3.3
680,마호가니,서울특별시 서대문구 연세로 50 제4공학관 1F,카페 / 디저트,만원 미만,6,3.3
681,여우사이,서울특별시 서대문구 연세로5다길 5,카페 / 디저트,만원 미만,20,3.2
682,스타벅스,서울특별시 서대문구 이화여대길 34 신흥빌딩,카페 / 디저트,만원 미만,14,3.0
683,설빙,서울특별시 서대문구 연세로 19,카페 / 디저트,만원 미만,22,2.8
684,알레스카페,서울특별시 마포구 백범로1길 16,카페 / 디저트,만원 미만,6,
685,두올두낫,서울특별시 성동구 성덕정길 179 1F,카페 / 디저트,만원 미만,2,
686,북카페 파오,서울특별시 서대문구 이화여대길 34 신흥빌딩 3F,카페 / 디저트,만원 미만,4,
687,가례원,서울특별시 서대문구 연세로5다길 12,카페 / 디저트,만원 미만,3,
688,헬로케이크,서울특별시 서대문구 이화여대3길 6,카페 / 디저트,만원 미만,5,
689,베가니끄,서울특별시 서대문구 이화여대길 52-35,베이커리,만원 미만,3,
690,마리웨일237,서울특별시 서대문구 신촌로 129,카페 / 디저트,만원 미만,9,
691,메이크베이크,서울특별시 서대문구 북아현로1가길 20 이편한세상신촌 1단지상가 101엠동 101호,카페 / 디저트,만원 미만,2,
692,케이브커피,서울특별시 서대문구 신촌역로 16 103-1호,카페 / 디저트,만원 미만,2,
693,Drawing coffee house,서울특별시 서대문구 이화여대길 37,카페 / 디저트,만원 미만,3,
694,커피쏭,서울특별시 마포구 신촌로20길 6 상가 1F,카페 / 디저트,만원 미만,1,
695,고양이다락방,서울특별시 서대문구 연세로 25-1,카페 / 디저트,만원 미만,2,
696,나띵벗커피,서울특별시 서대문구 신촌역로 20,카페 / 디저트,만원 미만,7,
697,커피107,서울특별시 서대문구 북아현로 107,카페 / 디저트,만원 미만,2,
698,포엠,서울특별시 서대문구 연세로 25,카페 / 디저트,만원 미만,5,
699,마들젠,서울특별시 마포구 신촌로20길 34,베이커리,만원 미만,2,
700,카페페라유니크,서울특별시 서대문구 이화여대길 52-45,카페 / 디저트,만원 미만,2,
701,스텔라커피,서울특별시 마포구 신촌로 160,카페 / 디저트,만원 미만,1,
702,스타벅스,서울특별시 서대문구 명물길 24,카페 / 디저트,만원 미만,6,
703,빈스빈스,서울특별시 서대문구 이화여대7길 8 2F,카페 / 디저트,만원 미만,2,
704,카페바람 ,서울특별시 서대문구 연세로2나길 57 신촌문화발전소 3F,카페 / 디저트,만원 미만,5,
705,나무카페,서울특별시 서대문구 명물길 2,카페 / 디저트,만원 미만,5,
706,마침내카페.크로와플,서울특별시 마포구 백범로 66,카페 / 디저트,만원 미만,4,
707,라플,서울특별시 서대문구 신촌역로 39,카페 / 디저트,만원 미만,2,
708,베브릿지,서울특별시 마포구 백범로 19 1F,카페 / 디저트,만원 미만,1,
709,모음,서울특별시 서대문구 신촌역로 11  1-2F,카페 / 디저트,만원 미만,2,
710,바나프레소,서울특별시 서대문구 명물길 14 ,카페 / 디저트,만원 미만,1,
711,백미당,서울특별시 서대문구 신촌로 83 현대백화점 신촌점 B1,카페 / 디저트,만원 미만,6,
712,서울두부,서울특별시 서대문구 연희로4길 10,베이커리,만원 미만,3,
713,보데이셔스,서울특별시 서대문구 북아현로 105,카페 / 디저트,만원 미만,3,
714,보울비,서울특별시 서대문구 이화여대7길 15 ,카페 / 디저트,만원 미만,2,
715,투썸플레이스,서울특별시 서대문구 연세로 1,카페 / 디저트,만원 미만,6,
716,차미리,서울특별시 서대문구 연세로 26 1F,카페 / 디저트,만원 미만,4,
717,앤티앤스프레즐,서울특별시 서대문구 이화여대길 48,카페 / 디저트,만원 미만,7,
718,랑데자뷰,서울특별시 서대문구 연세로 13 유플렉스 2F,카페 / 디저트,만원 미만,4,
719,배스킨라빈스,서울특별시 서대문구 연세로 29-1,카페 / 디저트,만원 미만,2,
720,롱커피,서울특별시 서대문구 이화여대길 22,카페 / 디저트,만원 미만,3,
721,투썸플레이스,서울특별시 서대문구 이화여대길 7 월성빌딩 2F,카페 / 디저트,만원 미만,3,
722,낙랑파라,서울특별시 서대문구 신촌로31길 20,카페 / 디저트,만원 미만,3,
723,에스따떼젤라또,서울특별시 서대문구 북아현로1길 50 상가1동 105호,카페 / 디저트,만원 미만,1,
724,카페문,서울특별시 서대문구 이화여대2가길 10,카페 / 디저트,만원 미만,6,
725,카페헐리우드,서울특별시 서대문구 봉원사길 6,카페 / 디저트,만원 미만,5,
726,비를긋다,서울특별시 서대문구 북아현로11가길 18 1F,카페 / 디저트,만원 미만,2,
727,디저트바이브흐,서울특별시 서대문구 연세로2길 89-5 박스퀘어 2F 45호,카페 / 디저트,만원 미만,3,
728,라플로레종,서울특별시 서대문구 연세로12길 37-3 2F,카페 / 디저트,만원 미만,1,
729,신촌브루스,서울특별시 서대문구 신촌로 87-4 B동 4F,카페 / 디저트,만원 미만,2,
730,탈리,서울특별시 서대문구 연세로5나길 30-6 1-2F,카페 / 디저트,만원 미만,2,
731,젠젠,서울특별시 서대문구 신촌로 83  현대백화점 신촌점 10F,카페 / 디저트,만원 미만,1,
732,서울호떡,서울특별시 마포구 신촌로 122,카페 / 디저트,만원 미만,1,
733,도덕과규범,서울특별시 마포구 독막로28길 34,카페 / 디저트,만원 미만,1,
734,모어딥도넛,서울특별시 서대문구 신촌로 83,카페 / 디저트,만원 미만,1,
735,선셋블러바드,서울특별시 서대문구 연세로 32 1-4F,카페 / 디저트,만원 미만,1,
736,커피스미스,서울특별시 서대문구 연세로 22,카페 / 디저트,만원 미만,4,
737,공차,서울특별시 서대문구 연세로 50-1 신촌세브란스 암병원 B1,카페 / 디저트,만원 미만,3,
738,베이직커피,서울특별시 서대문구 신촌로29길 14,카페 / 디저트,만원 미만,4,
739,커피빈,서울특별시 서대문구 연세로 8-1,카페 / 디저트,만원 미만,2,
740,파리크라상,서울특별시 서대문구 연세로 50-1 연세암병원 B1,베이커리,만원 미만,2,
741,운이좋은아이,서울특별시 서대문구 이화여대길 88-19 1F 3호,카페 / 디저트,만원 미만,3,
742,하우스라운지,서울특별시 서대문구 연세로7길 32 B1,카페 / 디저트,만원 미만,2,
743,띵크커피,서울특별시 서대문구 신촌로 83 현대백화점 신촌점 4F,카페 / 디저트,만원 미만,2,
744,엠아이스위트,서울특별시 서대문구 명물길 66 1F,카페 / 디저트,만원 미만,2,
745,멜로워신촌더인피닛,서울특별시 서대문구 연세로 13 B2,카페 / 디저트,만원 미만,2,
746,카페이즈니,서울특별시 서대문구 이화여대2가길 24 1F,카페 / 디저트,만원 미만,2,
747,원오브디,서울특별시 서대문구 신촌로 57,카페 / 디저트,만원 미만,2,
748,커피볶는집 시다모,서울특별시 마포구 토정로 222 한국출판협동조합 1F,카페 / 디저트,만원 미만,2,
749,커피더맨,서울특별시 서대문구 북아현로25길 10,카페 / 디저트,만원 미만,1,
750,소저너,서울특별시 마포구 독막로 237 1F,카페 / 디저트,만원 미만,1,
751,우드문,서울특별시 서대문구 연세로11길 20 2F,카페 / 디저트,만원 미만,1,
752,버블티킹,서울특별시 서대문구 명물길 19,카페 / 디저트,만원 미만,2,
753,도나파스텔,서울특별시 서대문구 신촌역로 16,카페 / 디저트,만원 미만,2,
754,스타벅스,서울특별시 서대문구 연세로 35,카페 / 디저트,만원 미만,3,
755,콜린스커피,서울특별시 마포구 신촌로12가길 18 1F,카페 / 디저트,만원 미만,1,
756,바나프레소,서울특별시 서대문구 이화여대길 33,카페 / 디저트,만원 미만,1,
757,천상가옥,서울특별시 서대문구 연세로 13 4F,카페 / 디저트,만원 미만,1,
758,흑화당,서울특별시 서대문구 이화여대길 1,카페 / 디저트,만원 미만,1,
759,모도크로플,서울특별시 서대문구 이화여대7길 31  1F,카페 / 디저트,만원 미만,1,
760,마이헬싱키카페,서울특별시 서대문구 신촌로 203 핀란드타워 1F,카페 / 디저트,만원 미만,3,
761,스타벅스,서울특별시 서대문구 신촌로 121 아남오피스텔,카페 / 디저트,만원 미만,3,
762,레이첼티카페,서울특별시 서대문구 북아현로1길 50 푸르지오 상가2동 1F 206호,카페 / 디저트,만원 미만,1,
763,카페앰핑,서울특별시 마포구 신촌로20길 23,카페 / 디저트,만원 미만,2,
764,터치카페,서울특별시 서대문구 이화여대7길 35 1F,카페 / 디저트,만원 미만,1,
765,커피도가 헤리티지,서울특별시 서대문구 이화여대5길 9 102호,카페 / 디저트,만원 미만,1,
766,놀숲,서울특별시 서대문구 이화여대길 75 이화타워 6F,카페 / 디저트,만원 미만,1,
767,공차,서울특별시 서대문구 신촌로 83 현대백화점 B1,카페 / 디저트,만원 미만,7,
768,아마스빈버블티,서울특별시 서대문구 이화여대7길 11,카페 / 디저트,만원 미만,4,
769,팔공티,서울특별시 서대문구 이화여대길 48,카페 / 디저트,만원 미만,2,
770,LIFE Above All,서울특별시 마포구 독막로 223-1 1F,카페 / 디저트,만원 미만,3,
771,베즐리,서울특별시 서대문구 신촌로 83 현대백화점 신촌점 B1,베이커리,만원 미만,2,
772,더착한커피,서울특별시 서대문구 이화여대1안길 3,카페 / 디저트,만원 미만,1,
773,카페빌라드그릭,서울특별시 서대문구 연세로11길 28 2F,카페 / 디저트,만원 미만,2,
774,카페안온,서울특별시 마포구 고산길 19 1F,카페 / 디저트,만원 미만,2,
775,파티션WSC,서울특별시 서대문구 이화여대길 88-9 2F,카페 / 디저트,만원 미만,1,
776,파란상자,서울특별시 서대문구 이화여대길 72-4,카페 / 디저트,만원 미만,1,
777,카페아늑,서울특별시 서대문구 이화여대7길 27-4,카페 / 디저트,만원 미만,1,
778,히브루스,서울특별시 마포구 신촌로20길 19,카페 / 디저트,만원 미만,1,
779,탑샌드위치,서울특별시 마포구 마포대로19길 33,카페 / 디저트,만원 미만,1,
780,리버트리커피,서울특별시 서대문구 신촌로 141,카페 / 디저트,만원 미만,1,
781,카페인중독,서울특별시 마포구 신촌로 140 1F,카페 / 디저트,만원 미만,1,
782,카페살리다,서울특별시 마포구 신촌로12다길 8,카페 / 디저트,만원 미만,1,
783,라오상하이,서울특별시 서대문구 연세로12길 27 2F,카페 / 디저트,만원 미만,3,
784,스타벅스,서울특별시 서대문구 성산로 565,카페 / 디저트,만원 미만,4,
785,커피크레페,서울특별시 서대문구 신촌로 87-8 금은동빌딩,카페 / 디저트,만원 미만,3,
786,커피빈,서울특별시 서대문구 성산로 515 B동 1-2F,카페 / 디저트,만원 미만,3,
787,코피발리,서울특별시 서대문구 봉원사길 8,카페 / 디저트,만원 미만,1,
788,이디야커피,서울특별시 서대문구 연세로12길 10 1F,카페 / 디저트,만원 미만,1,
789,에프터눈티,서울특별시 서대문구 연세로7길 32 2F,카페 / 디저트,만원 미만,1,
790,카페프루티,서울특별시 서대문구 연세로12길 22 2F,카페 / 디저트,만원 미만,1,
791,챱챱제과,서울특별시 서대문구 북아현로11가길 48,카페 / 디저트,만원 미만,1,
792,베브릿지,서울특별시 서대문구 이화여대길 37 1F,카페 / 디저트,만원 미만,1,
793,지파시,서울특별시 서대문구 연세로 50 연세암병원 B1,카페 / 디저트,만원 미만,1,
794,엔니드커피,서울특별시 마포구 고산길 13,카페 / 디저트,만원 미만,1,
795,사람정거장,서울특별시 서대문구 북아현로 65-1 1F,카페 / 디저트,만원 미만,1,
796,데스툴,서울특별시 서대문구 연희로25길 98,카페 / 디저트,만원 미만,1,
797,스매그커피,서울특별시 마포구 서강로 138,카페 / 디저트,만원 미만,1,
798,스크립트,서울특별시 서대문구 연희로 34 2F,카페 / 디저트,만원-2만원,4,
799,뉴오리진,서울특별시 서대문구 신촌로 83 현대백화점 B2,카페 / 디저트,만원-2만원,2,
800,섬,서울특별시 서대문구 성산로 553,카페 / 디저트,만원-2만원,1,
801,리히트케이크,서울특별시 서대문구 연희로4길 10,카페 / 디저트,2만원-3만원,54,3.9
802,클라인빈,서울특별시 서대문구 연세로4길 30 1F,카페 / 디저트,2만원-3만원,2,
803,네이버후드,서울특별시 서대문구 연세로7안길 41,치킨 / 호프 / 펍,만원 미만,39,3.9
804,파가니니,서울특별시 서대문구 이화여대길 63 6F,칵테일 / 와인,만원 미만,19,3.9
805,씽킹인사이드더박스,서울특별시 서대문구 연세로12길 20 현석빌딩 B1,칵테일 / 와인,만원 미만,40,3.8
806,투비위드유,서울특별시 서대문구 연세로9길 17 B1,치킨 / 호프 / 펍,만원 미만,4,
807,아워즈,서울특별시 서대문구 신촌로11길 35-7,칵테일 / 와인,만원 미만,4,
808,언플러그드,서울특별시 서대문구 연세로 13 현대백화점 신촌점 신관 신촌푸드앨리 11F,칵테일 / 와인,만원 미만,3,
809,크라운호프,서울특별시 서대문구 연세로7길 17 1F,치킨 / 호프 / 펍,만원 미만,2,
810,매거진스탠딩바,서울특별시 서대문구 연세로7길 34-6 1-2F,일반 주점,만원 미만,5,
811,단술,서울특별시 서대문구 연세로7길 17,전통 주점 / 포차,만원 미만,1,
812,오늘와인한잔,서울특별시 서대문구 연세로5나길 8,칵테일 / 와인,만원 미만,3,
813,브롱스,서울특별시 서대문구 연세로9길 24 1F,치킨 / 호프 / 펍,만원 미만,3,
814,소버바이데일리샷,서울특별시 서대문구 신촌역로 22 신촌 박스퀘어 2F,치킨 / 호프 / 펍,만원 미만,2,
815,리춘시장,서울특별시 서대문구 연세로9길 10-4 1F,일반 주점,만원 미만,1,
816,라이프롱드림 코지라운지,서울특별시 서대문구 연세로7길 21 B1,칵테일 / 와인,만원 미만,1,
817,꽁술,서울특별시 서대문구 연세로11길 27 B1,일반 주점,만원 미만,1,
818,유물,서울특별시 서대문구 연세로4길 46 2F,일반 주점,만원 미만,1,
819,공원속에주점,서울특별시 마포구 백범로16안길 17,전통 주점 / 포차,만원 미만,1,
820,람블루,서울특별시 서대문구 연세로11길 12 B1,칵테일 / 와인,만원 미만,1,
821,포차스미스,서울특별시 서대문구 연세로7안길 13,전통 주점 / 포차,만원 미만,1,
822,아름다운시절,서울특별시 서대문구 연세로7안길 28-3,일반 주점,만원 미만,1,
823,바코드,서울특별시 서대문구 연세로9길 26,칵테일 / 와인,만원-2만원,22,4.3
824,피망과토마토,서울특별시 서대문구 명물길 27-21 6F,치킨 / 호프 / 펍,만원-2만원,15,4.1
825,로실링,서울특별시 서대문구 연세로4길 26,치킨 / 호프 / 펍,만원-2만원,24,4.1
826,너스레,서울특별시 서대문구 이화여대3길 45 2F,일반 주점,만원-2만원,14,4.1
827,딴따라독두공방,서울특별시 서대문구 연세로7안길 29 B1,일반 주점,만원-2만원,15,4.1
828,웨어아위,서울특별시 서대문구 연세로11길 24 2F,칵테일 / 와인,만원-2만원,15,4.0
829,녹스 진토닉바,서울특별시 서대문구 연세로9길 29 진토닉 간판 2F,칵테일 / 와인,만원-2만원,23,3.9
830,Mr Lee,서울특별시 서대문구 연세로7안길 41 B1,칵테일 / 와인,만원-2만원,7,3.9
831,아무,서울특별시 서대문구 연세로11길 21,칵테일 / 와인,만원-2만원,13,3.8
832,Village Brewery,서울특별시 서대문구 연세로11길 34,치킨 / 호프 / 펍,만원-2만원,9,3.7
833,포석정,서울특별시 서대문구 연세로11길 25,전통 주점 / 포차,만원-2만원,22,3.6
834,민속주점연대포,서울특별시 서대문구 연세로7길 26,전통 주점 / 포차,만원-2만원,19,3.6
835,술익는마을,서울특별시 서대문구 연세로7길 22,전통 주점 / 포차,만원-2만원,10,3.6
836,금별맥주,서울특별시 서대문구 연세로11길 14,일반 주점,만원-2만원,17,3.6
837,향꽃,서울특별시 서대문구 연세로7안길 39,전통 주점 / 포차,만원-2만원,10,3.6
838,토리호람,서울특별시 서대문구 연세로9길 32,일반 주점,만원-2만원,10,3.3
839,역전할머니맥주,서울특별시 서대문구 연세로7길 25,치킨 / 호프 / 펍,만원-2만원,15,2.9
840,조커이즈,서울특별시 서대문구 연세로7안길 50 B1,칵테일 / 와인,만원-2만원,5,
841,한신포차,서울특별시 서대문구 연세로7안길 10-4 1F,전통 주점 / 포차,만원-2만원,7,
842,앤티도트,서울특별시 마포구 백범로16길 16 2F,칵테일 / 와인,만원-2만원,4,
843,이쪽이야,서울특별시 서대문구 신촌로11길 12,전통 주점 / 포차,만원-2만원,1,
844,루프탑캠핑,서울특별시 서대문구 신촌역로 22-5 박스퀘어 3F,치킨 / 호프 / 펍,만원-2만원,5,
845,코다차야,서울특별시 서대문구 명물길 32,일반 주점,만원-2만원,7,
846,코지라운지,서울특별시 서대문구 연세로7안길 10-5 2F,칵테일 / 와인,만원-2만원,4,
847,가막새,서울특별시 서대문구 연세로7안길 54,전통 주점 / 포차,만원-2만원,6,
848,바 코디얼,서울특별시 서대문구 연세로7길 26 B1,칵테일 / 와인,만원-2만원,6,
849,판자집,서울특별시 서대문구 연세로2길 29,일반 주점,만원-2만원,2,
850,한씨네대포,서울특별시 서대문구 연세로11길 21,일반 주점,만원-2만원,5,
851,시바펍앤북스,서울특별시 서대문구 연세로 42-24,일반 주점,만원-2만원,3,
852,라운지이스케이프,서울특별시 서대문구 연세로5가길 16,치킨 / 호프 / 펍,만원-2만원,1,
853,송학,서울특별시 서대문구 연세로9길 20,전통 주점 / 포차,만원-2만원,6,
854,맥주바다,서울특별시 서대문구 연세로7길 14,일반 주점,만원-2만원,4,
855,우리들의공간,서울특별시 서대문구 연세로2길 101-10,전통 주점 / 포차,만원-2만원,3,
856,포차천국,서울특별시 서대문구 연세로7안길 19 1F,전통 주점 / 포차,만원-2만원,2,
857,멜론콜리,서울특별시 서대문구 연세로5가길 25,치킨 / 호프 / 펍,만원-2만원,1,
858,돌아온김삿갓,서울특별시 서대문구 연세로7안길 4,일반 주점,만원-2만원,6,
859,막걸리싸롱,서울특별시 서대문구 연세로11길 10,전통 주점 / 포차,만원-2만원,6,
860,대전해장국,서울특별시 마포구 고산7길 25,일반 주점,만원-2만원,4,
861,비틀즈,서울특별시 서대문구 연세로7길 34-6 B1,칵테일 / 와인,만원-2만원,6,
862,꼼보포차,서울특별시 서대문구 연세로7안길 17,일반 주점,만원-2만원,2,
863,단골손님,서울특별시 서대문구 연세로7길 20 2F,일반 주점,만원-2만원,1,
864,오렌지룸,서울특별시 서대문구 명물길 37,일반 주점,만원-2만원,1,
865,스무스,서울특별시 서대문구 연세로7안길 20 석원빌딩,칵테일 / 와인,만원-2만원,2,
866,시나위,서울특별시 서대문구 이화여대7길 22,칵테일 / 와인,만원-2만원,1,
867,생활맥주,서울특별시 서대문구 연세로7길 15,치킨 / 호프 / 펍,만원-2만원,5,
868,달팽이,서울특별시 서대문구 연세로7안길 37 2F,치킨 / 호프 / 펍,만원-2만원,3,
869,할리비어,서울특별시 서대문구 연세로7안길 10-1,치킨 / 호프 / 펍,만원-2만원,3,
870,청년포차,서울특별시 서대문구 연세로9길 34-4 1F,전통 주점 / 포차,만원-2만원,2,
871,바프로,서울특별시 서대문구 연세로7안길 10-7 3F,칵테일 / 와인,만원-2만원,2,
872,신촌 맥주어때,서울특별시 서대문구 연세로5가길 29 2F,치킨 / 호프 / 펍,만원-2만원,1,
873,코젤다크하우스,서울특별시 서대문구 연세로7안길 10-5,치킨 / 호프 / 펍,만원-2만원,1,
874,스위그뱅,서울특별시 마포구 백범로16안길 21 ,칵테일 / 와인,만원-2만원,1,
875,다모토리,서울특별시 서대문구 연세로7안길 22,칵테일 / 와인,만원-2만원,4,
876,샘터오도막걸리,서울특별시 서대문구 연세로7안길 37 1F,전통 주점 / 포차,만원-2만원,3,
877,맥소이,서울특별시 서대문구 연세로5가길 19,치킨 / 호프 / 펍,만원-2만원,4,
878,우드스탁,서울특별시 서대문구 연세로7길 28-8,일반 주점,만원-2만원,3,
879,똥꼬하우스,서울특별시 서대문구 신촌역로 17 1F,치킨 / 호프 / 펍,만원-2만원,1,
880,매거진,서울특별시 서대문구 연세로7안길 34-4,칵테일 / 와인,만원-2만원,3,
881,청담동포장마차,서울특별시 서대문구 연세로4길 25,전통 주점 / 포차,만원-2만원,2,
882,Boma,서울특별시 서대문구 연세로7안길 31 B1,칵테일 / 와인,만원-2만원,2,
883,살롱드느루,서울특별시 서대문구 신촌로 61-6 별관 1F,칵테일 / 와인,만원-2만원,1,
884,프라이빗,서울특별시 서대문구 연세로9길 10-1 2F,일반 주점,만원-2만원,1,
885,Day1,서울특별시 서대문구 연세로7안길 29 2F,칵테일 / 와인,만원-2만원,1,
886,신촌장미여관,서울특별시 서대문구 연세로5가길 3 1F,일반 주점,만원-2만원,4,
887,자연담은치킨호프,서울특별시 서대문구 연세로7길 14,치킨 / 호프 / 펍,만원-2만원,5,
888,혁이다방,서울특별시 서대문구 연희로 20,치킨 / 호프 / 펍,만원-2만원,3,
889,명품퓨전치킨광장윙위니,서울특별시 서대문구 연세로5가길 11,치킨 / 호프 / 펍,만원-2만원,1,
890,감술선생,서울특별시 서대문구 연세로9길 10-1 2F,일반 주점,만원-2만원,1,
891,되새김 펍,서울특별시 서대문구 연세로7안길 18 3F,치킨 / 호프 / 펍,만원-2만원,1,
892,보스,서울특별시 서대문구 연세로7길 25 2F,일반 주점,만원-2만원,2,
893,쌀통에퐁닭,서울특별시 마포구 백범로 8 우정오피스텔상가 1F,일반 주점,만원-2만원,2,
894,신촌1943,서울특별시 서대문구 연세로7길 25,일반 주점,만원-2만원,1,
895,포토제닉,서울특별시 서대문구 연세로5가길 30,일반 주점,만원-2만원,2,
896,나들목,서울특별시 마포구 신촌로14길 9,치킨 / 호프 / 펍,만원-2만원,1,
897,메시에,서울특별시 서대문구 연세로11길 32,치킨 / 호프 / 펍,만원-2만원,1,
898,아무술집,서울특별시 서대문구 연세로7길 21 1F,일반 주점,만원-2만원,1,
899,구르미네,서울특별시 서대문구 연세로7안길 25 1F,일반 주점,만원-2만원,1,
900,신신포차,서울특별시 서대문구 연세로7안길 7,전통 주점 / 포차,만원-2만원,1,
901,다모토리4,서울특별시 서대문구 연세로7안길 30 1F,치킨 / 호프 / 펍,만원-2만원,4,
902,불량포차,서울특별시 서대문구 연세로7길 18,일반 주점,만원-2만원,2,
903,1970새마을포차,서울특별시 서대문구 연세로5가길 8-3 2F,전통 주점 / 포차,만원-2만원,1,
904,두꺼비로멘스,서울특별시 서대문구 연세로7안길 20  1F,일반 주점,만원-2만원,1,
905,젊음의행진,서울특별시 서대문구 연세로9길 29,전통 주점 / 포차,만원-2만원,1,
906,블루버드,서울특별시 서대문구 연세로7안길 30 2F,일반 주점,만원-2만원,1,
907,대박포차시대,서울특별시 서대문구 연세로7안길 43,전통 주점 / 포차,만원-2만원,1,
908,뉴타운,서울특별시 서대문구 연세로12길 27,치킨 / 호프 / 펍,2만원-3만원,33,4.3
909,서른즈음에,서울특별시 서대문구 연세로7안길 35,일반 주점,2만원-3만원,16,3.9
910,거품9,서울특별시 서대문구 연세로7안길 42 2F,칵테일 / 와인,2만원-3만원,2,
911,오디너리재즈클럽,서울특별시 서대문구 연세로4길 40 1F,칵테일 / 와인,2만원-3만원,3,
912,이놀로지,서울특별시 마포구 대흥로 80-15  B1,칵테일 / 와인,2만원-3만원,2,
913,"찬수씨, 싼술을부탁해",서울특별시 서대문구 연세로9길 37 2F,치킨 / 호프 / 펍,2만원-3만원,2,
914,치즈문,서울특별시 서대문구 이화여대길 88-13 1F,칵테일 / 와인,2만원-3만원,1,
915,더블유루프탑,서울특별시 서대문구 성산로 519 6F,칵테일 / 와인,2만원-3만원,1,
916,바틸트,서울특별시 서대문구 연세로11길 27 2F,칵테일 / 와인,4만원 이상,8,4.2
